# Blender 5.0.1
# www.blender.org
mtllib a.mtl
o cake
v 50.000000 0.000000 100.000000
v 50.000000 0.000000 75.000000
v 75.000000 0.000000 50.000000
v 75.000000 0.000000 75.000000
v -100.000000 27.468555 0.000000
v 0.000000 27.468555 100.000000
v 100.000000 27.468555 0.000000
v 0.000000 27.468555 -100.000000
v 0.000000 27.468555 0.000000
v -100.000000 27.468555 50.000000
v 50.000000 27.468555 100.000000
v 100.000000 27.468555 -50.000000
v -50.000000 27.468555 -100.000000
v -100.000000 27.468555 -50.000000
v -50.000000 27.468555 100.000000
v 100.000000 27.468555 50.000000
v 50.000000 27.468555 -100.000000
v 0.000000 27.468555 -50.000000
v 0.000000 27.468555 50.000000
v -50.000000 27.468555 0.000000
v 50.000000 27.468555 0.000000
v 50.000000 27.468555 50.000000
v -50.000000 27.468555 50.000000
v -50.000000 27.468555 -50.000000
v 50.000000 27.468555 -50.000000
v -100.000000 27.468555 -25.000000
v -25.000000 27.468555 100.000000
v 100.000000 27.468555 25.000000
v 25.000000 27.468555 -100.000000
v 0.000000 27.468555 -75.000000
v 0.000000 27.468555 25.000000
v -75.000000 27.468555 0.000000
v 25.000000 27.468555 0.000000
v -100.000000 27.468555 25.000000
v 25.000000 27.468555 100.000000
v 100.000000 27.468555 -25.000000
v -25.000000 27.468555 -100.000000
v 0.000000 27.468555 -25.000000
v 0.000000 27.468555 75.000000
v -25.000000 27.468555 0.000000
v 75.000000 27.468555 0.000000
v 50.000000 27.468555 25.000000
v 50.000000 27.468555 75.000000
v 25.000000 27.468555 50.000000
v 75.000000 27.468555 50.000000
v -50.000000 27.468555 25.000000
v -50.000000 27.468555 75.000000
v -75.000000 27.468555 50.000000
v -25.000000 27.468555 50.000000
v -50.000000 27.468555 -75.000000
v -50.000000 27.468555 -25.000000
v -75.000000 27.468555 -50.000000
v -25.000000 27.468555 -50.000000
v 50.000000 27.468555 -75.000000
v 50.000000 27.468555 -25.000000
v 25.000000 27.468555 -50.000000
v 75.000000 27.468555 -50.000000
v 75.000000 27.468555 -25.000000
v 25.000000 27.468555 -25.000000
v 25.000000 27.468555 -75.000000
v -25.000000 27.468555 -25.000000
v -75.000000 27.468555 -25.000000
v -75.000000 27.468555 -75.000000
v -25.000000 27.468555 75.000000
v -75.000000 27.468555 75.000000
v -75.000000 27.468555 25.000000
v 75.000000 27.468555 75.000000
v 25.000000 27.468555 75.000000
v 25.000000 27.468555 25.000000
v 75.000000 27.468555 25.000000
v -25.000000 27.468555 25.000000
v -25.000000 27.468555 -75.000000
v 75.000000 27.468555 -75.000000
v 0.000000 27.468555 104.999992
v 104.999992 27.468555 0.000000
v 0.000000 27.468555 -104.999992
v 0.000000 27.468555 0.000000
v 52.499996 27.468555 104.999992
v 104.999992 27.468555 -52.499996
v -52.499996 27.468555 104.999992
v 104.999992 27.468555 52.499996
v 52.499996 27.468555 -104.999992
v 0.000000 27.468555 -52.499996
v 0.000000 27.468555 52.499996
v -52.499996 27.468555 0.000000
v 52.499996 27.468555 0.000000
v 52.499996 27.468555 52.499996
v -52.499996 27.468555 52.499996
v -52.499996 27.468555 -52.499996
v 52.499996 27.468555 -52.499996
v -26.249998 27.468555 104.999992
v 104.999992 27.468555 26.249998
v 26.249998 27.468555 -104.999992
v 0.000000 27.468555 -78.750000
v 0.000000 27.468555 26.249998
v -78.750000 27.468555 0.000000
v 26.249998 27.468555 0.000000
v 26.249998 27.468555 104.999992
v 104.999992 27.468555 -26.249998
v -26.249998 27.468555 -104.999992
v 0.000000 27.468555 -26.249998
v 0.000000 27.468555 78.750000
v -26.249998 27.468555 0.000000
v 78.750000 27.468555 0.000000
v 52.499996 27.468555 26.249998
v 52.499996 27.468555 78.750000
v 26.249998 27.468555 52.499996
v 78.750000 27.468555 52.499996
v -52.499996 27.468555 26.249998
v -52.499996 27.468555 78.750000
v -78.750000 27.468555 52.499996
v -26.249998 27.468555 52.499996
v -52.499996 27.468555 -26.249998
v -26.249998 27.468555 -52.499996
v 52.499996 27.468555 -78.750000
v 52.499996 27.468555 -26.249998
v 26.249998 27.468555 -52.499996
v 78.750000 27.468555 -52.499996
v 78.750000 27.468555 -26.249998
v 26.249998 27.468555 -26.249998
v 26.249998 27.468555 -78.750000
v -26.249998 27.468555 -26.249998
v -78.750000 27.468555 -26.249998
v -26.249998 27.468555 78.750000
v -78.750000 27.468555 78.750000
v -78.750000 27.468555 26.249998
v 78.750000 27.468555 78.750000
v 26.249998 27.468555 78.750000
v 26.249998 27.468555 26.249998
v 78.750000 27.468555 26.249998
v -26.249998 27.468555 26.249998
v -26.249998 27.468555 -78.750000
v 78.750000 27.468555 -78.750000
v -104.999992 54.937111 0.000000
v 0.000000 54.937111 104.999992
v 104.999992 54.937111 0.000000
v 0.000000 54.937111 -104.999992
v 0.000000 54.937111 0.000000
v -104.999992 54.937111 52.499996
v 52.499996 54.937111 104.999992
v 104.999992 54.937111 -52.499996
v -52.499996 54.937111 -104.999992
v -104.999992 54.937111 -52.499996
v -52.499996 54.937111 104.999992
v 104.999992 54.937111 52.499996
v 52.499996 54.937111 -104.999992
v 0.000000 54.937111 -52.499996
v 0.000000 54.937111 52.499996
v -52.499996 54.937111 0.000000
v 52.499996 54.937111 0.000000
v 52.499996 54.937111 52.499996
v -52.499996 54.937111 52.499996
v -52.499996 54.937111 -52.499996
v 52.499996 54.937111 -52.499996
v -104.999992 54.937111 -26.249998
v -26.249998 54.937111 104.999992
v 104.999992 54.937111 26.249998
v 26.249998 54.937111 -104.999992
v 0.000000 54.937111 -78.750000
v 0.000000 54.937111 26.249998
v -78.750000 54.937111 0.000000
v 26.249998 54.937111 0.000000
v -104.999992 54.937111 26.249998
v 26.249998 54.937111 104.999992
v 104.999992 54.937111 -26.249998
v -26.249998 54.937111 -104.999992
v 0.000000 54.937111 -26.249998
v 0.000000 54.937111 78.750000
v -26.249998 54.937111 0.000000
v 78.750000 54.937111 0.000000
v 52.499996 54.937111 26.249998
v 52.499996 54.937111 78.750000
v 26.249998 54.937111 52.499996
v 78.750000 54.937111 52.499996
v -52.499996 54.937111 26.249998
v -52.499996 54.937111 78.750000
v -78.750000 54.937111 52.499996
v -26.249998 54.937111 52.499996
v -52.499996 54.937111 -78.750000
v -52.499996 54.937111 -26.249998
v -78.750000 54.937111 -52.499996
v -26.249998 54.937111 -52.499996
v 52.499996 54.937111 -78.750000
v 52.499996 54.937111 -26.249998
v 26.249998 54.937111 -52.499996
v 78.750000 54.937111 -52.499996
v 78.750000 54.937111 -26.249998
v 26.249998 54.937111 -26.249998
v 26.249998 54.937111 -78.750000
v -26.249998 54.937111 -26.249998
v -78.750000 54.937111 -26.249998
v -78.750000 54.937111 -78.750000
v -26.249998 54.937111 78.750000
v -78.750000 54.937111 78.750000
v -78.750000 54.937111 26.249998
v 78.750000 54.937111 78.750000
v 26.249998 54.937111 78.750000
v 26.249998 54.937111 26.249998
v 78.750000 54.937111 26.249998
v -26.249998 54.937111 26.249998
v -26.249998 54.937111 -78.750000
v 78.750000 54.937111 -78.750000
v -109.999992 54.937111 0.000000
v 0.000000 54.937111 109.999992
v 109.999992 54.937111 0.000000
v 0.000000 54.937111 -109.999992
v 0.000000 54.937111 0.000000
v -109.999992 54.937111 54.999996
v 54.999996 54.937111 109.999992
v 109.999992 54.937111 -54.999996
v -54.999996 54.937111 -109.999992
v -109.999992 54.937111 -54.999996
v -54.999996 54.937111 109.999992
v 109.999992 54.937111 54.999996
v 54.999996 54.937111 -109.999992
v 0.000000 54.937111 -54.999996
v 0.000000 54.937111 54.999996
v -54.999996 54.937111 0.000000
v 54.999996 54.937111 0.000000
v 54.999996 54.937111 54.999996
v -54.999996 54.937111 54.999996
v -54.999996 54.937111 -54.999996
v 54.999996 54.937111 -54.999996
v -109.999992 54.937111 -27.499998
v -27.499998 54.937111 109.999992
v 109.999992 54.937111 27.499998
v 27.499998 54.937111 -109.999992
v 0.000000 54.937111 -82.499992
v 0.000000 54.937111 27.499998
v -82.499992 54.937111 0.000000
v 27.499998 54.937111 0.000000
v -109.999992 54.937111 27.499998
v 27.499998 54.937111 109.999992
v 109.999992 54.937111 -27.499998
v -27.499998 54.937111 -109.999992
v 0.000000 54.937111 -27.499998
v 0.000000 54.937111 82.499992
v -27.499998 54.937111 0.000000
v 82.499992 54.937111 0.000000
v 54.999996 54.937111 27.499998
v 54.999996 54.937111 82.499992
v 27.499998 54.937111 54.999996
v 82.499992 54.937111 54.999996
v -54.999996 54.937111 27.499998
v -54.999996 54.937111 82.499992
v -82.499992 54.937111 54.999996
v -27.499998 54.937111 54.999996
v -54.999996 54.937111 -82.499992
v -54.999996 54.937111 -27.499998
v -82.499992 54.937111 -54.999996
v -27.499998 54.937111 -54.999996
v 54.999996 54.937111 -82.499992
v 54.999996 54.937111 -27.499998
v 27.499998 54.937111 -54.999996
v 82.499992 54.937111 -54.999996
v 82.499992 54.937111 -27.499998
v 27.499998 54.937111 -27.499998
v 27.499998 54.937111 -82.499992
v -27.499998 54.937111 -27.499998
v -82.499992 54.937111 -27.499998
v -82.499992 54.937111 -82.499992
v -27.499998 54.937111 82.499992
v -82.499992 54.937111 82.499992
v -82.499992 54.937111 27.499998
v 82.499992 54.937111 82.499992
v 27.499998 54.937111 82.499992
v 27.499998 54.937111 27.499998
v 82.499992 54.937111 27.499998
v -27.499998 54.937111 27.499998
v -27.499998 54.937111 -82.499992
v 82.499992 54.937111 -82.499992
v -109.999992 82.405670 0.000000
v 0.000000 82.405670 109.999992
v 109.999992 82.405670 0.000000
v 0.000000 82.405670 -109.999992
v 0.000000 82.405670 0.000000
v -109.999992 82.405670 54.999996
v 54.999996 82.405670 109.999992
v 109.999992 82.405670 -54.999996
v -54.999996 82.405670 -109.999992
v -109.999992 82.405670 -54.999996
v -54.999996 82.405670 109.999992
v 109.999992 82.405670 54.999996
v 54.999996 82.405670 -109.999992
v 0.000000 82.405670 -54.999996
v 0.000000 82.405670 54.999996
v -54.999996 82.405670 0.000000
v 54.999996 82.405670 0.000000
v 54.999996 82.405670 54.999996
v -54.999996 82.405670 54.999996
v -54.999996 82.405670 -54.999996
v 54.999996 82.405670 -54.999996
v -109.999992 82.405670 -27.499998
v -27.499998 82.405670 109.999992
v 109.999992 82.405670 27.499998
v 27.499998 82.405670 -109.999992
v 0.000000 82.405670 -82.499992
v 0.000000 82.405670 27.499998
v -82.499992 82.405670 0.000000
v 27.499998 82.405670 0.000000
v -109.999992 82.405670 27.499998
v 27.499998 82.405670 109.999992
v 109.999992 82.405670 -27.499998
v -27.499998 82.405670 -109.999992
v 0.000000 82.405670 -27.499998
v 0.000000 82.405670 82.499992
v -27.499998 82.405670 0.000000
v 82.499992 82.405670 0.000000
v 54.999996 82.405670 27.499998
v 54.999996 82.405670 82.499992
v 27.499998 82.405670 54.999996
v 82.499992 82.405670 54.999996
v -54.999996 82.405670 27.499998
v -54.999996 82.405670 82.499992
v -82.499992 82.405670 54.999996
v -27.499998 82.405670 54.999996
v -54.999996 82.405670 -82.499992
v -54.999996 82.405670 -27.499998
v -82.499992 82.405670 -54.999996
v -27.499998 82.405670 -54.999996
v 54.999996 82.405670 -82.499992
v 54.999996 82.405670 -27.499998
v 27.499998 82.405670 -54.999996
v 82.499992 82.405670 -54.999996
v 82.499992 82.405670 -27.499998
v 27.499998 82.405670 -27.499998
v 27.499998 82.405670 -82.499992
v -27.499998 82.405670 -27.499998
v -82.499992 82.405670 -27.499998
v -82.499992 82.405670 -82.499992
v -27.499998 82.405670 82.499992
v -82.499992 82.405670 82.499992
v -82.499992 82.405670 27.499998
v 82.499992 82.405670 82.499992
v 27.499998 82.405670 82.499992
v 27.499998 82.405670 27.499998
v 82.499992 82.405670 27.499998
v -27.499998 82.405670 27.499998
v -27.499998 82.405670 -82.499992
v 82.499992 82.405670 -82.499992
v -114.999985 82.405670 0.000000
v 0.000000 82.405670 114.999985
v 114.999985 82.405670 0.000000
v 0.000000 82.405670 -114.999985
v 0.000000 82.405670 0.000000
v -114.999985 82.405670 57.499992
v 57.499992 82.405670 114.999985
v 114.999985 82.405670 -57.499992
v -57.499992 82.405670 -114.999985
v -114.999985 82.405670 -57.499992
v -57.499992 82.405670 114.999985
v 114.999985 82.405670 57.499992
v 57.499992 82.405670 -114.999985
v 0.000000 82.405670 -57.499992
v 0.000000 82.405670 57.499992
v -57.499992 82.405670 0.000000
v 57.499992 82.405670 0.000000
v 57.499992 82.405670 57.499992
v -57.499992 82.405670 57.499992
v -57.499992 82.405670 -57.499992
v 57.499992 82.405670 -57.499992
v -114.999985 82.405670 -28.749996
v -28.749996 82.405670 114.999985
v 114.999985 82.405670 28.749996
v 28.749996 82.405670 -114.999985
v 0.000000 82.405670 -86.249992
v 0.000000 82.405670 28.749996
v -86.249992 82.405670 0.000000
v 28.749996 82.405670 0.000000
v -114.999985 82.405670 28.749996
v 28.749996 82.405670 114.999985
v 114.999985 82.405670 -28.749996
v -28.749996 82.405670 -114.999985
v 0.000000 82.405670 -28.749996
v 0.000000 82.405670 86.249992
v -28.749996 82.405670 0.000000
v 86.249992 82.405670 0.000000
v 57.499992 82.405670 28.749996
v 57.499992 82.405670 86.249992
v 28.749996 82.405670 57.499992
v 86.249992 82.405670 57.499992
v -57.499992 82.405670 28.749996
v -57.499992 82.405670 86.249992
v -86.249992 82.405670 57.499992
v -28.749996 82.405670 57.499992
v -57.499992 82.405670 -86.249992
v -57.499992 82.405670 -28.749996
v -86.249992 82.405670 -57.499992
v -28.749996 82.405670 -57.499992
v 57.499992 82.405670 -86.249992
v 57.499992 82.405670 -28.749996
v 28.749996 82.405670 -57.499992
v 86.249992 82.405670 -57.499992
v 86.249992 82.405670 -28.749996
v 28.749996 82.405670 -28.749996
v 28.749996 82.405670 -86.249992
v -28.749996 82.405670 -28.749996
v -86.249992 82.405670 -28.749996
v -86.249992 82.405670 -86.249992
v -28.749996 82.405670 86.249992
v -86.249992 82.405670 86.249992
v -86.249992 82.405670 28.749996
v 86.249992 82.405670 86.249992
v 28.749996 82.405670 86.249992
v 28.749996 82.405670 28.749996
v 86.249992 82.405670 28.749996
v -28.749996 82.405670 28.749996
v -28.749996 82.405670 -86.249992
v 86.249992 82.405670 -86.249992
v -114.999985 109.874222 0.000000
v 0.000000 109.874222 114.999985
v 114.999985 109.874222 0.000000
v 0.000000 109.874222 -114.999985
v 0.000000 109.874222 0.000000
v -114.999985 109.874222 57.499992
v 57.499992 109.874222 114.999985
v 114.999985 109.874222 -57.499992
v -57.499992 109.874222 -114.999985
v -114.999985 109.874222 -57.499992
v -57.499992 109.874222 114.999985
v 114.999985 109.874222 57.499992
v 57.499992 109.874222 -114.999985
v 0.000000 109.874222 -57.499992
v 0.000000 109.874222 57.499992
v -57.499992 109.874222 0.000000
v 57.499992 109.874222 0.000000
v 57.499992 109.874222 57.499992
v -57.499992 109.874222 57.499992
v -57.499992 109.874222 -57.499992
v 57.499992 109.874222 -57.499992
v -114.999985 109.874222 -28.749996
v -28.749996 109.874222 114.999985
v 114.999985 109.874222 28.749996
v 28.749996 109.874222 -114.999985
v 0.000000 109.874222 -86.249992
v 0.000000 109.874222 28.749996
v -86.249992 109.874222 0.000000
v 28.749996 109.874222 0.000000
v -114.999985 109.874222 28.749996
v 28.749996 109.874222 114.999985
v 114.999985 109.874222 -28.749996
v -28.749996 109.874222 -114.999985
v 0.000000 109.874222 -28.749996
v 0.000000 109.874222 86.249992
v -28.749996 109.874222 0.000000
v 86.249992 109.874222 0.000000
v 57.499992 109.874222 28.749996
v 57.499992 109.874222 86.249992
v 28.749996 109.874222 57.499992
v 86.249992 109.874222 57.499992
v -57.499992 109.874222 28.749996
v -57.499992 109.874222 86.249992
v -86.249992 109.874222 57.499992
v -28.749996 109.874222 57.499992
v -57.499992 109.874222 -86.249992
v -57.499992 109.874222 -28.749996
v -86.249992 109.874222 -57.499992
v -28.749996 109.874222 -57.499992
v 57.499992 109.874222 -86.249992
v 57.499992 109.874222 -28.749996
v 28.749996 109.874222 -57.499992
v 86.249992 109.874222 -57.499992
v 86.249992 109.874222 -28.749996
v 28.749996 109.874222 -28.749996
v 28.749996 109.874222 -86.249992
v -28.749996 109.874222 -28.749996
v -86.249992 109.874222 -28.749996
v -86.249992 109.874222 -86.249992
v -28.749996 109.874222 86.249992
v -86.249992 109.874222 86.249992
v -86.249992 109.874222 28.749996
v 86.249992 109.874222 86.249992
v 28.749996 109.874222 86.249992
v 28.749996 109.874222 28.749996
v 86.249992 109.874222 28.749996
v -28.749996 109.874222 28.749996
v -28.749996 109.874222 -86.249992
v 86.249992 109.874222 -86.249992
v -119.999985 109.874222 0.000000
v 0.000000 109.874222 119.999985
v 0.000000 110.585495 -119.288704
v 0.000000 109.874222 -119.999985
v 0.000000 109.874222 0.000000
v -119.999985 109.874222 59.999992
v 59.999992 109.874222 119.999985
v 119.999985 109.874222 -59.999992
v -59.999992 109.874222 -119.999985
v -119.999985 109.874222 -59.999992
v -59.999992 109.874222 119.999985
v 119.999985 109.874222 59.999992
v 59.999992 109.874222 -119.999985
v 0.000000 109.874222 -59.999992
v 0.000000 109.874222 59.999992
v -59.999992 109.874222 0.000000
v 59.999992 109.874222 0.000000
v 59.999992 109.874222 59.999992
v -59.999992 109.874222 59.999992
v -59.999992 109.874222 -59.999992
v 59.999992 109.874222 -59.999992
v -119.999985 109.874222 -29.999996
v -29.999996 109.874222 119.999985
v 119.999985 109.874222 29.999996
v 29.999996 109.874222 -119.999985
v 0.000000 109.874222 -89.999985
v 0.000000 109.874222 29.999996
v -89.999985 109.874222 0.000000
v 29.999996 109.874222 0.000000
v -119.999985 109.874222 29.999996
v 29.999996 109.874222 119.999985
v 119.999985 109.874222 -29.999996
v -29.999996 109.874222 -119.999985
v 0.000000 109.874222 -29.999996
v 0.000000 109.874222 89.999985
v -29.999996 109.874222 0.000000
v 89.999985 109.874222 0.000000
v 59.999992 109.874222 29.999996
v 59.999992 109.874222 89.999985
v 29.999996 109.874222 59.999992
v 89.999985 109.874222 59.999992
v -59.999992 109.874222 29.999996
v -59.999992 109.874222 89.999985
v -89.999985 109.874222 59.999992
v -29.999996 109.874222 59.999992
v -59.999992 109.874222 -89.999985
v -59.999992 109.874222 -29.999996
v -89.999985 109.874222 -59.999992
v -29.999996 109.874222 -59.999992
v 59.999992 109.874222 -89.999985
v 59.999992 109.874222 -29.999996
v 29.999996 109.874222 -59.999992
v 89.999985 109.874222 -59.999992
v 89.999985 109.874222 -29.999996
v 29.999996 109.874222 -29.999996
v 29.999996 109.874222 -89.999985
v -29.999996 109.874222 -29.999996
v -89.999985 109.874222 -29.999996
v -89.999985 109.874222 -89.999985
v -29.999996 109.874222 89.999985
v -89.999985 109.874222 89.999985
v -89.999985 109.874222 29.999996
v 89.999985 109.874222 89.999985
v 29.999996 109.874222 89.999985
v 29.999996 109.874222 29.999996
v 89.999985 109.874222 29.999996
v -29.999996 109.874222 29.999996
v -29.999996 109.874222 -89.999985
v 89.999985 109.874222 -89.999985
v -119.999985 137.342789 0.000000
v 0.000000 137.342789 119.999985
v 0.000000 110.880112 -89.999985
v 0.000000 137.342789 -119.999985
v -119.999985 137.342789 59.999992
v -100.943314 -0.943316 -25.000000
v 119.999985 137.342789 -59.999992
v -59.999992 137.342789 -119.999985
v -119.999985 137.342789 -59.999992
v 29.999996 109.874222 122.060524
v 119.999985 137.342789 59.999992
v 59.999992 137.342789 -119.999985
v 59.999992 137.342789 59.999992
v -59.999992 137.342789 59.999992
v -59.999992 137.342789 -59.999992
v 59.999992 137.342789 -59.999992
v -119.999985 137.342789 -29.999996
v -29.999996 137.342789 119.999985
v 119.999985 137.342789 29.999996
v 29.999996 137.342789 -119.999985
v 0.000000 137.342789 -89.999985
v -89.999985 137.342789 0.000000
v -119.999985 137.342789 29.999996
v 29.999996 137.342789 119.999985
v 119.999985 137.342789 -29.999996
v -29.999996 137.342789 -119.999985
v 0.000000 137.342789 89.999985
v 89.999985 137.342789 0.000000
v 59.999992 137.342789 29.999996
v 59.999992 137.342789 89.999985
v 89.999985 137.342789 59.999992
v -59.999992 137.342789 89.999985
v -89.999985 137.342789 59.999992
v -29.999996 137.342789 59.999992
v -59.999992 137.342789 -89.999985
v -59.999992 137.342789 -29.999996
v -89.999985 137.342789 -59.999992
v -29.999996 137.342789 -59.999992
v 59.999992 137.342789 -89.999985
v 59.999992 137.342789 -29.999996
v 29.999996 137.342789 -59.999992
v 89.999985 137.342789 -59.999992
v 89.999985 137.342789 -29.999996
v 29.999996 137.342789 -89.999985
v -89.999985 137.342789 -29.999996
v -89.999985 137.342789 -89.999985
v -29.999996 137.342789 89.999985
v -89.999985 137.342789 89.999985
v -89.999985 137.342789 29.999996
v 89.999985 137.342789 89.999985
v 29.999996 137.342789 89.999985
v 89.999985 137.342789 29.999996
v -29.999996 137.342789 -89.999985
v 89.999985 137.342789 -89.999985
v -106.988312 27.468555 -26.249998
v -106.988312 27.468555 0.000000
v -26.249998 27.468555 106.988312
v 0.000000 27.468555 106.988312
v 106.988312 27.468555 26.249998
v 106.988312 27.468555 0.000000
v 26.249998 27.468555 -106.988312
v 0.000000 27.468555 -106.988312
v -106.988312 27.468555 26.249998
v -106.405952 27.468555 53.905952
v 26.249998 27.468555 106.988312
v 53.905952 27.468555 106.405952
v 106.988312 27.468555 -26.249998
v 106.405952 27.468555 -53.905952
v -26.249998 27.468555 -106.988312
v -53.905952 27.468555 -106.405952
v -80.155952 27.468555 53.905952
v -53.905952 27.468555 -80.155952
v -80.155952 27.468555 -53.905952
v -106.405952 27.468555 -53.905952
v 53.905952 27.468555 -80.155952
v 53.905952 27.468555 -106.405952
v -53.905952 27.468555 106.405952
v 106.405952 27.468555 53.905952
v 53.905952 27.468555 80.155952
v 80.155952 27.468555 53.905952
v -53.905952 27.468555 80.155952
v 80.155952 27.468555 -53.905952
v -80.155952 27.468555 -80.155952
v -80.155952 27.468555 80.155952
v 80.155952 27.468555 80.155952
v 80.155952 27.468555 -80.155952
v -106.988312 54.937111 -26.249998
v -106.988312 54.937111 0.000000
v -26.249998 54.937111 106.988312
v 0.000000 54.937111 106.988312
v 106.988312 54.937111 26.249998
v 106.988312 54.937111 0.000000
v 26.249998 54.937111 -106.988312
v 0.000000 54.937111 -106.988312
v -106.988312 54.937111 26.249998
v -106.405952 54.937111 53.905952
v 26.249998 54.937111 106.988312
v 53.905952 54.937111 106.405952
v 106.988312 54.937111 -26.249998
v 106.405952 54.937111 -53.905952
v -26.249998 54.937111 -106.988312
v -53.905952 54.937111 -106.405952
v -80.155952 54.937111 53.905952
v -53.905952 54.937111 -80.155952
v -80.155952 54.937111 -53.905952
v -106.405952 54.937111 -53.905952
v 53.905952 54.937111 -80.155952
v 53.905952 54.937111 -106.405952
v -53.905952 54.937111 106.405952
v 106.405952 54.937111 53.905952
v 53.905952 54.937111 80.155952
v 80.155952 54.937111 53.905952
v -53.905952 54.937111 80.155952
v 80.155952 54.937111 -53.905952
v -80.155952 54.937111 -80.155952
v -80.155952 54.937111 80.155952
v 80.155952 54.937111 80.155952
v 80.155952 54.937111 -80.155952
v -106.988312 27.468555 -26.249998
v -106.988312 27.468555 0.000000
v -26.249998 27.468555 106.988312
v 0.000000 27.468555 106.988312
v 106.988312 27.468555 26.249998
v 106.988312 27.468555 0.000000
v 26.249998 27.468555 -106.988312
v 0.000000 27.468555 -106.988312
v -106.988312 27.468555 26.249998
v -106.405952 27.468555 53.905952
v 26.249998 27.468555 106.988312
v 53.905952 27.468555 106.405952
v 106.988312 27.468555 -26.249998
v 106.405952 27.468555 -53.905952
v -26.249998 27.468555 -106.988312
v -53.905952 27.468555 -106.405952
v -80.155952 27.468555 53.905952
v -53.905952 27.468555 -80.155952
v -80.155952 27.468555 -53.905952
v -106.405952 27.468555 -53.905952
v 53.905952 27.468555 -80.155952
v 53.905952 27.468555 -106.405952
v -53.905952 27.468555 106.405952
v 106.405952 27.468555 53.905952
v 53.905952 27.468555 80.155952
v 80.155952 27.468555 53.905952
v -53.905952 27.468555 80.155952
v 80.155952 27.468555 -53.905952
v -80.155952 27.468555 -80.155952
v -80.155952 27.468555 80.155952
v 80.155952 27.468555 80.155952
v 80.155952 27.468555 -80.155952
v -106.988312 54.937111 -26.249998
v -106.988312 54.937111 0.000000
v -26.249998 54.937111 106.988312
v 0.000000 54.937111 106.988312
v 106.988312 54.937111 26.249998
v 106.988312 54.937111 0.000000
v 26.249998 54.937111 -106.988312
v 0.000000 54.937111 -106.988312
v -106.988312 54.937111 26.249998
v -106.405952 54.937111 53.905952
v 26.249998 54.937111 106.988312
v 53.905952 54.937111 106.405952
v 106.988312 54.937111 -26.249998
v 106.405952 54.937111 -53.905952
v -26.249998 54.937111 -106.988312
v -53.905952 54.937111 -106.405952
v -80.155952 54.937111 53.905952
v -53.905952 54.937111 -80.155952
v -80.155952 54.937111 -53.905952
v -106.405952 54.937111 -53.905952
v 53.905952 54.937111 -80.155952
v 53.905952 54.937111 -106.405952
v -53.905952 54.937111 106.405952
v 106.405952 54.937111 53.905952
v 53.905952 54.937111 80.155952
v 80.155952 54.937111 53.905952
v -53.905952 54.937111 80.155952
v 80.155952 54.937111 -53.905952
v -80.155952 54.937111 -80.155952
v -80.155952 54.937111 80.155952
v 80.155952 54.937111 80.155952
v 80.155952 54.937111 -80.155952
v 0.000000 161.625702 29.999996
v 0.000000 161.625702 0.000000
v 29.999996 161.625702 0.000000
v 0.000000 161.625702 -29.999996
v 0.000000 161.625702 -59.999992
v 0.000000 161.625702 89.999985
v 0.000000 161.625702 59.999992
v -29.999996 161.625702 0.000000
v -59.999992 161.625702 0.000000
v 89.999985 161.625702 0.000000
v 59.999992 161.625702 0.000000
v 59.999992 161.625702 29.999996
v 59.999992 161.625702 89.999985
v 59.999992 161.625702 59.999992
v 29.999996 161.625702 59.999992
v -59.999992 161.625702 29.999996
v -29.999996 161.625702 59.999992
v -59.999992 161.625702 59.999992
v -59.999992 161.625702 -29.999996
v -59.999992 161.625702 -59.999992
v -29.999996 161.625702 -59.999992
v 59.999992 161.625702 -29.999996
v 59.999992 161.625702 -59.999992
v 29.999996 161.625702 -59.999992
v 0.000000 161.625702 -89.999985
v -89.999985 161.625702 0.000000
v -89.999985 161.625702 59.999992
v 89.999985 161.625702 -29.999996
v 29.999996 161.625702 -29.999996
v 29.999996 161.625702 -89.999985
v -29.999996 161.625702 -29.999996
v -89.999985 161.625702 -29.999996
v -29.999996 161.625702 89.999985
v -89.999985 161.625702 29.999996
v 29.999996 161.625702 89.999985
v 29.999996 161.625702 29.999996
v 89.999985 161.625702 29.999996
v -29.999996 161.625702 29.999996
v -29.999996 161.625702 -89.999985
v -29.999996 171.411896 0.000000
v -59.999992 171.411896 0.000000
v 0.000000 171.411896 59.999992
v 0.000000 171.411896 29.999996
v 59.999992 171.411896 0.000000
v 29.999996 171.411896 0.000000
v -29.999996 171.411896 59.999992
v -59.999992 171.411896 -29.999996
v 59.999992 171.411896 -29.999996
v 29.999996 171.411896 -29.999996
v -29.999996 171.411896 -29.999996
v -29.999996 171.411896 29.999996
v -61.649017 109.874222 121.649002
v -29.999996 109.874222 122.332062
v -62.332069 109.874222 89.999985
v -61.346416 138.689209 121.346405
v -29.999996 138.991806 121.649002
v -61.649017 138.991806 89.999985
v -29.999996 139.674866 89.999985
v 61.457016 109.874222 121.457001
v 62.060528 109.874222 89.999985
v 29.999996 138.799805 121.457001
v 61.189644 138.532440 121.189629
v 61.457016 138.799805 89.999985
v 29.999996 139.403336 89.999985
v -100.943314 -0.943316 0.000000
v -25.000000 -0.943316 100.943314
v 0.000000 -0.943316 100.943314
v 100.943314 -0.943316 25.000000
v 100.943314 -0.943316 0.000000
v 25.000000 -0.943316 -100.943314
v 0.000000 -0.943316 -100.943314
v -100.943314 -0.943316 25.000000
v -100.770210 -0.770215 50.770218
v 25.000000 -0.943316 100.943314
v 50.000000 -0.943316 100.943314
v 100.943314 -0.943316 -25.000000
v 100.770210 -0.770215 -50.770218
v -25.000000 -0.943316 -100.943314
v -50.770218 -0.770215 -100.770210
v 50.000000 -1.265592 75.421867
v 75.000000 -1.265592 50.421864
v -50.402229 -1.206694 75.402229
v -75.402229 -1.206694 50.402229
v -50.402229 -1.206694 -75.402229
v -75.402229 -1.206694 -50.402229
v -100.770210 -0.770215 -50.770218
v 50.402229 -1.206694 -75.402229
v 50.770218 -0.770215 -100.770210
v 75.402229 -1.206694 -50.402229
v -50.770218 -0.770215 100.770210
v 100.770210 -0.770215 50.770218
v -75.770218 -0.770215 -75.770218
v -75.770218 -0.770215 75.770218
v 75.000000 -0.943316 75.943314
v 75.770218 -0.770215 -75.770218
v -101.334045 27.468555 -25.000000
v -101.334045 27.468555 0.000000
v -25.000000 27.468555 101.334045
v 0.000000 27.468555 101.334045
v 101.334045 27.468555 25.000000
v 101.334045 27.468555 0.000000
v 25.000000 27.468555 -101.334045
v 0.000000 27.468555 -101.334045
v -101.334045 27.468555 25.000000
v -100.943314 27.468555 50.943314
v 25.000000 27.468555 101.334045
v 50.000000 27.468555 101.334045
v 101.334045 27.468555 -25.000000
v 100.943314 27.468555 -50.943314
v -25.000000 27.468555 -101.334045
v -50.943314 27.468555 -100.943314
v -75.943314 27.468555 50.943314
v -50.943314 27.468555 -75.943314
v -75.943314 27.468555 -50.943314
v -100.943314 27.468555 -50.943314
v 50.943314 27.468555 -75.943314
v 50.943314 27.468555 -100.943314
v -50.943314 27.468555 100.943314
v 100.943314 27.468555 50.943314
v 75.000000 27.468555 51.334053
v -50.943314 27.468555 75.943314
v 75.943314 27.468555 -50.943314
v -75.943314 27.468555 -75.943314
v -75.943314 27.468555 75.943314
v 75.000000 27.468555 76.334053
v 50.000000 27.468555 76.334053
v 75.943314 27.468555 -75.943314
v -104.999992 26.134506 -26.249998
v -104.999992 26.134506 0.000000
v 0.000000 26.134506 -78.750000
v 0.000000 26.134506 -104.999992
v -78.750000 26.134506 0.000000
v -104.999992 26.134506 26.249998
v -104.999992 26.134506 52.499996
v -26.249998 26.134506 -104.999992
v -52.499996 26.134506 -104.999992
v -78.750000 26.134506 52.499996
v -52.499996 26.134506 -78.750000
v -52.499996 26.134506 -26.249998
v -52.499996 26.134506 -52.499996
v -78.750000 26.134506 -52.499996
v -104.999992 26.134506 -52.499996
v -26.249998 26.134506 -52.499996
v -78.750000 26.134506 -26.249998
v -78.750000 26.134506 -78.750000
v -78.750000 26.134506 78.750000
v -78.750000 26.134506 26.249998
v -26.249998 26.134506 -78.750000
v -106.988312 26.134506 26.249998
v -106.405952 26.134506 53.905952
v -53.905952 26.134506 -80.155952
v -106.405952 26.134506 -53.905952
v -106.988312 26.134506 -26.249998
v -80.155952 26.134506 -80.155952
v -80.155952 26.134506 -53.905952
v -106.988312 26.134506 0.000000
v -26.249998 26.134506 -106.988312
v -53.905952 26.134506 -106.405952
v -80.155952 26.134506 53.905952
v -80.155952 26.134506 80.155952
v -108.322289 27.468555 -26.264042
v -108.322357 27.468555 0.000000
v -26.264042 27.468555 108.322289
v 0.000000 27.468555 108.322357
v 108.322289 27.468555 26.264042
v 108.322357 27.468555 0.000000
v 26.264042 27.468555 -108.322289
v 0.000000 27.468555 -108.322357
v -108.322289 27.468555 26.264042
v -107.339287 27.468555 54.859142
v 26.264042 27.468555 108.322289
v 54.859142 27.468555 107.339287
v 108.322289 27.468555 -26.264042
v 107.339287 27.468555 -54.859142
v -26.264042 27.468555 -108.322289
v -54.859142 27.468555 -107.339287
v -81.099266 27.468555 54.849266
v -54.849266 27.468555 -81.099266
v -81.099266 27.468555 -54.849266
v -107.339287 27.468555 -54.859142
v 54.849266 27.468555 -81.099266
v 54.859142 27.468555 -107.339287
v -54.859142 27.468555 107.339287
v 107.339287 27.468555 54.859142
v 54.849266 27.468555 81.099266
v 81.099266 27.468555 54.849266
v -54.849266 27.468555 81.099266
v 81.099266 27.468555 -54.849266
v -81.099266 27.468555 -81.099266
v -81.099266 27.468555 81.099266
v 81.099266 27.468555 81.099266
v 81.099266 27.468555 -81.099266
v -108.322289 54.937111 -26.264042
v -108.322357 54.937111 0.000000
v -26.264042 54.937111 108.322289
v 0.000000 54.937111 108.322357
v 108.322289 54.937111 26.264042
v 108.322357 54.937111 0.000000
v 26.264042 54.937111 -108.322289
v 0.000000 54.937111 -108.322357
v -108.322289 54.937111 26.264042
v -107.339287 54.937111 54.859142
v 26.264042 54.937111 108.322289
v 54.859142 54.937111 107.339287
v 108.322289 54.937111 -26.264042
v 107.339287 54.937111 -54.859142
v -26.264042 54.937111 -108.322289
v -54.859142 54.937111 -107.339287
v -81.099266 54.937111 54.849266
v -54.849266 54.937111 -81.099266
v -81.099266 54.937111 -54.849266
v -107.339287 54.937111 -54.859142
v 54.849266 54.937111 -81.099266
v 54.859142 54.937111 -107.339287
v -54.859142 54.937111 107.339287
v 107.339287 54.937111 54.859142
v 54.849266 54.937111 81.099266
v 81.099266 54.937111 54.849266
v -54.849266 54.937111 81.099266
v 81.099266 54.937111 -54.849266
v -81.099266 54.937111 -81.099266
v -81.099266 54.937111 81.099266
v 81.099266 54.937111 81.099266
v 81.099266 54.937111 -81.099266
v 123.330116 106.544090 29.999996
v 123.330116 106.544090 0.000000
v 123.330116 106.544090 -29.999996
v 89.999985 105.164696 0.000000
v 89.999985 105.164696 -29.999996
v 89.999985 105.164696 29.999996
v 123.330116 140.672928 29.999996
v 123.330116 140.672928 0.000000
v 123.330116 140.672928 -29.999996
v 89.999985 142.052322 0.000000
v 89.999985 142.052322 -29.999996
v 89.999985 142.052322 29.999996
v -29.999996 110.585495 -119.288704
v -29.999996 110.880112 -89.999985
v 0.000000 136.336899 -89.999985
v 0.000000 136.631516 -119.288704
v -29.999996 136.631516 -119.288704
v -29.999996 136.336899 -89.999985
v -119.999985 140.247955 0.000000
v -89.999985 140.247955 0.000000
v -89.999985 140.247955 -29.999996
v -119.999985 140.247955 -29.999996
v -122.905144 109.874222 -29.999996
v -122.905144 109.874222 0.000000
v -122.905144 137.342789 0.000000
v -122.905144 137.342789 -29.999996
v -89.999985 109.874222 89.999985
v -89.999985 109.874222 59.999992
v -59.999992 109.874222 59.999992
v -59.999992 109.874222 89.999985
v -89.999985 137.342789 89.999985
v -59.999992 137.342789 89.999985
v -59.999992 137.342789 59.999992
v -89.999985 137.342789 59.999992
v -89.999985 109.874222 59.999992
v -89.999985 109.874222 89.999985
v -89.999985 137.342789 89.999985
v -89.999985 137.342789 59.999992
v -89.999985 109.874222 89.999985
v -59.999992 109.874222 89.999985
v -59.999992 137.342789 89.999985
v -89.999985 137.342789 89.999985
v -89.999985 109.874222 59.999992
v -89.999985 109.874222 89.999985
v -59.999992 109.874222 59.999992
v -59.999992 109.874222 89.999985
v -59.999992 137.342789 89.999985
v -89.999985 137.342789 89.999985
v -59.999992 137.342789 59.999992
v -89.999985 137.342789 59.999992
v -89.999985 109.874222 89.999985
v -89.999985 109.874222 59.999992
v -89.999985 137.342789 89.999985
v -89.999985 137.342789 59.999992
v -59.999992 109.874222 89.999985
v -89.999985 109.874222 89.999985
v -59.999992 137.342789 89.999985
v -89.999985 137.342789 89.999985
v -89.999985 105.511726 59.999992
v -89.999985 105.511726 89.999985
v -59.999992 105.511726 59.999992
v -59.999992 105.511726 89.999985
v -59.999992 141.705292 89.999985
v -89.999985 141.705292 89.999985
v -59.999992 141.705292 59.999992
v -89.999985 141.705292 59.999992
v -94.362488 109.874222 89.999985
v -94.362488 109.874222 59.999992
v -94.362488 137.342789 89.999985
v -94.362488 137.342789 59.999992
v -59.999992 109.874222 94.362488
v -89.999985 109.874222 94.362488
v -59.999992 137.342789 94.362488
v -89.999985 137.342789 94.362488
v -101.010384 -5.251067 -25.012466
v -101.008202 -5.251119 0.000000
v -25.012466 -5.251067 101.010384
v 0.000000 -5.251119 101.008202
v 101.012589 -5.251038 25.010267
v 101.008202 -5.251119 0.000000
v 25.012466 -5.251067 -101.010384
v 0.000000 -5.251119 -101.008202
v 0.000000 -5.642219 -75.032440
v 0.000000 -5.642342 25.000000
v 0.000000 -5.642342 0.000000
v -75.032440 -5.642219 0.000000
v 25.000000 -5.642342 0.000000
v -101.010384 -5.251067 25.012466
v -100.839485 -5.077877 50.795197
v 25.002697 -5.251156 101.005600
v 50.005394 -5.251191 101.003006
v 101.010384 -5.251067 -25.012466
v 100.839485 -5.077877 -50.795197
v -25.012466 -5.251067 -101.010384
v -50.795197 -5.077877 -100.839485
v 0.000000 -5.642342 -25.000000
v 0.000000 -5.642342 -50.000000
v 0.000000 -5.642219 75.032440
v 0.000000 -5.642342 50.000000
v -25.000000 -5.642342 0.000000
v -50.000000 -5.642342 0.000000
v 75.032440 -5.642219 0.000000
v 50.000000 -5.642342 0.000000
v 50.001461 -5.642342 25.001463
v 50.014843 -5.573730 75.454918
v 50.011108 -5.642313 50.011108
v 25.001463 -5.642342 50.001461
v 75.037727 -5.573672 50.441784
v -50.002701 -5.642340 25.002701
v -50.430088 -5.514683 75.445045
v -50.016998 -5.642275 50.016998
v -75.445045 -5.514683 50.430088
v -25.002701 -5.642340 50.002701
v -50.430088 -5.514683 -75.445045
v -50.002701 -5.642340 -25.002701
v -50.016998 -5.642275 -50.016998
v -75.445045 -5.514683 -50.430088
v -100.839485 -5.077877 -50.795197
v -25.002701 -5.642340 -50.002701
v 50.430088 -5.514683 -75.445045
v 50.795197 -5.077877 -100.839485
v 50.002701 -5.642340 -25.002701
v 50.016998 -5.642275 -50.016998
v 25.002701 -5.642340 -50.002701
v 75.445045 -5.514683 -50.430088
v -50.795197 -5.077877 100.839485
v 100.843880 -5.077826 50.790794
v 75.036087 -5.642182 -25.008911
v 25.000000 -5.642342 -25.000000
v 25.008911 -5.642181 -75.036087
v -25.000000 -5.642342 -25.000000
v -75.036087 -5.642181 -25.008911
v -75.817337 -5.077991 -75.817337
v -25.008911 -5.642182 75.036087
v -75.817337 -5.077991 75.817337
v -75.036087 -5.642181 25.008911
v 75.033043 -5.251354 75.976357
v 25.002813 -5.642219 75.032463
v 25.000000 -5.642342 25.000000
v 75.036102 -5.642185 25.006607
v -25.000000 -5.642342 25.000000
v -25.008911 -5.642181 -75.036087
v 75.817337 -5.077991 -75.817337
vn -0.0000 1.0000 -0.0000
vn -0.0000 -0.0000 1.0000
vn 1.0000 -0.0000 -0.0000
vn -1.0000 -0.0000 -0.0000
vn -0.9998 -0.0000 -0.0211
vn -0.0000 -0.0000 -1.0000
vn -0.0211 -0.0000 -0.9998
vn -0.0000 -1.0000 -0.0000
vn -0.9998 -0.0000 0.0211
vn 0.7071 -0.0000 0.7071
vn -0.0157 0.9998 0.0157
vn -0.0157 0.0171 0.9997
vn -0.9997 0.0171 0.0157
vn 0.0140 0.9998 0.0140
vn 0.9998 0.0152 0.0140
vn 0.0140 0.0152 0.9998
vn 0.9999 0.0059 0.0145
vn 0.0001 0.0148 0.9999
vn -0.9999 0.0153 -0.0000
vn -0.0000 0.0153 -0.9999
vn -0.9999 0.0059 -0.0145
vn 0.0145 0.0059 -0.9999
vn 0.9999 0.0156 -0.0001
vn -0.0148 0.0103 -0.9998
vn -0.0066 0.0159 -0.9999
vn -0.0000 0.0153 0.9999
vn -0.0136 0.0045 0.9999
vn 0.9998 0.0103 0.0148
vn -0.9999 0.0059 0.0145
vn 0.0148 0.0103 0.9998
vn 0.9999 0.0159 -0.0066
vn -0.9998 0.0103 -0.0148
vn -0.0145 0.0059 -0.9999
vn 0.0001 0.0142 0.9999
vn 1.0000 0.0024 0.0002
vn 0.0145 0.0059 0.9999
vn 0.0066 0.0159 -0.9999
vn -0.9999 0.0159 0.0066
vn 0.9998 0.0166 0.0065
vn -0.0066 0.0159 0.9999
vn -0.9999 0.0159 -0.0066
vn 0.0148 0.0103 -0.9998
vn -0.9998 0.0103 0.0148
vn -0.0209 0.0076 0.9998
vn 1.0000 0.0082 -0.0000
vn 0.9999 0.0153 -0.0000
vn 0.9999 -0.0138 -0.0000
vn -0.0000 -0.0138 -0.9999
vn -0.0103 -0.0228 0.9997
vn -0.9999 -0.0125 0.0072
vn 0.0072 -0.0125 -0.9999
vn -0.9999 -0.0100 -0.0109
vn -0.0109 -0.0100 0.9999
vn 0.9999 -0.0100 0.0109
vn -0.9999 -0.0100 0.0109
vn 0.0109 -0.0100 -0.9999
vn 0.0072 -0.0125 0.9999
vn -0.0000 -0.0138 0.9999
vn -0.0072 -0.0125 -0.9999
vn -0.9999 -0.0125 -0.0072
vn 0.9999 -0.0100 -0.0109
vn 0.9999 -0.0125 0.0072
vn 0.0010 -0.0190 0.9998
vn -0.0109 -0.0100 -0.9999
vn -0.9999 -0.0138 -0.0000
vn -0.9994 -0.0000 -0.0344
vn -0.0344 -0.0000 0.9994
vn 0.9994 -0.0000 0.0344
vn -0.9994 -0.0000 0.0344
vn 0.0344 -0.0000 -0.9994
vn 0.0004 -0.0000 1.0000
vn 1.0000 -0.0000 -0.0004
vn 0.0344 -0.0000 0.9994
vn -0.0004 -0.0000 -1.0000
vn 0.9994 -0.0000 -0.0344
vn -1.0000 -0.0000 0.0004
vn -0.0004 -0.0000 1.0000
vn -0.0344 -0.0000 -0.9994
vn 0.0004 -0.0000 -1.0000
vn -1.0000 -0.0000 -0.0004
vn 1.0000 -0.0000 0.0004
vn 0.0414 -0.9991 -0.0000
vn 0.0414 0.9991 -0.0000
vn -0.0000 -0.9999 0.0101
vn -0.0000 0.9999 0.0101
vn -0.0000 -0.9999 -0.0151
vn 0.0151 -0.9999 -0.0000
vn 0.0014 -1.0000 0.0014
vn -0.0109 -0.9999 0.0109
vn -0.0025 -1.0000 -0.0025
vn 0.0058 -0.9999 -0.0161
vn 0.0161 -0.9999 -0.0058
vn 0.0025 -1.0000 -0.0025
vn -0.0161 -0.9999 -0.0058
vn -0.0151 -0.9999 -0.0000
vn -0.0109 -0.9999 -0.0109
vn -0.0025 -1.0000 0.0025
vn -0.0058 -0.9999 0.0161
vn -0.0000 -0.9999 0.0151
vn -0.0161 -0.9999 0.0058
vn 0.0077 -0.9999 0.0077
vn 0.0013 -0.9999 0.0138
vn 0.0171 -0.9998 0.0048
vn -0.0058 -0.9999 -0.0161
vn 0.0109 -0.9999 -0.0109
vt 0.625000 0.000000
vt 0.500000 0.000000
vt 0.000000 0.375000
vt 0.000000 0.500000
vt 0.500000 0.875000
vt 0.375000 0.875000
vt 0.875000 0.750000
vt 1.000000 0.750000
vt 0.625000 1.000000
vt 0.750000 1.000000
vt 0.250000 1.000000
vt 0.375000 1.000000
vt 1.000000 0.375000
vt 1.000000 0.250000
vt 0.375000 0.750000
vt 1.000000 0.625000
vt 0.375000 0.000000
vt 0.250000 0.000000
vt 0.750000 0.000000
vt 0.000000 0.625000
vt 0.000000 0.750000
vt 0.000000 0.250000
vt 0.750000 0.875000
vt 0.125000 0.750000
vt 0.250000 0.875000
vt 0.125000 0.250000
vt 0.500000 1.000000
vt 1.000000 0.500000
vt 0.250000 0.125000
vt 0.875000 0.250000
vt 0.875000 0.875000
vt 0.875000 0.125000
vt 0.750000 0.125000
vt 0.375000 0.375000
vt 0.500000 0.375000
vt 0.500000 0.500000
vt 0.375000 0.500000
vt 0.875000 0.375000
vt 0.875000 0.500000
vt 0.625000 0.375000
vt 0.750000 0.375000
vt 0.750000 0.500000
vt 0.625000 0.500000
vt 0.625000 0.125000
vt 0.750000 0.250000
vt 0.625000 0.250000
vt 0.125000 0.375000
vt 0.250000 0.375000
vt 0.250000 0.500000
vt 0.125000 0.500000
vt 0.125000 0.125000
vt 0.250000 0.250000
vt 0.375000 0.125000
vt 0.500000 0.125000
vt 0.500000 0.250000
vt 0.375000 0.250000
vt 0.125000 0.625000
vt 0.250000 0.625000
vt 0.250000 0.750000
vt 0.375000 0.625000
vt 0.500000 0.625000
vt 0.500000 0.750000
vt 0.625000 0.875000
vt 0.625000 0.625000
vt 0.750000 0.625000
vt 0.750000 0.750000
vt 0.625000 0.750000
vt 0.875000 0.625000
vt 0.125000 0.875000
s 0
usemtl a
f 708/1/1 701/2/1 925/2/1 932/1/1
f 706/3/1 699/4/1 923/4/1 930/3/1
f 94/5/2 132/6/2 877/6/2 859/5/2
f 57/7/1 12/8/1 838/8/1 851/7/1
f 704/9/1 719/10/1 943/10/1 928/9/1
f 13/11/1 37/12/1 839/12/1 840/11/1
f 702/13/1 721/14/1 945/14/1 926/13/1
f 132/6/3 114/15/3 872/15/3 877/6/3
f 12/8/1 36/16/1 837/16/1 838/8/1
f 700/17/1 720/18/1 944/18/1 924/17/1
f 11/19/1 35/1/1 835/1/1 836/19/1
f 698/20/1 717/21/1 941/21/1 922/20/1
f 10/22/1 34/3/1 833/3/1 834/22/1
f 719/10/1 718/23/1 942/23/1 943/10/1
f 717/21/1 716/24/1 940/24/1 941/21/1
f 715/25/1 713/11/1 937/11/1 939/25/1
f 714/26/1 707/22/1 931/22/1 938/26/1
f 713/11/1 712/12/1 936/12/1 937/11/1
f 8/27/1 29/9/1 831/9/1 832/27/1
f 711/8/1 710/16/1 934/16/1 935/8/1
f 7/28/1 28/13/1 829/13/1 830/28/1
f 15/18/1 47/29/1 850/29/1 847/18/1
f 709/19/1 708/1/1 932/1/1 933/19/1
f 6/2/1 27/17/1 827/17/1 828/2/1
f 707/22/1 706/3/1 930/3/1 931/22/1
f 5/4/1 26/20/1 825/20/1 826/4/1
f 16/14/1 45/30/1 849/30/1 848/14/1
f 705/27/1 704/9/1 928/9/1 929/27/1
f 703/28/1 702/13/1 926/13/1 927/28/1
f 701/2/1 700/17/1 924/17/1 925/2/1
f 699/4/1 698/20/1 922/20/1 923/4/1
f 67/32/1 43/33/1 855/33/1 854/32/1
f 72/6/1 30/5/1 8/27/1 37/12/1
f 71/34/1 31/35/1 9/36/1 40/37/1
f 70/38/1 28/13/1 7/28/1 41/39/1
f 69/40/1 42/41/1 21/42/1 33/43/1
f 68/44/1 43/33/1 22/45/1 44/46/1
f 66/47/1 46/48/1 20/49/1 32/50/1
f 65/51/1 47/29/1 23/52/1 48/26/1
f 64/53/1 39/54/1 19/55/1 49/56/1
f 62/57/1 51/58/1 24/59/1 52/24/1
f 61/60/1 38/61/1 18/62/1 53/15/1
f 60/63/1 54/23/1 17/10/1 29/9/1
f 59/64/1 55/65/1 25/66/1 56/67/1
f 58/68/1 36/16/1 12/8/1 57/7/1
f 55/65/1 58/68/1 57/7/1 25/66/1
f 21/42/1 41/39/1 58/68/1 55/65/1
f 41/39/1 7/28/1 36/16/1 58/68/1
f 38/61/1 59/64/1 56/67/1 18/62/1
f 9/36/1 33/43/1 59/64/1 38/61/1
f 33/43/1 21/42/1 55/65/1 59/64/1
f 30/5/1 60/63/1 29/9/1 8/27/1
f 18/62/1 56/67/1 60/63/1 30/5/1
f 56/67/1 25/66/1 54/23/1 60/63/1
f 51/58/1 61/60/1 53/15/1 24/59/1
f 20/49/1 40/37/1 61/60/1 51/58/1
f 40/37/1 9/36/1 38/61/1 61/60/1
f 26/20/1 62/57/1 52/24/1 14/21/1
f 5/4/1 32/50/1 62/57/1 26/20/1
f 32/50/1 20/49/1 51/58/1 62/57/1
f 52/24/1 24/59/1 50/25/1 63/69/1
f 47/29/1 64/53/1 49/56/1 23/52/1
f 15/18/1 27/17/1 64/53/1 47/29/1
f 27/17/1 6/2/1 39/54/1 64/53/1
f 34/3/1 66/47/1 32/50/1 5/4/1
f 10/22/1 48/26/1 66/47/1 34/3/1
f 48/26/1 23/52/1 46/48/1 66/47/1
f 43/33/1 67/32/1 45/30/1 22/45/1
f 39/54/1 68/44/1 44/46/1 19/55/1
f 6/2/1 35/1/1 68/44/1 39/54/1
f 35/1/1 11/19/1 43/33/1 68/44/1
f 31/35/1 69/40/1 33/43/1 9/36/1
f 19/55/1 44/46/1 69/40/1 31/35/1
f 44/46/1 22/45/1 42/41/1 69/40/1
f 42/41/1 70/38/1 41/39/1 21/42/1
f 22/45/1 45/30/1 70/38/1 42/41/1
f 45/30/1 16/14/1 28/13/1 70/38/1
f 46/48/1 71/34/1 40/37/1 20/49/1
f 23/52/1 49/56/1 71/34/1 46/48/1
f 49/56/1 19/55/1 31/35/1 71/34/1
f 50/25/1 72/6/1 37/12/1 13/11/1
f 24/59/1 53/15/1 72/6/1 50/25/1
f 53/15/1 18/62/1 30/5/1 72/6/1
f 25/66/1 57/7/1 73/31/1 54/23/1
f 37/12/1 8/27/1 832/27/1 839/12/1
f 36/16/1 7/28/1 830/28/1 837/16/1
f 35/1/1 6/2/1 828/2/1 835/1/1
f 34/3/1 5/4/1 826/4/1 833/3/1
f 47/29/1 65/51/1 853/51/1 850/29/1
f 126/47/3 111/26/3 866/26/3 876/47/3
f 65/51/1 48/26/1 841/26/1 853/51/1
f 96/50/3 126/47/3 876/47/3 861/50/3
f 111/26/3 125/51/3 875/51/3 866/26/3
f 29/9/1 17/10/1 846/10/1 831/9/1
f 28/13/1 16/14/1 848/14/1 829/13/1
f 63/69/1 50/25/1 842/25/1 852/69/1
f 27/17/1 15/18/1 847/18/1 827/17/1
f 52/24/1 63/69/1 852/69/1 843/24/1
f 131/34/8 103/37/8 77/36/8 95/35/8
f 129/40/8 97/43/8 86/42/8 105/41/8
f 128/44/8 107/46/8 87/45/8 106/33/8
f 126/47/8 96/50/8 85/49/8 109/48/8
f 124/53/8 112/56/8 84/55/8 102/54/8
f 122/60/8 114/15/8 83/62/8 101/61/8
f 120/64/8 117/67/8 90/66/8 116/65/8
f 86/42/8 116/65/8 119/68/8 104/39/8
f 101/61/8 83/62/8 117/67/8 120/64/8
f 77/36/8 101/61/8 120/64/8 97/43/8
f 97/43/8 120/64/8 116/65/8 86/42/8
f 83/62/8 94/5/8 121/63/8 117/67/8
f 113/58/8 89/59/8 114/15/8 122/60/8
f 85/49/8 113/58/8 122/60/8 103/37/8
f 103/37/8 122/60/8 101/61/8 77/36/8
f 26/20/1 14/21/1 844/21/1 825/20/1
f 96/50/8 123/57/8 113/58/8 85/49/8
f 110/29/8 88/52/8 112/56/8 124/53/8
f 111/26/8 126/47/8 109/48/8 88/52/8
f 102/54/8 84/55/8 107/46/8 128/44/8
f 95/35/8 77/36/8 97/43/8 129/40/8
f 84/55/8 95/35/8 129/40/8 107/46/8
f 107/46/8 129/40/8 105/41/8 87/45/8
f 105/41/8 86/42/8 104/39/8 130/38/8
f 87/45/8 105/41/8 130/38/8 108/30/8
f 109/48/8 85/49/8 103/37/8 131/34/8
f 88/52/8 109/48/8 131/34/8 112/56/8
f 112/56/8 131/34/8 95/35/8 84/55/8
f 113/58/2 123/57/2 873/57/2 868/58/2
f 114/15/8 132/6/8 94/5/8 83/62/8
f 201/6/1 159/5/1 137/27/1 166/12/1
f 200/34/1 160/35/1 138/36/1 169/37/1
f 199/38/1 157/13/1 136/28/1 170/39/1
f 198/40/1 171/41/1 150/42/1 162/43/1
f 197/44/1 172/33/1 151/45/1 173/46/1
f 195/47/1 175/48/1 149/49/1 161/50/1
f 194/51/1 176/29/1 152/52/1 177/26/1
f 193/53/1 168/54/1 148/55/1 178/56/1
f 191/57/1 180/58/1 153/59/1 181/24/1
f 190/60/1 167/61/1 147/62/1 182/15/1
f 189/63/1 183/23/1 146/10/1 158/9/1
f 188/64/1 184/65/1 154/66/1 185/67/1
f 187/68/1 165/16/1 141/8/1 186/7/1
f 184/65/1 187/68/1 186/7/1 154/66/1
f 150/42/1 170/39/1 187/68/1 184/65/1
f 170/39/1 136/28/1 165/16/1 187/68/1
f 167/61/1 188/64/1 185/67/1 147/62/1
f 138/36/1 162/43/1 188/64/1 167/61/1
f 162/43/1 150/42/1 184/65/1 188/64/1
f 159/5/1 189/63/1 158/9/1 137/27/1
f 147/62/1 185/67/1 189/63/1 159/5/1
f 185/67/1 154/66/1 183/23/1 189/63/1
f 180/58/1 190/60/1 182/15/1 153/59/1
f 149/49/1 169/37/1 190/60/1 180/58/1
f 169/37/1 138/36/1 167/61/1 190/60/1
f 155/20/1 191/57/1 181/24/1 143/21/1
f 134/4/1 161/50/1 191/57/1 155/20/1
f 161/50/1 149/49/1 180/58/1 191/57/1
f 181/24/1 153/59/1 179/25/1 192/69/1
f 176/29/1 193/53/1 178/56/1 152/52/1
f 144/18/1 156/17/1 193/53/1 176/29/1
f 156/17/1 135/2/1 168/54/1 193/53/1
f 163/3/1 195/47/1 161/50/1 134/4/1
f 139/22/1 177/26/1 195/47/1 163/3/1
f 177/26/1 152/52/1 175/48/1 195/47/1
f 172/33/1 196/32/1 174/30/1 151/45/1
f 168/54/1 197/44/1 173/46/1 148/55/1
f 135/2/1 164/1/1 197/44/1 168/54/1
f 164/1/1 140/19/1 172/33/1 197/44/1
f 160/35/1 198/40/1 162/43/1 138/36/1
f 148/55/1 173/46/1 198/40/1 160/35/1
f 173/46/1 151/45/1 171/41/1 198/40/1
f 171/41/1 199/38/1 170/39/1 150/42/1
f 151/45/1 174/30/1 199/38/1 171/41/1
f 174/30/1 145/14/1 157/13/1 199/38/1
f 175/48/1 200/34/1 169/37/1 149/49/1
f 152/52/1 178/56/1 200/34/1 175/48/1
f 178/56/1 148/55/1 160/35/1 200/34/1
f 179/25/1 201/6/1 166/12/1 142/11/1
f 153/59/1 182/15/1 201/6/1 179/25/1
f 182/15/1 147/62/1 159/5/1 201/6/1
f 154/66/1 186/7/1 202/31/1 183/23/1
f 17/10/1 54/23/1 845/23/1 846/10/1
f 145/14/1 174/30/1 659/30/1 657/14/1
f 179/25/1 142/11/1 649/11/1 651/25/1
f 172/33/1 140/19/1 645/19/1 658/33/1
f 123/57/3 96/50/3 861/50/3 873/57/3
f 177/26/1 139/22/1 643/22/1 650/26/1
f 196/32/1 172/33/1 658/33/1 664/32/1
f 718/23/1 729/31/1 953/31/1 942/23/1
f 174/30/1 196/32/1 664/32/1 659/30/1
f 166/12/1 137/27/1 641/27/1 648/12/1
f 729/31/1 725/7/1 949/7/1 953/31/1
f 165/16/1 136/28/1 639/28/1 646/16/1
f 164/1/1 135/2/1 637/2/1 644/1/1
f 183/23/1 202/31/1 665/31/1 654/23/1
f 163/3/1 134/4/1 635/4/1 642/3/1
f 202/31/1 186/7/1 661/7/1 665/31/1
f 176/29/1 194/51/1 663/51/1 660/29/1
f 269/34/8 238/37/8 207/36/8 229/35/8
f 267/40/8 231/43/8 219/42/8 240/41/8
f 264/47/8 230/50/8 218/49/8 244/48/8
f 262/53/8 247/56/8 217/55/8 237/54/8
f 259/60/8 251/15/8 216/62/8 236/61/8
f 257/64/8 254/67/8 223/66/8 253/65/8
f 253/65/8 223/66/8 255/7/8 256/68/8
f 219/42/8 253/65/8 256/68/8 239/39/8
f 236/61/8 216/62/8 254/67/8 257/64/8
f 207/36/8 236/61/8 257/64/8 231/43/8
f 231/43/8 257/64/8 253/65/8 219/42/8
f 216/62/8 228/5/8 258/63/8 254/67/8
f 254/67/8 258/63/8 252/23/8 223/66/8
f 249/58/8 222/59/8 251/15/8 259/60/8
f 218/49/8 249/58/8 259/60/8 238/37/8
f 238/37/8 259/60/8 236/61/8 207/36/8
f 230/50/8 260/57/8 249/58/8 218/49/8
f 246/26/8 264/47/8 244/48/8 221/52/8
f 237/54/8 217/55/8 242/46/8 266/44/8
f 229/35/8 207/36/8 231/43/8 267/40/8
f 217/55/8 229/35/8 267/40/8 242/46/8
f 242/46/8 267/40/8 240/41/8 220/45/8
f 240/41/8 219/42/8 239/39/8 268/38/8
f 220/45/8 240/41/8 268/38/8 243/30/8
f 244/48/8 218/49/8 238/37/8 269/34/8
f 221/52/8 244/48/8 269/34/8 247/56/8
f 247/56/8 269/34/8 229/35/8 217/55/8
f 251/15/8 270/6/8 228/5/8 216/62/8
f 339/6/1 297/5/1 275/27/1 304/12/1
f 338/34/1 298/35/1 276/36/1 307/37/1
f 337/38/1 295/13/1 274/28/1 308/39/1
f 336/40/1 309/41/1 288/42/1 300/43/1
f 335/44/1 310/33/1 289/45/1 311/46/1
f 333/47/1 313/48/1 287/49/1 299/50/1
f 332/51/1 314/29/1 290/52/1 315/26/1
f 331/53/1 306/54/1 286/55/1 316/56/1
f 329/57/1 318/58/1 291/59/1 319/24/1
f 328/60/1 305/61/1 285/62/1 320/15/1
f 327/63/1 321/23/1 284/10/1 296/9/1
f 326/64/1 322/65/1 292/66/1 323/67/1
f 325/68/1 303/16/1 279/8/1 324/7/1
f 322/65/1 325/68/1 324/7/1 292/66/1
f 288/42/1 308/39/1 325/68/1 322/65/1
f 308/39/1 274/28/1 303/16/1 325/68/1
f 305/61/1 326/64/1 323/67/1 285/62/1
f 276/36/1 300/43/1 326/64/1 305/61/1
f 300/43/1 288/42/1 322/65/1 326/64/1
f 297/5/1 327/63/1 296/9/1 275/27/1
f 285/62/1 323/67/1 327/63/1 297/5/1
f 323/67/1 292/66/1 321/23/1 327/63/1
f 318/58/1 328/60/1 320/15/1 291/59/1
f 287/49/1 307/37/1 328/60/1 318/58/1
f 307/37/1 276/36/1 305/61/1 328/60/1
f 293/20/1 329/57/1 319/24/1 281/21/1
f 272/4/1 299/50/1 329/57/1 293/20/1
f 299/50/1 287/49/1 318/58/1 329/57/1
f 319/24/1 291/59/1 317/25/1 330/69/1
f 314/29/1 331/53/1 316/56/1 290/52/1
f 282/18/1 294/17/1 331/53/1 314/29/1
f 294/17/1 273/2/1 306/54/1 331/53/1
f 301/3/1 333/47/1 299/50/1 272/4/1
f 277/22/1 315/26/1 333/47/1 301/3/1
f 315/26/1 290/52/1 313/48/1 333/47/1
f 310/33/1 334/32/1 312/30/1 289/45/1
f 306/54/1 335/44/1 311/46/1 286/55/1
f 273/2/1 302/1/1 335/44/1 306/54/1
f 302/1/1 278/19/1 310/33/1 335/44/1
f 298/35/1 336/40/1 300/43/1 276/36/1
f 286/55/1 311/46/1 336/40/1 298/35/1
f 311/46/1 289/45/1 309/41/1 336/40/1
f 309/41/1 337/38/1 308/39/1 288/42/1
f 289/45/1 312/30/1 337/38/1 309/41/1
f 312/30/1 283/14/1 295/13/1 337/38/1
f 313/48/1 338/34/1 307/37/1 287/49/1
f 290/52/1 316/56/1 338/34/1 313/48/1
f 316/56/1 286/55/1 298/35/1 338/34/1
f 317/25/1 339/6/1 304/12/1 280/11/1
f 291/59/1 320/15/1 339/6/1 317/25/1
f 320/15/1 285/62/1 297/5/1 339/6/1
f 292/66/1 324/7/1 340/31/1 321/23/1
f 408/6/8 373/12/8 344/27/8 366/5/8
f 407/34/8 376/37/8 345/36/8 367/35/8
f 405/40/8 369/43/8 357/42/8 378/41/8
f 404/44/8 380/46/8 358/45/8 379/33/8
f 402/47/8 368/50/8 356/49/8 382/48/8
f 400/53/8 385/56/8 355/55/8 375/54/8
f 397/60/8 389/15/8 354/62/8 374/61/8
f 395/64/8 392/67/8 361/66/8 391/65/8
f 357/42/8 391/65/8 394/68/8 377/39/8
f 374/61/8 354/62/8 392/67/8 395/64/8
f 345/36/8 374/61/8 395/64/8 369/43/8
f 369/43/8 395/64/8 391/65/8 357/42/8
f 354/62/8 366/5/8 396/63/8 392/67/8
f 387/58/8 360/59/8 389/15/8 397/60/8
f 356/49/8 387/58/8 397/60/8 376/37/8
f 376/37/8 397/60/8 374/61/8 345/36/8
f 368/50/8 398/57/8 387/58/8 356/49/8
f 363/17/8 400/53/8 375/54/8 342/2/8
f 375/54/8 355/55/8 380/46/8 404/44/8
f 342/2/8 375/54/8 404/44/8 371/1/8
f 367/35/8 345/36/8 369/43/8 405/40/8
f 355/55/8 367/35/8 405/40/8 380/46/8
f 380/46/8 405/40/8 378/41/8 358/45/8
f 378/41/8 357/42/8 377/39/8 406/38/8
f 358/45/8 378/41/8 406/38/8 381/30/8
f 382/48/8 356/49/8 376/37/8 407/34/8
f 359/52/8 382/48/8 407/34/8 385/56/8
f 385/56/8 407/34/8 367/35/8 355/55/8
f 389/15/8 408/6/8 366/5/8 354/62/8
f 477/6/1 435/5/1 413/27/1 442/12/1
f 476/34/1 436/35/1 414/36/1 445/37/1
f 475/38/1 433/13/1 412/28/1 446/39/1
f 474/40/1 447/41/1 426/42/1 438/43/1
f 473/44/1 448/33/1 427/45/1 449/46/1
f 471/47/1 451/48/1 425/49/1 437/50/1
f 470/51/1 452/29/1 428/52/1 453/26/1
f 469/53/1 444/54/1 424/55/1 454/56/1
f 467/57/1 456/58/1 429/59/1 457/24/1
f 466/60/1 443/61/1 423/62/1 458/15/1
f 465/63/1 459/23/1 422/10/1 434/9/1
f 464/64/1 460/65/1 430/66/1 461/67/1
f 463/68/1 441/16/1 417/8/1 462/7/1
f 460/65/1 463/68/1 462/7/1 430/66/1
f 426/42/1 446/39/1 463/68/1 460/65/1
f 446/39/1 412/28/1 441/16/1 463/68/1
f 443/61/1 464/64/1 461/67/1 423/62/1
f 414/36/1 438/43/1 464/64/1 443/61/1
f 438/43/1 426/42/1 460/65/1 464/64/1
f 435/5/1 465/63/1 434/9/1 413/27/1
f 423/62/1 461/67/1 465/63/1 435/5/1
f 461/67/1 430/66/1 459/23/1 465/63/1
f 456/58/1 466/60/1 458/15/1 429/59/1
f 425/49/1 445/37/1 466/60/1 456/58/1
f 445/37/1 414/36/1 443/61/1 466/60/1
f 431/20/1 467/57/1 457/24/1 419/21/1
f 410/4/1 437/50/1 467/57/1 431/20/1
f 437/50/1 425/49/1 456/58/1 467/57/1
f 457/24/1 429/59/1 455/25/1 468/69/1
f 452/29/1 469/53/1 454/56/1 428/52/1
f 420/18/1 432/17/1 469/53/1 452/29/1
f 432/17/1 411/2/1 444/54/1 469/53/1
f 439/3/1 471/47/1 437/50/1 410/4/1
f 415/22/1 453/26/1 471/47/1 439/3/1
f 453/26/1 428/52/1 451/48/1 471/47/1
f 448/33/1 472/32/1 450/30/1 427/45/1
f 444/54/1 473/44/1 449/46/1 424/55/1
f 411/2/1 440/1/1 473/44/1 444/54/1
f 440/1/1 416/19/1 448/33/1 473/44/1
f 436/35/1 474/40/1 438/43/1 414/36/1
f 424/55/1 449/46/1 474/40/1 436/35/1
f 449/46/1 427/45/1 447/41/1 474/40/1
f 447/41/1 475/38/1 446/39/1 426/42/1
f 427/45/1 450/30/1 475/38/1 447/41/1
f 450/30/1 421/14/1 433/13/1 475/38/1
f 451/48/1 476/34/1 445/37/1 425/49/1
f 428/52/1 454/56/1 476/34/1 451/48/1
f 454/56/1 424/55/1 436/35/1 476/34/1
f 455/25/1 477/6/1 442/12/1 418/11/1
f 429/59/1 458/15/1 477/6/1 455/25/1
f 458/15/1 423/62/1 435/5/1 477/6/1
f 430/66/1 462/7/1 478/31/1 459/23/1
f 344/27/6 373/12/6 442/12/6 413/27/6
f 342/2/2 371/1/2 440/1/2 411/2/2
f 363/17/2 342/2/2 411/2/2 432/17/2
f 504/5/6 546/6/6 967/6/6 550/5/6
f 545/34/8 514/37/8 483/36/8 505/35/8
f 543/40/8 507/43/8 495/42/8 516/41/8
f 542/44/8 518/46/8 496/45/8 517/33/8
f 540/47/8 506/50/8 494/49/8 520/48/8
f 538/53/8 523/56/8 493/55/8 513/54/8
f 536/57/8 526/24/8 498/59/8 525/58/8
f 535/60/8 527/15/8 492/62/8 512/61/8
f 534/63/8 503/9/8 491/10/8 528/23/8
f 533/64/8 530/67/8 499/66/8 529/65/8
f 532/68/8 531/7/8 486/8/8 510/16/8
f 529/65/8 499/66/8 531/7/8 532/68/8
f 495/42/8 529/65/8 532/68/8 515/39/8
f 575/39/4 599/38/4 965/38/4 963/39/4
f 512/61/8 492/62/8 530/67/8 533/64/8
f 483/36/8 512/61/8 533/64/8 507/43/8
f 507/43/8 533/64/8 529/65/8 495/42/8
f 504/5/8 482/27/8 503/9/8 534/63/8
f 492/62/8 504/5/8 534/63/8 530/67/8
f 530/67/8 534/63/8 528/23/8 499/66/8
f 525/58/8 498/59/8 527/15/8 535/60/8
f 494/49/8 525/58/8 535/60/8 514/37/8
f 514/37/8 535/60/8 512/61/8 483/36/8
f 500/20/8 488/21/8 526/24/8 536/57/8
f 479/4/8 500/20/8 536/57/8 506/50/8
f 506/50/8 536/57/8 525/58/8 494/49/8
f 526/24/8 537/69/8 524/25/8 498/59/8
f 521/29/8 497/52/8 523/56/8 538/53/8
f 489/18/8 521/29/8 538/53/8 501/17/8
f 501/17/8 538/53/8 513/54/8 480/2/8
f 508/3/8 479/4/8 506/50/8 540/47/8
f 484/22/8 508/3/8 540/47/8 522/26/8
f 522/26/8 540/47/8 520/48/8 497/52/8
f 517/33/8 496/45/8 519/30/8 541/32/8
f 513/54/8 493/55/8 518/46/8 542/44/8
f 480/2/8 513/54/8 542/44/8 509/1/8
f 509/1/8 542/44/8 517/33/8 485/19/8
f 505/35/8 483/36/8 507/43/8 543/40/8
f 493/55/8 505/35/8 543/40/8 518/46/8
f 518/46/8 543/40/8 516/41/8 496/45/8
f 516/41/8 495/42/8 515/39/8 544/38/8
f 496/45/8 516/41/8 544/38/8 519/30/8
f 519/30/8 544/38/8 502/13/8 490/14/8
f 520/48/8 494/49/8 514/37/8 545/34/8
f 497/52/8 520/48/8 545/34/8 523/56/8
f 523/56/8 545/34/8 505/35/8 493/55/8
f 524/25/8 487/11/8 511/12/8 546/6/8
f 498/59/8 524/25/8 546/6/8 527/15/8
f 527/15/8 546/6/8 504/5/8 492/62/8
f 499/66/8 528/23/8 547/31/8 531/7/8
f 573/12/3 600/6/3 971/6/3 970/12/3
f 588/67/3 591/63/3 759/63/3 753/67/3
f 568/5/6 600/6/6 768/6/6 754/5/6
f 1006/51/1 1007/26/1 1023/26/1 1022/51/1
f 575/39/3 590/68/3 757/68/3 739/39/3
f 592/57/1 583/58/1 562/59/1 584/24/1
f 585/15/6 562/59/6 749/59/6 750/15/6
f 598/44/2 577/33/2 742/33/2 764/44/2
f 590/68/1 572/16/1 554/8/1 589/7/1
f 587/65/1 590/68/1 589/7/1 563/66/1
f 581/56/4 594/53/4 762/53/4 746/56/4
f 590/68/4 575/39/4 963/39/4 964/68/4
f 576/41/2 599/38/2 766/38/2 741/41/2
f 596/47/4 580/26/4 756/26/4 763/47/4
f 600/6/4 585/15/4 750/15/4 768/6/4
f 568/5/1 591/63/1 567/9/1 551/27/1
f 574/54/2 598/44/2 764/44/2 735/54/2
f 588/67/1 563/66/1 586/23/1 591/63/1
f 560/45/3 576/41/3 741/41/3 743/45/3
f 569/50/4 596/47/4 763/47/4 755/50/4
f 563/66/6 588/67/6 753/67/6 752/66/6
f 562/59/4 583/58/4 748/58/4 749/59/4
f 584/24/1 562/59/1 582/25/1 593/69/1
f 579/29/1 594/53/1 581/56/1 561/52/1
f 594/53/6 579/29/6 786/29/6 787/53/6
f 565/17/1 549/2/1 574/54/1 594/53/1
f 570/3/1 596/47/1 569/50/1 548/4/1
f 552/22/1 580/26/1 596/47/1 570/3/1
f 599/38/3 575/39/3 739/39/3 766/38/3
f 577/33/1 597/32/1 578/30/1 560/45/1
f 580/26/2 561/52/2 747/52/2 756/26/2
f 549/2/1 571/1/1 598/44/1 574/54/1
f 485/19/8 517/33/8 789/33/8 788/19/8
f 577/33/3 560/45/3 743/45/3 742/33/3
f 583/58/6 592/57/6 761/57/6 748/58/6
f 561/52/2 581/56/2 746/56/2 747/52/2
f 594/53/2 574/54/2 735/54/2 762/53/2
f 560/45/1 578/30/1 599/38/1 576/41/1
f 578/30/1 558/14/1 566/13/1 599/38/1
f 591/63/6 568/5/6 754/5/6 759/63/6
f 592/57/4 569/50/4 755/50/4 761/57/4
f 587/65/3 563/66/3 752/66/3 751/65/3
f 582/25/1 600/6/1 573/12/1 555/11/1
f 562/59/1 585/15/1 600/6/1 582/25/1
f 590/68/6 587/65/6 751/65/6 757/68/6
f 563/66/1 589/7/1 601/31/1 586/23/1
f 599/38/2 566/13/2 960/13/2 965/38/2
f 566/13/2 502/13/2 954/13/2 960/13/2
f 541/32/3 519/30/3 578/30/3 597/32/3
f 511/12/3 573/12/3 970/12/3 966/12/3
f 503/9/6 482/27/6 551/27/6 567/9/6
f 517/33/2 541/32/2 597/32/2 577/33/2
f 537/69/4 526/24/4 584/24/4 593/69/4
f 524/25/6 537/69/6 593/69/6 582/25/6
f 501/17/3 565/17/3 785/17/3 782/17/3
f 490/14/3 502/13/3 566/13/3 558/14/3
f 508/3/4 484/22/4 552/22/4 570/3/4
f 577/33/6 598/44/6 793/44/6 792/33/6
f 509/1/8 485/19/8 788/19/8 557/1/8
f 486/8/6 531/7/6 589/7/6 554/8/6
f 510/16/3 486/8/3 554/8/3 572/16/3
f 1004/51/2 1006/51/2 1022/51/2 1020/51/2
f 487/11/4 524/25/4 582/25/4 555/11/4
f 531/7/3 547/31/3 601/31/3 589/7/3
f 519/30/2 490/14/2 558/14/2 578/30/2
f 511/12/6 487/11/6 555/11/6 573/12/6
f 547/31/6 528/23/6 586/23/6 601/31/6
f 521/29/8 489/18/8 781/18/8 783/29/8
f 479/4/4 508/3/4 570/3/4 548/4/4
f 480/2/2 509/1/2 571/1/2 549/2/2
f 501/17/2 480/2/2 549/2/2 565/17/2
f 660/29/1 663/51/1 727/51/1 724/29/1
f 614/16/1 615/8/1 679/8/1 678/16/1
f 635/4/1 634/20/1 698/20/1 699/4/1
f 663/51/1 650/26/1 714/26/1 727/51/1
f 612/1/1 613/19/1 677/19/1 676/1/1
f 633/31/1 622/23/1 686/23/1 697/31/1
f 662/69/1 651/25/1 715/25/1 726/69/1
f 610/3/1 611/22/1 675/22/1 674/3/1
f 629/7/1 633/31/1 697/31/1 693/7/1
f 652/24/1 662/69/1 726/69/1 716/24/1
f 608/9/1 609/27/1 673/27/1 672/9/1
f 626/33/1 632/32/1 696/32/1 690/33/1
f 661/7/1 647/8/1 711/8/1 725/7/1
f 606/13/1 607/28/1 671/28/1 670/13/1
f 632/32/1 627/30/1 691/30/1 696/32/1
f 656/18/1 660/29/1 724/29/1 720/18/1
f 604/17/1 605/2/1 669/2/1 668/17/1
f 631/51/1 628/29/1 692/29/1 695/51/1
f 657/14/1 659/30/1 723/30/1 721/14/1
f 602/20/1 603/4/1 667/4/1 666/20/1
f 618/26/1 631/51/1 695/51/1 682/26/1
f 658/33/1 645/19/1 709/19/1 722/33/1
f 619/25/1 630/69/1 694/69/1 683/25/1
f 648/12/1 641/27/1 705/27/1 712/12/1
f 630/69/1 620/24/1 684/24/1 694/69/1
f 646/16/1 639/28/1 703/28/1 710/16/1
f 615/8/1 629/7/1 693/7/1 679/8/1
f 644/1/1 637/2/1 701/2/1 708/1/1
f 628/29/1 624/18/1 688/18/1 692/29/1
f 642/3/1 635/4/1 699/4/1 706/3/1
f 627/30/1 625/14/1 689/14/1 691/30/1
f 640/9/1 655/10/1 719/10/1 704/9/1
f 143/21/1 181/24/1 652/24/1 653/21/1
f 134/4/1 155/20/1 634/20/1 635/4/1
f 144/18/1 176/29/1 660/29/1 656/18/1
f 135/2/1 156/17/1 636/17/1 637/2/1
f 146/10/1 183/23/1 654/23/1 655/10/1
f 136/28/1 157/13/1 638/13/1 639/28/1
f 137/27/1 158/9/1 640/9/1 641/27/1
f 181/24/1 192/69/1 662/69/1 652/24/1
f 155/20/1 143/21/1 653/21/1 634/20/1
f 192/69/1 179/25/1 651/25/1 662/69/1
f 14/21/1 52/24/1 843/24/1 844/21/1
f 156/17/1 144/18/1 656/18/1 636/17/1
f 157/13/1 145/14/1 657/14/1 638/13/1
f 139/22/1 163/3/1 642/3/1 643/22/1
f 158/9/1 146/10/1 655/10/1 640/9/1
f 140/19/1 164/1/1 644/1/1 645/19/1
f 141/8/1 165/16/1 646/16/1 647/8/1
f 186/7/1 141/8/1 647/8/1 661/7/1
f 43/33/4 2/33/4 809/33/4 855/33/4
f 142/11/1 166/12/1 648/12/1 649/11/1
f 728/32/1 722/33/1 946/33/1 952/32/1
f 194/51/1 177/26/1 650/26/1 663/51/1
f 114/15/2 89/59/2 869/59/2 872/15/2
f 723/30/1 728/32/1 952/32/1 947/30/1
f 50/25/1 13/11/1 840/11/1 842/25/1
f 724/29/1 727/51/1 951/51/1 948/29/1
f 89/59/3 113/58/3 868/58/3 869/59/3
f 727/51/1 714/26/1 938/26/1 951/51/1
f 48/26/1 10/22/1 834/22/1 841/26/1
f 726/69/1 715/25/1 939/25/1 950/69/1
f 45/30/4 3/30/4 810/30/4 849/30/4
f 716/24/1 726/69/1 950/69/1 940/24/1
f 725/7/1 711/8/1 935/8/1 949/7/1
f 720/18/1 724/29/1 948/29/1 944/18/1
f 721/14/1 723/30/1 947/30/1 945/14/1
f 54/23/1 73/31/1 856/31/1 845/23/1
f 722/33/1 709/19/1 933/19/1 946/33/1
f 73/31/1 57/7/1 851/7/1 856/31/1
f 712/12/1 705/27/1 929/27/1 936/12/1
f 710/16/1 703/28/1 927/28/1 934/16/1
f 637/2/1 636/17/1 700/17/1 701/2/1
f 616/12/1 617/11/1 681/11/1 680/12/1
f 659/30/1 664/32/1 728/32/1 723/30/1
f 639/28/1 638/13/1 702/13/1 703/28/1
f 611/22/1 618/26/1 682/26/1 675/22/1
f 664/32/1 658/33/1 722/33/1 728/32/1
f 641/27/1 640/9/1 704/9/1 705/27/1
f 617/11/1 619/25/1 683/25/1 681/11/1
f 665/31/1 661/7/1 725/7/1 729/31/1
f 643/22/1 642/3/1 706/3/1 707/22/1
f 620/24/1 621/21/1 685/21/1 684/24/1
f 654/23/1 665/31/1 729/31/1 718/23/1
f 645/19/1 644/1/1 708/1/1 709/19/1
f 622/23/1 623/10/1 687/10/1 686/23/1
f 647/8/1 646/16/1 710/16/1 711/8/1
f 621/21/1 602/20/1 666/20/1 685/21/1
f 649/11/1 648/12/1 712/12/1 713/11/1
f 624/18/1 604/17/1 668/17/1 688/18/1
f 650/26/1 643/22/1 707/22/1 714/26/1
f 625/14/1 606/13/1 670/13/1 689/14/1
f 651/25/1 649/11/1 713/11/1 715/25/1
f 623/10/1 608/9/1 672/9/1 687/10/1
f 653/21/1 652/24/1 716/24/1 717/21/1
f 603/4/1 610/3/1 674/3/1 667/4/1
f 655/10/1 654/23/1 718/23/1 719/10/1
f 605/2/1 612/1/1 676/1/1 669/2/1
f 634/20/1 653/21/1 717/21/1 698/20/1
f 607/28/1 614/16/1 678/16/1 671/28/1
f 636/17/1 656/18/1 720/18/1 700/17/1
f 609/27/1 616/12/1 680/12/1 673/27/1
f 638/13/1 657/14/1 721/14/1 702/13/1
f 613/19/1 626/33/1 690/33/1 677/19/1
f 767/34/1 730/35/1 731/36/1 737/37/1
f 765/40/1 741/41/1 740/42/1 732/43/1
f 764/44/1 742/33/1 743/45/1 744/46/1
f 763/47/1 745/48/1 738/49/1 755/50/1
f 762/53/1 735/54/1 736/55/1 746/56/1
f 760/60/1 733/61/1 734/62/1 750/15/1
f 758/64/1 751/65/1 752/66/1 753/67/1
f 740/42/1 739/39/1 757/68/1 751/65/1
f 733/61/1 758/64/1 753/67/1 734/62/1
f 731/36/1 732/43/1 758/64/1 733/61/1
f 734/62/1 753/67/1 759/63/1 754/5/1
f 748/58/1 760/60/1 750/15/1 749/59/1
f 737/37/1 731/36/1 733/61/1 760/60/1
f 755/50/1 738/49/1 748/58/1 761/57/1
f 756/26/1 747/52/1 745/48/1 763/47/1
f 735/54/1 764/44/1 744/46/1 736/55/1
f 730/35/1 765/40/1 732/43/1 731/36/1
f 736/55/1 744/46/1 765/40/1 730/35/1
f 744/46/1 743/45/1 741/41/1 765/40/1
f 741/41/1 766/38/1 739/39/1 740/42/1
f 745/48/1 767/34/1 737/37/1 738/49/1
f 747/52/1 746/56/1 767/34/1 745/48/1
f 750/15/1 734/62/1 754/5/1 768/6/1
f 730/35/6 767/34/6 780/34/6 772/35/6
f 784/18/11 785/17/11 787/53/11 786/29/11
f 781/18/12 782/17/12 785/17/12 784/18/12
f 783/29/13 781/18/13 784/18/13 786/29/13
f 579/29/6 521/29/6 783/29/6 786/29/6
f 565/17/3 594/53/3 787/53/3 785/17/3
f 489/18/8 501/17/8 782/17/8 781/18/8
f 790/1/14 791/19/14 792/33/14 793/44/14
f 788/19/15 789/33/15 792/33/15 791/19/15
f 557/1/16 788/19/16 791/19/16 790/1/16
f 598/44/4 571/1/4 790/1/4 793/44/4
f 517/33/6 577/33/6 792/33/6 789/33/6
f 869/59/8 867/25/8 877/6/8 872/15/8
f 865/11/8 867/25/8 880/25/8 887/11/8
f 959/38/82 957/39/82 955/28/82 954/13/82
f 957/39/82 958/68/82 956/16/82 955/28/82
f 965/38/83 960/13/83 961/28/83 963/39/83
f 963/39/83 961/28/83 962/16/83 964/68/83
f 955/28/3 956/16/3 962/16/3 961/28/3
f 954/13/3 955/28/3 961/28/3 960/13/3
f 502/13/2 544/38/2 959/38/2 954/13/2
f 515/39/4 532/68/4 958/68/4 957/39/4
f 544/38/4 515/39/4 957/39/4 959/38/4
f 572/16/6 590/68/6 964/68/6 962/16/6
f 967/6/84 966/12/84 481/27/84 550/5/84
f 971/6/85 968/5/85 969/27/85 970/12/85
f 481/27/6 966/12/6 970/12/6 969/27/6
f 568/5/4 551/27/4 969/27/4 968/5/4
f 600/6/6 568/5/6 968/5/6 971/6/6
f 551/27/4 482/27/4 481/27/4 969/27/4
f 482/27/4 504/5/4 550/5/4 481/27/4
f 546/6/3 511/12/3 966/12/3 967/6/3
f 972/4/1 973/50/1 974/57/1 975/20/1
f 569/50/2 973/50/2 972/4/2 548/4/2
f 592/57/3 974/57/3 973/50/3 569/50/3
f 564/20/6 975/20/6 974/57/6 592/57/6
f 548/4/4 972/4/4 975/20/4 564/20/4
f 548/4/2 978/4/2 977/4/2 479/4/2
f 564/20/1 979/20/1 978/4/1 548/4/1
f 980/51/1 981/26/1 996/26/1 997/51/1
f 522/26/1 981/26/1 980/51/1 539/51/1
f 497/52/1 982/52/1 981/26/1 522/26/1
f 521/29/1 983/29/1 982/52/1 497/52/1
f 539/51/1 980/51/1 983/29/1 521/29/1
f 995/51/1 992/51/1 1009/51/1 1011/51/1
f 579/29/1 985/29/1 984/51/1 595/51/1
f 561/52/1 986/52/1 985/29/1 579/29/1
f 580/26/1 987/26/1 986/52/1 561/52/1
f 595/51/1 984/51/1 987/26/1 580/26/1
f 991/26/1 988/26/1 1005/26/1 1007/26/1
f 539/51/1 989/51/1 988/26/1 522/26/1
f 595/51/1 990/51/1 989/51/1 539/51/1
f 580/26/1 991/26/1 990/51/1 595/51/1
f 522/26/1 988/26/1 991/26/1 580/26/1
f 994/29/1 995/51/1 1011/51/1 1010/29/1
f 521/29/1 993/29/1 992/51/1 539/51/1
f 579/29/1 994/29/1 993/29/1 521/29/1
f 595/51/1 995/51/1 994/29/1 579/29/1
f 539/51/1 992/51/1 995/51/1 595/51/1
f 984/51/1 985/29/1 1000/29/1 1001/51/1
f 981/26/1 982/52/1 998/52/1 996/26/1
f 988/26/1 989/51/1 1004/51/1 1005/26/1
f 985/29/1 986/52/1 1002/52/1 1000/29/1
f 992/51/1 993/29/1 1008/29/1 1009/51/1
f 982/52/1 983/29/1 999/29/1 998/52/1
f 989/51/1 990/51/1 1006/51/1 1004/51/1
f 986/52/1 987/26/1 1003/26/1 1002/52/1
f 993/29/1 994/29/1 1010/29/1 1008/29/1
f 983/29/1 980/51/1 997/51/1 999/29/1
f 990/51/1 991/26/1 1007/26/1 1006/51/1
f 987/26/1 984/51/1 1001/51/1 1003/26/1
f 1021/26/4 1020/51/4 1022/51/4 1023/26/4
f 1017/51/1 1016/29/1 1018/52/1 1019/26/1
f 1007/26/6 1005/26/6 1021/26/6 1023/26/6
f 1001/51/2 1000/29/2 1016/29/2 1017/51/2
f 1000/29/3 1002/52/3 1018/52/3 1016/29/3
f 1008/29/3 1010/29/3 1026/29/3 1024/29/3
f 1002/52/6 1003/26/6 1019/26/6 1018/52/6
f 1003/26/4 1001/51/4 1017/51/4 1019/26/4
f 1005/26/8 1004/51/8 1020/51/8 1021/26/8
f 996/26/6 998/52/6 1014/52/6 1012/26/6
usemtl b
f 2/33/3 1/19/3 804/19/3 809/33/3
f 3/30/3 4/32/3 823/32/3 810/30/3
f 817/10/17 816/23/17 1073/23/17 1074/10/17
f 803/1/18 796/2/18 1031/2/18 1043/1/18
f 801/3/19 794/4/19 1029/4/19 1041/3/19
f 800/27/20 799/9/20 1034/9/20 1035/27/20
f 819/18/21 811/29/21 1063/29/21 1079/18/21
f 815/21/22 814/24/22 1070/24/22 1071/21/22
f 798/28/23 797/13/23 1032/13/23 1033/28/23
f 816/23/24 824/31/24 1096/31/24 1073/23/24
f 808/11/25 807/12/25 1047/12/25 1048/11/25
f 796/2/26 795/17/26 1030/17/26 1031/2/26
f 820/14/27 810/30/27 1061/30/27 1080/14/27
f 824/31/28 818/7/28 1078/7/28 1096/31/28
f 813/25/29 808/11/29 1048/11/29 1067/25/29
f 811/29/30 822/51/30 1088/51/30 1063/29/30
f 806/8/31 805/16/31 1045/16/31 1046/8/31
f 794/4/19 553/20/19 1028/20/19 1029/4/19
f 822/51/32 812/26/32 1065/26/32 1088/51/32
f 818/7/33 806/8/33 1046/8/33 1078/7/33
f 804/19/34 803/1/34 1043/1/34 1044/19/34
f 809/33/35 804/19/35 1044/19/35 1058/33/35
f 812/26/36 802/22/36 1042/22/36 1065/26/36
f 799/9/37 817/10/37 1074/10/37 1034/9/37
f 802/22/38 801/3/38 1041/3/38 1042/22/38
f 797/13/39 820/14/39 1080/14/39 1032/13/39
f 795/17/40 819/18/40 1079/18/40 1030/17/40
f 553/20/41 815/21/41 1071/21/41 1028/20/41
f 821/69/42 813/25/42 1067/25/42 1086/69/42
f 814/24/43 821/69/43 1086/69/43 1070/24/43
f 823/32/44 809/33/44 1058/33/44 1090/32/44
f 807/12/20 800/27/20 1035/27/20 1047/12/20
f 810/30/45 823/32/45 1090/32/45 1061/30/45
f 805/16/46 798/28/46 1033/28/46 1045/16/46
f 1095/6/86 1047/12/86 1035/27/86 1036/5/86
f 1094/34/8 1053/37/8 1038/36/8 1037/35/8
f 1093/38/87 1055/39/87 1033/28/87 1032/13/87
f 1092/40/8 1040/43/8 1056/42/8 1057/41/8
f 1091/44/88 1060/46/88 1059/45/88 1058/33/88
f 1089/47/8 1039/50/8 1054/49/8 1062/48/8
f 1088/51/89 1065/26/89 1064/52/89 1063/29/89
f 1087/53/8 1066/56/8 1052/55/8 1051/54/8
f 1085/57/90 1070/24/90 1069/59/90 1068/58/90
f 1084/60/8 1072/15/8 1050/62/8 1049/61/8
f 1083/63/91 1034/9/91 1074/10/91 1073/23/91
f 1082/64/8 1077/67/8 1076/66/8 1075/65/8
f 1081/68/92 1078/7/92 1046/8/92 1045/16/92
f 1075/65/93 1076/66/93 1078/7/93 1081/68/93
f 1056/42/8 1075/65/8 1081/68/8 1055/39/8
f 1055/39/87 1081/68/87 1045/16/87 1033/28/87
f 1049/61/8 1050/62/8 1077/67/8 1082/64/8
f 1038/36/8 1049/61/8 1082/64/8 1040/43/8
f 1040/43/8 1082/64/8 1075/65/8 1056/42/8
f 1036/5/86 1035/27/86 1034/9/86 1083/63/86
f 1050/62/8 1036/5/8 1083/63/8 1077/67/8
f 1077/67/93 1083/63/93 1073/23/93 1076/66/93
f 1068/58/8 1069/59/8 1072/15/8 1084/60/8
f 1054/49/8 1068/58/8 1084/60/8 1053/37/8
f 1053/37/8 1084/60/8 1049/61/8 1038/36/8
f 1028/20/94 1071/21/94 1070/24/94 1085/57/94
f 1029/4/95 1028/20/95 1085/57/95 1039/50/95
f 1039/50/8 1085/57/8 1068/58/8 1054/49/8
f 1070/24/96 1086/69/96 1067/25/96 1069/59/96
f 1063/29/97 1064/52/97 1066/56/97 1087/53/97
f 1079/18/98 1063/29/98 1087/53/98 1030/17/98
f 1030/17/99 1087/53/99 1051/54/99 1031/2/99
f 1041/3/95 1029/4/95 1039/50/95 1089/47/95
f 1042/22/100 1041/3/100 1089/47/100 1065/26/100
f 1065/26/97 1089/47/97 1062/48/97 1064/52/97
f 1058/33/101 1059/45/101 1061/30/101 1090/32/101
f 1051/54/8 1052/55/8 1060/46/8 1091/44/8
f 1031/2/99 1051/54/99 1091/44/99 1043/1/99
f 1043/1/102 1091/44/102 1058/33/102 1044/19/102
f 1037/35/8 1038/36/8 1040/43/8 1092/40/8
f 1052/55/8 1037/35/8 1092/40/8 1060/46/8
f 1060/46/8 1092/40/8 1057/41/8 1059/45/8
f 1057/41/8 1056/42/8 1055/39/8 1093/38/8
f 1059/45/88 1057/41/88 1093/38/88 1061/30/88
f 1061/30/103 1093/38/103 1032/13/103 1080/14/103
f 1062/48/8 1054/49/8 1053/37/8 1094/34/8
f 1064/52/8 1062/48/8 1094/34/8 1066/56/8
f 1066/56/8 1094/34/8 1037/35/8 1052/55/8
f 1067/25/104 1048/11/104 1047/12/104 1095/6/104
f 1069/59/90 1067/25/90 1095/6/90 1072/15/90
f 1072/15/8 1095/6/8 1036/5/8 1050/62/8
f 1076/66/105 1073/23/105 1096/31/105 1078/7/105
usemtl c
f 610/3/4 603/4/4 885/4/4 878/3/4
f 602/20/5 621/21/5 881/21/5 882/20/5
f 76/27/3 94/5/3 859/5/3 860/27/3
f 621/21/6 620/24/6 884/24/6 881/21/6
f 619/25/4 617/11/4 887/11/4 880/25/4
f 618/26/2 611/22/2 879/22/2 888/26/2
f 617/11/7 616/12/7 886/12/7 887/11/7
f 697/31/8 686/23/8 910/23/8 921/31/8
f 611/22/9 610/3/9 878/3/9 879/22/9
f 693/7/8 697/31/8 921/31/8 917/7/8
f 690/33/8 696/32/8 920/32/8 914/33/8
f 125/51/10 631/51/10 889/51/10 875/51/10
f 4/32/3 3/30/3 45/30/3 67/32/3
f 696/32/8 691/30/8 915/30/8 920/32/8
f 616/12/3 100/12/3 864/12/3 886/12/3
f 695/51/8 692/29/8 916/29/8 919/51/8
f 603/4/4 602/20/4 882/20/4 885/4/4
f 682/26/8 695/51/8 919/51/8 906/26/8
f 100/12/6 76/27/6 860/27/6 864/12/6
f 683/25/8 694/69/8 918/69/8 907/25/8
f 1/19/3 2/33/3 43/33/3 11/19/3
f 694/69/8 684/24/8 908/24/8 918/69/8
f 679/8/8 693/7/8 917/7/8 903/8/8
f 1/19/3 11/19/3 836/19/3 804/19/3
f 692/29/8 688/18/8 912/18/8 916/29/8
f 691/30/8 689/14/8 913/14/8 915/30/8
f 677/19/8 690/33/8 914/33/8 901/19/8
f 673/27/8 680/12/8 904/12/8 897/27/8
f 671/28/8 678/16/8 902/16/8 895/28/8
f 130/38/8 104/39/8 75/28/8 92/13/8
f 125/51/8 111/26/8 88/52/8 110/29/8
f 669/2/8 676/1/8 900/1/8 893/2/8
f 121/63/8 93/9/8 82/10/8 115/23/8
f 119/68/8 118/7/8 79/8/8 99/16/8
f 116/65/8 90/66/8 118/7/8 119/68/8
f 104/39/8 119/68/8 99/16/8 75/28/8
f 94/5/8 76/27/8 93/9/8 121/63/8
f 117/67/8 121/63/8 115/23/8 90/66/8
f 667/4/8 674/3/8 898/3/8 891/4/8
f 80/18/8 110/29/8 124/53/8 91/17/8
f 91/17/8 124/53/8 102/54/8 74/2/8
f 687/10/8 672/9/8 896/9/8 911/10/8
f 689/14/8 670/13/8 894/13/8 913/14/8
f 106/33/8 87/45/8 108/30/8 127/32/8
f 74/2/8 102/54/8 128/44/8 98/1/8
f 98/1/8 128/44/8 106/33/8 78/19/8
f 108/30/8 130/38/8 92/13/8 81/14/8
f 688/18/8 668/17/8 892/17/8 912/18/8
f 90/66/8 115/23/8 133/31/8 118/7/8
f 133/31/8 115/23/8 622/23/8 633/31/8
f 118/7/8 133/31/8 633/31/8 629/7/8
f 125/51/8 110/29/8 628/29/8 631/51/8
f 685/21/8 666/20/8 890/20/8 909/21/8
f 79/8/8 118/7/8 629/7/8 615/8/8
f 99/16/8 79/8/8 615/8/8 614/16/8
f 98/1/8 78/19/8 613/19/8 612/1/8
f 82/10/8 93/9/8 608/9/8 623/10/8
f 81/14/8 92/13/8 606/13/8 625/14/8
f 80/18/8 91/17/8 604/17/8 624/18/8
f 686/23/8 687/10/8 911/10/8 910/23/8
f 93/9/8 76/27/8 609/27/8 608/9/8
f 92/13/8 75/28/8 607/28/8 606/13/8
f 115/23/8 82/10/8 623/10/8 622/23/8
f 270/6/8 235/12/8 206/27/8 228/5/8
f 268/38/8 239/39/8 205/28/8 226/13/8
f 266/44/8 242/46/8 220/45/8 241/33/8
f 263/51/8 246/26/8 221/52/8 245/29/8
f 260/57/8 250/24/8 222/59/8 249/58/8
f 258/63/8 227/9/8 215/10/8 252/23/8
f 256/68/8 255/7/8 210/8/8 234/16/8
f 239/39/8 256/68/8 234/16/8 205/28/8
f 228/5/8 206/27/8 227/9/8 258/63/8
f 224/20/8 212/21/8 250/24/8 260/57/8
f 203/4/8 224/20/8 260/57/8 230/50/8
f 250/24/8 261/69/8 248/25/8 222/59/8
f 245/29/8 221/52/8 247/56/8 262/53/8
f 213/18/8 245/29/8 262/53/8 225/17/8
f 225/17/8 262/53/8 237/54/8 204/2/8
f 232/3/8 203/4/8 230/50/8 264/47/8
f 208/22/8 232/3/8 264/47/8 246/26/8
f 241/33/8 220/45/8 243/30/8 265/32/8
f 204/2/8 237/54/8 266/44/8 233/1/8
f 233/1/8 266/44/8 241/33/8 209/19/8
f 243/30/8 268/38/8 226/13/8 214/14/8
f 248/25/8 211/11/8 235/12/8 270/6/8
f 222/59/8 248/25/8 270/6/8 251/15/8
f 223/66/8 252/23/8 271/31/8 255/7/8
f 205/28/3 234/16/3 303/16/3 274/28/3
f 226/13/3 205/28/3 274/28/3 295/13/3
f 265/32/3 243/30/3 312/30/3 334/32/3
f 206/27/6 235/12/6 304/12/6 275/27/6
f 227/9/6 206/27/6 275/27/6 296/9/6
f 241/33/2 265/32/2 334/32/2 310/33/2
f 261/69/4 250/24/4 319/24/4 330/69/4
f 248/25/6 261/69/6 330/69/6 317/25/6
f 212/21/4 224/20/4 293/20/4 281/21/4
f 213/18/2 225/17/2 294/17/2 282/18/2
f 214/14/3 226/13/3 295/13/3 283/14/3
f 232/3/4 208/22/4 277/22/4 301/3/4
f 215/10/6 227/9/6 296/9/6 284/10/6
f 208/22/2 246/26/2 315/26/2 277/22/2
f 209/19/3 241/33/3 310/33/3 278/19/3
f 233/1/2 209/19/2 278/19/2 302/1/2
f 210/8/6 255/7/6 324/7/6 279/8/6
f 246/26/4 263/51/4 332/51/4 315/26/4
f 234/16/3 210/8/3 279/8/3 303/16/3
f 263/51/2 245/29/2 314/29/2 332/51/2
f 211/11/4 248/25/4 317/25/4 280/11/4
f 255/7/3 271/31/3 340/31/3 324/7/3
f 243/30/2 214/14/2 283/14/2 312/30/2
f 235/12/6 211/11/6 280/11/6 304/12/6
f 271/31/6 252/23/6 321/23/6 340/31/6
f 250/24/6 212/21/6 281/21/6 319/24/6
f 245/29/4 213/18/4 282/18/4 314/29/4
f 203/4/4 232/3/4 301/3/4 272/4/4
f 224/20/4 203/4/4 272/4/4 293/20/4
f 204/2/2 233/1/2 302/1/2 273/2/2
f 225/17/2 204/2/2 273/2/2 294/17/2
f 252/23/3 215/10/3 284/10/3 321/23/3
f 406/38/8 377/39/8 343/28/8 364/13/8
f 401/51/8 384/26/8 359/52/8 383/29/8
f 398/57/8 388/24/8 360/59/8 387/58/8
f 396/63/8 365/9/8 353/10/8 390/23/8
f 394/68/8 393/7/8 348/8/8 372/16/8
f 391/65/8 361/66/8 393/7/8 394/68/8
f 377/39/8 394/68/8 372/16/8 343/28/8
f 366/5/8 344/27/8 365/9/8 396/63/8
f 392/67/8 396/63/8 390/23/8 361/66/8
f 362/20/8 350/21/8 388/24/8 398/57/8
f 341/4/8 362/20/8 398/57/8 368/50/8
f 388/24/8 399/69/8 386/25/8 360/59/8
f 383/29/8 359/52/8 385/56/8 400/53/8
f 351/18/8 383/29/8 400/53/8 363/17/8
f 370/3/8 341/4/8 368/50/8 402/47/8
f 346/22/8 370/3/8 402/47/8 384/26/8
f 384/26/8 402/47/8 382/48/8 359/52/8
f 379/33/8 358/45/8 381/30/8 403/32/8
f 371/1/8 404/44/8 379/33/8 347/19/8
f 381/30/8 406/38/8 364/13/8 352/14/8
f 386/25/8 349/11/8 373/12/8 408/6/8
f 360/59/8 386/25/8 408/6/8 389/15/8
f 361/66/8 390/23/8 409/31/8 393/7/8
f 343/28/3 372/16/3 441/16/3 412/28/3
f 364/13/3 343/28/3 412/28/3 433/13/3
f 403/32/3 381/30/3 450/30/3 472/32/3
f 365/9/6 344/27/6 413/27/6 434/9/6
f 379/33/2 403/32/2 472/32/2 448/33/2
f 399/69/4 388/24/4 457/24/4 468/69/4
f 386/25/6 399/69/6 468/69/6 455/25/6
f 350/21/4 362/20/4 431/20/4 419/21/4
f 351/18/2 363/17/2 432/17/2 420/18/2
f 352/14/3 364/13/3 433/13/3 421/14/3
f 370/3/4 346/22/4 415/22/4 439/3/4
f 353/10/6 365/9/6 434/9/6 422/10/6
f 346/22/2 384/26/2 453/26/2 415/22/2
f 347/19/3 379/33/3 448/33/3 416/19/3
f 371/1/2 347/19/2 416/19/2 440/1/2
f 348/8/6 393/7/6 462/7/6 417/8/6
f 384/26/4 401/51/4 470/51/4 453/26/4
f 372/16/3 348/8/3 417/8/3 441/16/3
f 401/51/2 383/29/2 452/29/2 470/51/2
f 349/11/4 386/25/4 455/25/4 418/11/4
f 393/7/3 409/31/3 478/31/3 462/7/3
f 381/30/2 352/14/2 421/14/2 450/30/2
f 373/12/6 349/11/6 418/11/6 442/12/6
f 409/31/6 390/23/6 459/23/6 478/31/6
f 388/24/6 350/21/6 419/21/6 457/24/6
f 383/29/4 351/18/4 420/18/4 452/29/4
f 341/4/4 370/3/4 439/3/4 410/4/4
f 362/20/4 341/4/4 410/4/4 431/20/4
f 390/23/3 353/10/3 422/10/3 459/23/3
f 510/16/6 572/16/6 962/16/6 956/16/6
f 999/29/2 997/51/2 1013/51/2 1015/29/2
f 532/68/6 510/16/6 956/16/6 958/68/6
f 591/63/1 586/23/1 559/10/1 567/9/1
f 564/20/1 592/57/1 584/24/1 556/21/1
f 488/21/4 500/20/4 564/20/4 556/21/4
f 491/10/6 503/9/6 567/9/6 559/10/6
f 484/22/2 522/26/2 580/26/2 552/22/2
f 998/52/3 999/29/3 1015/29/3 1014/52/3
f 526/24/6 488/21/6 556/21/6 584/24/6
f 528/23/3 491/10/3 559/10/3 586/23/3
f 74/2/8 98/1/8 612/1/8 605/2/8
f 75/28/8 99/16/8 614/16/8 607/28/8
f 76/27/8 100/12/8 616/12/8 609/27/8
f 127/32/8 108/30/8 627/30/8 632/32/8
f 106/33/8 127/32/8 632/32/8 626/33/8
f 78/19/8 106/33/8 626/33/8 613/19/8
f 684/24/8 685/21/8 909/21/8 908/24/8
f 108/30/8 81/14/8 625/14/8 627/30/8
f 110/29/8 80/18/8 624/18/8 628/29/8
f 91/17/8 74/2/8 605/2/8 604/17/8
f 681/11/8 683/25/8 907/25/8 905/11/8
f 675/22/8 682/26/8 906/26/8 899/22/8
f 680/12/8 681/11/8 905/11/8 904/12/8
f 678/16/8 679/8/8 903/8/8 902/16/8
f 4/32/3 67/32/3 854/32/3 823/32/3
f 676/1/8 677/19/8 901/19/8 900/1/8
f 674/3/8 675/22/8 899/22/8 898/3/8
f 672/9/8 673/27/8 897/27/8 896/9/8
f 670/13/8 671/28/8 895/28/8 894/13/8
f 668/17/8 669/2/8 893/2/8 892/17/8
f 631/51/4 618/26/4 888/26/4 889/51/4
f 666/20/8 667/4/8 891/4/8 890/20/8
f 630/69/6 619/25/6 880/25/6 883/69/6
f 620/24/4 630/69/4 883/69/4 884/24/4
f 571/1/4 509/1/4 557/1/4 790/1/4
f 798/28/47 805/16/47 837/16/47 830/28/47
f 797/13/47 798/28/47 830/28/47 829/13/47
f 800/27/48 807/12/48 839/12/48 832/27/48
f 799/9/48 800/27/48 832/27/48 831/9/48
f 809/33/49 823/32/49 854/32/49 855/33/49
f 821/69/50 814/24/50 843/24/50 852/69/50
f 813/25/51 821/69/51 852/69/51 842/25/51
f 815/21/52 553/20/52 825/20/52 844/21/52
f 819/18/53 795/17/53 827/17/53 847/18/53
f 820/14/54 797/13/54 829/13/54 848/14/54
f 801/3/55 802/22/55 834/22/55 833/3/55
f 817/10/56 799/9/56 831/9/56 846/10/56
f 802/22/57 812/26/57 841/26/57 834/22/57
f 803/1/58 804/19/58 836/19/58 835/1/58
f 806/8/59 818/7/59 851/7/59 838/8/59
f 812/26/60 822/51/60 853/51/60 841/26/60
f 805/16/61 806/8/61 838/8/61 837/16/61
f 822/51/57 811/29/57 850/29/57 853/51/57
f 808/11/50 813/25/50 842/25/50 840/11/50
f 818/7/62 824/31/62 856/31/62 851/7/62
f 810/30/63 820/14/63 848/14/63 849/30/63
f 807/12/64 808/11/64 840/11/64 839/12/64
f 824/31/59 816/23/59 845/23/59 856/31/59
f 814/24/51 815/21/51 844/21/51 843/24/51
f 811/29/60 819/18/60 847/18/60 850/29/60
f 794/4/65 801/3/65 833/3/65 826/4/65
f 553/20/65 794/4/65 826/4/65 825/20/65
f 796/2/58 803/1/58 835/1/58 828/2/58
f 795/17/58 796/2/58 828/2/58 827/17/58
f 816/23/62 817/10/62 846/10/62 845/23/62
f 877/6/8 864/12/8 860/27/8 859/5/8
f 873/57/8 870/24/8 869/59/8 868/58/8
f 857/20/8 871/21/8 870/24/8 873/57/8
f 858/4/8 857/20/8 873/57/8 861/50/8
f 870/24/8 874/69/8 867/25/8 869/59/8
f 862/3/8 858/4/8 861/50/8 876/47/8
f 863/22/8 862/3/8 876/47/8 866/26/8
f 867/25/8 865/11/8 864/12/8 877/6/8
f 858/4/8 862/3/8 878/3/8 885/4/8
f 866/26/8 875/51/8 889/51/8 888/26/8
f 864/12/8 865/11/8 887/11/8 886/12/8
f 862/3/8 863/22/8 879/22/8 878/3/8
f 867/25/8 874/69/8 883/69/8 880/25/8
f 871/21/8 857/20/8 882/20/8 881/21/8
f 874/69/8 870/24/8 884/24/8 883/69/8
f 863/22/8 866/26/8 888/26/8 879/22/8
f 870/24/8 871/21/8 881/21/8 884/24/8
f 857/20/8 858/4/8 885/4/8 882/20/8
f 895/28/3 902/16/3 934/16/3 927/28/3
f 894/13/3 895/28/3 927/28/3 926/13/3
f 920/32/3 915/30/3 947/30/3 952/32/3
f 897/27/6 904/12/6 936/12/6 929/27/6
f 896/9/6 897/27/6 929/27/6 928/9/6
f 914/33/2 920/32/2 952/32/2 946/33/2
f 918/69/4 908/24/4 940/24/4 950/69/4
f 907/25/6 918/69/6 950/69/6 939/25/6
f 909/21/66 890/20/66 922/20/66 941/21/66
f 912/18/67 892/17/67 924/17/67 944/18/67
f 913/14/68 894/13/68 926/13/68 945/14/68
f 898/3/69 899/22/69 931/22/69 930/3/69
f 911/10/70 896/9/70 928/9/70 943/10/70
f 899/22/71 906/26/71 938/26/71 931/22/71
f 901/19/72 914/33/72 946/33/72 933/19/72
f 900/1/73 901/19/73 933/19/73 932/1/73
f 903/8/74 917/7/74 949/7/74 935/8/74
f 906/26/4 919/51/4 951/51/4 938/26/4
f 902/16/75 903/8/75 935/8/75 934/16/75
f 919/51/2 916/29/2 948/29/2 951/51/2
f 905/11/76 907/25/76 939/25/76 937/11/76
f 917/7/3 921/31/3 953/31/3 949/7/3
f 915/30/77 913/14/77 945/14/77 947/30/77
f 904/12/78 905/11/78 937/11/78 936/12/78
f 921/31/6 910/23/6 942/23/6 953/31/6
f 908/24/79 909/21/79 941/21/79 940/24/79
f 916/29/80 912/18/80 944/18/80 948/29/80
f 891/4/4 898/3/4 930/3/4 923/4/4
f 890/20/4 891/4/4 923/4/4 922/20/4
f 893/2/2 900/1/2 932/1/2 925/2/2
f 892/17/2 893/2/2 925/2/2 924/17/2
f 910/23/81 911/10/81 943/10/81 942/23/81
f 976/20/4 977/4/4 978/4/4 979/20/4
f 479/4/8 977/4/8 976/20/8 500/20/8
f 500/20/6 976/20/6 979/20/6 564/20/6
f 1025/51/2 1024/29/2 1026/29/2 1027/51/2
f 1013/51/8 1012/26/8 1014/52/8 1015/29/8
f 1009/51/8 1008/29/8 1024/29/8 1025/51/8
f 1010/29/1 1011/51/1 1027/51/1 1026/29/1
f 997/51/4 996/26/4 1012/26/4 1013/51/4
f 1011/51/4 1009/51/4 1025/51/4 1027/51/4
usemtl d
f 740/42/3 751/65/3 777/65/3 773/42/3
f 760/60/6 748/58/6 776/58/6 779/60/6
f 738/49/2 737/37/2 769/37/2 770/49/2
f 774/43/1 773/42/1 777/65/1 778/64/1
f 770/49/1 769/37/1 779/60/1 776/58/1
f 775/56/1 771/55/1 772/35/1 780/34/1
f 732/43/2 740/42/2 773/42/2 774/43/2
f 751/65/6 758/64/6 778/64/6 777/65/6
f 746/56/2 736/55/2 771/55/2 775/56/2
f 748/58/4 738/49/4 770/49/4 776/58/4
f 736/55/3 730/35/3 772/35/3 771/55/3
f 758/64/4 732/43/4 774/43/4 778/64/4
f 767/34/4 746/56/4 775/56/4 780/34/4
f 737/37/3 760/60/3 779/60/3 769/37/3
o candle
v 0.584453 156.763550 6.006700
v 0.584453 156.763550 21.006701
v 15.584454 156.763550 6.006700
v 0.584453 156.763550 -8.993301
v -14.415548 156.763550 6.006700
v 15.584454 156.763550 -8.993301
v -14.415548 156.763550 -8.993301
v 15.584454 156.763550 21.006701
v -14.415548 156.763550 21.006701
v 0.584453 173.904297 21.006701
v 0.584453 213.256958 21.006701
v 15.584454 173.904297 6.006700
v 0.584453 173.904297 -8.993301
v -14.415548 173.904297 6.006700
v 15.584454 173.904297 -8.993301
v -14.415548 173.904297 -8.993301
v 15.584454 173.904297 21.006701
v -14.415548 173.904297 21.006701
v 0.584453 188.860748 21.006701
v 0.584453 234.039185 21.006701
v 15.584454 188.860748 6.006700
v 0.584453 188.860748 -8.993301
v -14.415548 188.860748 6.006700
v 15.584454 188.860748 -8.993301
v -14.415548 188.860748 -8.993301
v 15.584454 188.860748 21.006701
v -14.415548 188.860748 21.006701
v 0.584453 258.947327 21.006701
v 15.584454 213.256958 6.006700
v 0.584453 213.256958 -8.993301
v -14.415548 213.256958 6.006700
v 15.584454 213.256958 -8.993301
v -14.415548 213.256958 -8.993301
v 15.584454 213.256958 21.006701
v -14.415548 213.256958 21.006701
v 15.584454 234.039185 6.006700
v 0.584453 234.039185 -8.993301
v -14.415548 234.039185 6.006700
v 15.584454 234.039185 -8.993301
v -14.415548 234.039185 -8.993301
v 15.584454 234.039185 21.006701
v -14.415548 234.039185 21.006701
v 0.584453 258.947327 6.006700
v 15.584454 258.947327 6.006700
v 0.584453 258.947327 -8.993301
v -14.415548 258.947327 6.006700
v 15.584454 258.947327 -8.993301
v -14.415548 258.947327 -8.993301
v 15.584454 258.947327 21.006701
v -14.415548 258.947327 21.006701
vn -0.0000 -1.0000 -0.0000
vn -0.0000 -0.0000 1.0000
vn 1.0000 -0.0000 -0.0000
vn -1.0000 -0.0000 -0.0000
vn -0.0000 -0.0000 -1.0000
vn -0.0000 1.0000 -0.0000
vt 0.375000 0.375000
vt 0.375000 0.500000
vt 0.500000 0.500000
vt 0.500000 0.375000
vt 0.500000 0.625000
vt 0.625000 0.625000
vt 0.625000 0.500000
vt 0.375000 0.625000
vt 0.625000 0.375000
s 0
usemtl 材质.001
f 1105/70/106 1101/71/106 1097/72/106 1098/73/106
f 1097/72/106 1100/74/106 1102/75/106 1099/76/106
f 1101/71/106 1103/77/106 1100/74/106 1097/72/106
f 1098/73/106 1097/72/106 1099/76/106 1104/78/106
f 1100/74/110 1103/77/110 1112/77/110 1109/74/110
f 1102/75/110 1100/74/110 1109/74/110 1111/75/110
f 1101/71/109 1105/70/109 1114/70/109 1110/71/109
f 1104/78/108 1099/76/108 1108/76/108 1113/78/108
f 1103/77/109 1101/71/109 1110/71/109 1112/77/109
f 1099/76/108 1102/75/108 1111/75/108 1108/76/108
f 1105/70/107 1098/73/107 1106/73/107 1114/70/107
f 1098/73/107 1104/78/107 1113/78/107 1106/73/107
f 1123/70/107 1115/73/107 1107/73/107 1131/70/107
f 1117/76/108 1120/75/108 1128/75/108 1125/76/108
f 1121/77/109 1119/71/109 1127/71/109 1129/77/109
f 1122/78/108 1117/76/108 1125/76/108 1130/78/108
f 1115/73/107 1122/78/107 1130/78/107 1107/73/107
f 1118/74/110 1121/77/110 1129/77/110 1126/74/110
f 1120/75/110 1118/74/110 1126/74/110 1128/75/110
f 1119/71/109 1123/70/109 1131/70/109 1127/71/109
f 1134/71/109 1138/70/109 1146/70/109 1142/71/109
f 1135/75/110 1133/74/110 1141/74/110 1143/75/110
f 1133/74/110 1136/77/110 1144/77/110 1141/74/110
f 1116/73/107 1137/78/107 1145/78/107 1124/73/107
f 1146/70/111 1124/73/111 1139/72/111 1142/71/111
f 1139/72/111 1140/76/111 1143/75/111 1141/74/111
f 1142/71/111 1139/72/111 1141/74/111 1144/77/111
f 1124/73/111 1145/78/111 1140/76/111 1139/72/111
f 1137/78/108 1132/76/108 1140/76/108 1145/78/108
f 1136/77/109 1134/71/109 1142/71/109 1144/77/109
f 1132/76/108 1135/75/108 1143/75/108 1140/76/108
f 1138/70/107 1116/73/107 1124/73/107 1146/70/107
usemtl 材质.002
f 1106/73/107 1113/78/107 1122/78/107 1115/73/107
f 1114/70/107 1106/73/107 1115/73/107 1123/70/107
f 1108/76/108 1111/75/108 1120/75/108 1117/76/108
f 1112/77/109 1110/71/109 1119/71/109 1121/77/109
f 1109/74/110 1112/77/110 1121/77/110 1118/74/110
f 1111/75/110 1109/74/110 1118/74/110 1120/75/110
f 1110/71/109 1114/70/109 1123/70/109 1119/71/109
f 1113/78/108 1108/76/108 1117/76/108 1122/78/108
f 1125/76/108 1128/75/108 1135/75/108 1132/76/108
f 1129/77/109 1127/71/109 1134/71/109 1136/77/109
f 1130/78/108 1125/76/108 1132/76/108 1137/78/108
f 1127/71/109 1131/70/109 1138/70/109 1134/71/109
f 1131/70/107 1107/73/107 1116/73/107 1138/70/107
f 1107/73/107 1130/78/107 1137/78/107 1116/73/107
f 1126/74/110 1129/77/110 1136/77/110 1133/74/110
f 1128/75/110 1126/74/110 1133/74/110 1135/75/110
o fire
v -4.314976 289.238464 3.145664
v 2.709362 289.238464 3.145664
v 3.596081 259.651031 3.066765
v -3.428257 259.651031 3.066765
v 5.942468 280.524597 3.145664
v -7.128833 268.817383 3.145664
v -7.128833 280.524597 3.145664
v -0.593182 280.524597 3.145664
v 5.942468 274.670990 3.145664
v -7.128833 274.670990 3.145664
v -0.593182 268.817383 3.145664
v -0.593182 274.670990 3.145664
v -3.861008 280.524597 3.145664
v 5.942468 271.744171 3.145664
v -7.128833 271.744171 3.145664
v -3.861008 268.817383 3.145664
v 2.674643 280.524597 3.145664
v 5.942468 277.597778 3.145664
v -7.128833 277.597778 3.145664
v 2.674643 268.817383 3.145664
v 2.674643 274.670990 3.145664
v -3.861007 274.670990 3.145664
v -0.593182 277.597778 3.145664
v -0.593182 271.744171 3.145664
v -3.861007 271.744171 3.145664
v -3.861007 277.597778 3.145664
v 2.674643 277.597778 3.145664
v 2.674643 271.744171 3.145664
v -5.494920 280.524597 3.145664
v 5.942468 270.280762 3.145664
v -7.128833 270.280762 3.145664
v -5.494920 268.817383 3.145664
v 1.040730 280.524597 3.145664
v 5.942468 276.134399 3.145664
v -7.128833 276.134399 3.145664
v 1.040730 268.817383 3.145664
v 4.308556 274.670990 3.145664
v -2.227094 274.670990 3.145664
v -0.593182 279.061188 3.145664
v -0.593182 273.207581 3.145664
v -2.227095 280.524597 3.145664
v 5.942468 273.207581 3.145664
v -7.128833 273.207581 3.145664
v -2.227095 268.817383 3.145664
v 4.308556 280.524597 3.145664
v 5.942468 279.061188 3.145664
v -7.128833 279.061188 3.145664
v 1.040731 274.670990 3.145664
v -5.494920 274.670990 3.145664
v -0.593182 276.134399 3.145664
v -0.593182 270.280762 3.145664
v -2.227095 271.744171 3.145664
v -5.494920 271.744171 3.145664
v -3.861007 273.207581 3.145664
v -3.861007 270.280762 3.145664
v -2.227095 277.597778 3.145664
v -5.494920 277.597778 3.145664
v -3.861007 279.061188 3.145664
v -3.861007 276.134399 3.145664
v 4.308556 277.597778 3.145664
v 1.040731 277.597778 3.145664
v 2.674643 279.061188 3.145664
v 2.674643 276.134399 3.145664
v 4.308556 271.744171 3.145664
v 1.040731 271.744171 3.145664
v 2.674643 273.207581 3.145664
v 2.674643 270.280762 3.145664
v 1.040730 270.280762 3.145664
v 1.040731 273.207581 3.145664
v 4.308556 273.207581 3.145664
v 1.040731 276.134399 3.145664
v 1.040730 279.061188 3.145664
v 4.308556 279.061188 3.145664
v -5.494920 276.134399 3.145664
v -5.494920 279.061188 3.145664
v -2.227095 279.061188 3.145664
v -5.494920 270.280762 3.145664
v -5.494920 273.207581 3.145664
v -2.227094 273.207581 3.145664
v -2.227095 270.280762 3.145664
v -2.227094 276.134399 3.145664
v 4.308556 276.134399 3.145664
v 4.308556 270.280762 3.145664
v -0.802807 289.238464 3.145664
v -3.871616 274.444733 3.106215
v 0.083912 259.651031 3.066765
v 3.152721 274.444733 3.106215
v -0.359448 274.444733 3.106215
v 0.953278 289.238464 3.145664
v -3.649937 267.047882 3.086490
v 1.839996 259.651031 3.066765
v 3.374401 267.047882 3.086490
v -2.558891 289.238464 3.145664
v -4.093296 281.841614 3.125940
v -1.672173 259.651031 3.066765
v 2.931042 281.841614 3.125940
v -0.137768 267.047882 3.086490
v -0.581127 281.841614 3.125940
v 1.396637 274.444733 3.106215
v -2.115532 274.444733 3.106215
v -2.337212 281.841614 3.125940
v 1.174957 281.841614 3.125940
v 1.618316 267.047882 3.086490
v -1.893852 267.047882 3.086490
v 2.718039 259.651031 3.066765
v 3.485241 263.349457 3.076627
v -0.026928 263.349457 3.076627
v 2.274679 274.444733 3.106215
v 0.961954 259.651031 3.066765
v 3.263561 270.746307 3.096352
v -0.248608 270.746307 3.096352
v 0.518595 274.444733 3.106215
v 1.729156 263.349457 3.076627
v 2.496359 267.047882 3.086490
v 0.740274 267.047882 3.086490
v 0.629434 270.746307 3.096352
v 2.385519 270.746307 3.096352
v 2.607199 263.349457 3.076627
v 0.851114 263.349457 3.076627
v 3.157060 259.651031 3.066765
v 3.540661 261.500244 3.071696
v 0.028492 261.500244 3.071696
v 2.713700 274.444733 3.106215
v 1.400975 259.651031 3.066765
v 3.318981 268.897095 3.091421
v -0.193188 268.897095 3.091421
v 0.957616 274.444733 3.106215
v 1.784576 261.500244 3.071696
v 1.562897 268.897095 3.091421
v 2.935380 267.047882 3.086490
v 1.179295 267.047882 3.086490
v 2.279017 259.651031 3.066765
v 3.429821 265.198669 3.081559
v -0.082348 265.198669 3.081559
v 1.835658 274.444733 3.106215
v 0.522933 259.651031 3.066765
v 3.208141 272.595520 3.101283
v -0.304028 272.595520 3.101283
v 0.079574 274.444733 3.106215
v 1.673736 265.198669 3.081559
v 2.057338 267.047882 3.086490
v 0.301253 267.047882 3.086490
v 0.684854 268.897095 3.091421
v 0.574015 272.595520 3.101283
v 0.190413 270.746307 3.096352
v 2.440939 268.897095 3.091421
v 2.824540 270.746307 3.096352
v 2.662619 261.500244 3.071696
v 2.551779 265.198669 3.081559
v 3.046220 263.349457 3.076627
v 2.168178 263.349457 3.076627
v 0.906534 261.500244 3.071696
v 0.795694 265.198669 3.081559
v 1.290135 263.349457 3.076627
v 0.412093 263.349457 3.076627
v 0.356673 265.198669 3.081559
v 1.234715 265.198669 3.081559
v 1.345555 261.500244 3.071696
v 2.112758 265.198669 3.081559
v 2.990800 265.198669 3.081559
v 3.101640 261.500244 3.071696
v 2.769120 272.595520 3.101283
v 0.134993 272.595520 3.101283
v 1.123875 268.897095 3.091421
v 0.245833 268.897095 3.091421
v 2.001918 268.897095 3.091421
v 2.223598 261.500244 3.071696
v 0.467513 261.500244 3.071696
v 0.953278 289.194000 9.145605
v 2.709362 289.194000 9.145605
v -3.649937 267.003448 9.086432
v -3.428257 259.606598 9.066707
v 3.157060 259.606598 9.066706
v 3.596081 259.606598 9.066705
v 3.540661 261.455811 9.071636
v -5.494920 280.524597 9.145664
v -7.128833 280.524597 9.145664
v 5.942468 270.280762 9.145664
v 5.942468 268.817383 9.145664
v -7.128833 270.280762 9.145664
v -7.128833 268.817383 9.145664
v -5.494920 268.817383 9.145664
v 1.040730 280.524597 9.145664
v -0.593182 280.524597 9.145664
v 5.942468 276.134399 9.145664
v 5.942468 274.670990 9.145664
v -7.128833 276.134399 9.145664
v -7.128833 274.670990 9.145664
v 1.040730 268.817383 9.145664
v -0.593182 268.817383 9.145664
v 4.308556 274.670990 9.145664
v -2.227094 274.670990 9.145664
v -0.593182 274.670990 9.145664
v -0.593182 279.061188 9.145664
v -0.593182 273.207581 9.145664
v -2.227095 280.524597 9.145664
v -3.861008 280.524597 9.145664
v 5.942468 273.207581 9.145664
v 5.942468 271.744171 9.145664
v -7.128833 273.207581 9.145664
v -7.128833 271.744171 9.145664
v -2.227095 268.817383 9.145664
v -3.861008 268.817383 9.145664
v 4.308556 280.524597 9.145664
v 2.674643 280.524597 9.145664
v 5.942468 279.061188 9.145664
v 5.942468 277.597778 9.145664
v -7.128833 279.061188 9.145664
v -7.128833 277.597778 9.145664
v 4.308556 268.817383 9.145664
v 2.674643 268.817383 9.145664
v 1.040731 274.670990 9.145664
v 2.674643 274.670990 9.145664
v -5.494920 274.670990 9.145664
v -3.861007 274.670990 9.145664
v -0.593182 276.134399 9.145664
v -0.593182 277.597778 9.145664
v -0.593182 270.280762 9.145664
v -0.593182 271.744171 9.145664
v -2.227095 271.744171 9.145664
v -5.494920 271.744171 9.145664
v -3.861007 271.744171 9.145664
v -3.861007 273.207581 9.145664
v -3.861007 270.280762 9.145664
v -2.227095 277.597778 9.145664
v -5.494920 277.597778 9.145664
v -3.861007 277.597778 9.145664
v -3.861007 279.061188 9.145664
v -3.861007 276.134399 9.145664
v 4.308556 277.597778 9.145664
v 1.040731 277.597778 9.145664
v 2.674643 277.597778 9.145664
v 2.674643 279.061188 9.145664
v 2.674643 276.134399 9.145664
v 4.308556 271.744171 9.145664
v 1.040731 271.744171 9.145664
v 2.674643 271.744171 9.145664
v 2.674643 273.207581 9.145664
v 2.674643 270.280762 9.145664
v 5.942468 280.524597 9.145664
v 1.040730 270.280762 9.145664
v 1.040731 273.207581 9.145664
v 4.308556 273.207581 9.145664
v 1.040731 276.134399 9.145664
v 1.040730 279.061188 9.145664
v 4.308556 279.061188 9.145664
v -5.494920 276.134399 9.145664
v -5.494920 279.061188 9.145664
v -2.227095 279.061188 9.145664
v -5.494920 270.280762 9.145664
v -5.494920 273.207581 9.145664
v -2.227094 273.207581 9.145664
v -2.227095 270.280762 9.145664
v -2.227094 276.134399 9.145664
v 4.308556 276.134399 9.145664
v 4.308556 270.280762 9.145664
v -2.558891 289.194000 9.145605
v -0.802807 289.194000 9.145605
v -4.093296 281.797150 9.125881
v -3.871616 274.400299 9.106155
v -1.672173 259.606598 9.066707
v 0.083912 259.606598 9.066707
v 2.931042 281.797150 9.125881
v 3.152721 274.400299 9.106155
v 0.028492 261.455811 9.071637
v -0.581127 281.797150 9.125881
v -0.359448 274.400299 9.106155
v 2.713700 274.400299 9.106155
v -2.115532 274.400299 9.106156
v 1.400975 259.606598 9.066706
v 1.839996 259.606598 9.066707
v 3.318981 268.852661 9.091362
v -4.314976 289.194000 9.145605
v -0.193188 268.852661 9.091363
v -0.137768 267.003448 9.086432
v 0.957616 274.400299 9.106155
v 1.396637 274.400299 9.106155
v -2.337212 281.797150 9.125881
v 1.174957 281.797150 9.125881
v 1.784576 261.455811 9.071637
v 1.562897 268.852661 9.091362
v 1.618316 267.003448 9.086431
v 1.179295 267.003448 9.086432
v -1.893852 267.003448 9.086431
v 2.279017 259.606598 9.066707
v 2.718039 259.606598 9.066706
v 3.429821 265.154236 9.081500
v 3.485241 263.305023 9.076569
v -0.082348 265.154236 9.081501
v -0.026928 263.305023 9.076569
v 1.835658 274.400299 9.106155
v 2.274679 274.400299 9.106155
v 0.522933 259.606598 9.066706
v 0.961954 259.606598 9.066706
v 3.208141 272.551086 9.101223
v 3.263561 270.701874 9.096293
v -0.304028 272.551086 9.101225
v -0.248608 270.701874 9.096294
v 0.079574 274.400299 9.106155
v 0.518595 274.400299 9.106156
v 1.673736 265.154236 9.081499
v 1.729156 263.305023 9.076569
v 2.057338 267.003448 9.086432
v 2.496359 267.003448 9.086431
v 0.301253 267.003448 9.086432
v 0.740274 267.003448 9.086432
v 0.684854 268.852661 9.091362
v 0.574015 272.551086 9.101225
v 0.629434 270.701874 9.096293
v 0.190413 270.701874 9.096293
v 2.440939 268.852661 9.091362
v 2.824540 270.701874 9.096294
v 2.662619 261.455811 9.071636
v 2.551779 265.154236 9.081499
v 2.607199 263.305023 9.076569
v 3.046220 263.305023 9.076569
v 2.168178 263.305023 9.076569
v 0.906534 261.455811 9.071636
v 0.795694 265.154236 9.081500
v 0.851114 263.305023 9.076569
v 1.290135 263.305023 9.076569
v 0.412093 263.305023 9.076569
v 2.385519 270.701874 9.096293
v 0.356673 265.154236 9.081499
v 1.234715 265.154236 9.081499
v 1.345555 261.455811 9.071636
v 2.112758 265.154236 9.081500
v 2.990800 265.154236 9.081499
v 3.101640 261.455811 9.071636
v 2.769120 272.551086 9.101225
v 2.879960 268.852661 9.091362
v 0.134993 272.551086 9.101223
v 1.123875 268.852661 9.091363
v 0.245833 268.852661 9.091362
v 2.001918 268.852661 9.091362
v 2.223598 261.455811 9.071636
v 0.467513 261.455811 9.071636
v 0.953278 292.238434 3.153664
v 4.421699 292.238434 3.153664
v -5.447696 266.898224 3.086091
v -5.226016 259.501373 3.066366
v 5.338420 261.649902 3.072095
v 5.393840 259.800690 3.067164
v -5.494920 283.524597 3.145664
v -8.928833 283.524597 3.145664
v 7.742468 270.280762 3.145664
v -8.928833 270.280762 3.145664
v -8.928833 265.817383 3.145664
v -5.494920 265.817383 3.145664
v 7.742468 276.134399 3.145664
v 7.742468 274.670990 3.145664
v -8.928833 276.134399 3.145664
v -8.928833 274.670990 3.145664
v 7.742468 273.207581 3.145664
v 7.742468 271.744171 3.145664
v -8.928833 273.207581 3.145664
v -8.928833 271.744171 3.145664
v -2.227095 265.817383 3.145664
v -3.861008 265.817383 3.145664
v 4.308556 283.524597 3.145664
v 2.674643 283.524597 3.145664
v 7.742468 279.061188 3.145664
v 7.742468 277.597778 3.145664
v -8.928833 279.061188 3.145664
v -8.928833 277.597778 3.145664
v -3.861008 283.524597 3.145664
v 7.742468 283.524597 3.145664
v -2.558891 292.238434 3.153664
v -0.802807 292.238434 3.153664
v -5.891055 281.691956 3.125540
v -5.669375 274.295074 3.105815
v 4.728800 281.991241 3.126339
v 4.950480 274.594391 3.106614
v 5.172160 267.197540 3.086889
v -6.207127 292.238434 3.153664
v 5.227580 265.348328 3.081958
v 5.283000 263.499115 3.077026
v 0.953278 292.193970 9.153605
v 4.421699 292.193970 9.153605
v -5.447696 266.853790 9.086033
v -5.226016 259.456940 9.066307
v 5.338420 261.605469 9.072036
v 5.393840 259.756256 9.067104
v -5.494920 283.524597 9.145664
v -8.928833 283.524597 9.145664
v 7.742468 270.280762 9.145664
v -8.928833 270.280762 9.145664
v -8.928833 265.817383 9.145664
v -5.494920 265.817383 9.145664
v 7.742468 276.134399 9.145664
v 7.742468 274.670990 9.145664
v -8.928833 276.134399 9.145664
v -8.928833 274.670990 9.145664
v 7.742468 273.207581 9.145664
v 7.742468 271.744171 9.145664
v -8.928833 273.207581 9.145664
v -8.928833 271.744171 9.145664
v -2.227095 265.817383 9.145664
v -3.861008 265.817383 9.145664
v 4.308556 283.524597 9.145664
v 2.674643 283.524597 9.145664
v 7.742468 279.061188 9.145664
v 7.742468 277.597778 9.145664
v -8.928833 279.061188 9.145664
v -8.928833 277.597778 9.145664
v -3.861008 283.524597 9.145664
v 7.742468 283.524597 9.145664
v -2.558891 292.193970 9.153605
v -0.802807 292.193970 9.153605
v -5.891055 281.647491 9.125482
v -5.669375 274.250641 9.105757
v 4.728800 281.946808 9.126280
v 4.950480 274.549957 9.106555
v 5.172160 267.153107 9.086828
v -6.207127 292.193970 9.153605
v 5.227579 265.303894 9.081900
v 5.283000 263.454681 9.076967
v 0.953278 297.238373 3.166997
v 7.275593 297.238373 3.166997
v -8.443959 266.648804 3.085425
v 8.334684 261.899353 3.072760
v -5.494920 288.524597 3.145664
v -11.928833 288.524597 3.145664
v 10.742468 270.280762 3.145664
v -11.928833 270.280762 3.145664
v -5.494920 260.817383 3.145664
v 10.742468 276.134399 3.145664
v 10.742468 274.670990 3.145664
v -11.928833 276.134399 3.145664
v -11.928833 274.670990 3.145664
v 10.742468 273.207581 3.145664
v 10.742468 271.744171 3.145664
v -11.928833 273.207581 3.145664
v -11.928833 271.744171 3.145664
v 10.742468 279.061188 3.145664
v 10.742468 277.597778 3.145664
v -11.928833 279.061188 3.145664
v -11.928833 277.597778 3.145664
v -3.861008 260.817383 3.145664
v 10.742468 288.524597 3.145664
v 4.308556 288.524597 3.145664
v -2.558891 297.238373 3.166997
v -0.802807 297.238373 3.166997
v -9.360713 297.238373 3.166997
v -8.887320 281.442505 3.124875
v 7.725064 282.240692 3.127004
v 8.223845 265.597778 3.082623
v 8.279264 263.748566 3.077692
v 8.168425 267.446991 3.087554
v 0.953278 297.193939 9.166938
v 7.275593 297.193939 9.166938
v -8.443959 266.604370 9.085367
v 8.334684 261.854889 9.072701
v -5.494920 288.524597 9.145664
v -11.928833 288.524597 9.145664
v 10.742468 270.280762 9.145664
v -11.928833 270.280762 9.145664
v -5.494920 260.817383 9.145664
v 10.742468 276.134399 9.145664
v 10.742468 274.670990 9.145664
v -11.928833 276.134399 9.145664
v -11.928833 274.670990 9.145664
v 10.742468 273.207581 9.145664
v 10.742468 271.744171 9.145664
v -11.928833 273.207581 9.145664
v -11.928833 271.744171 9.145664
v 10.742468 279.061188 9.145664
v 10.742468 277.597778 9.145664
v -11.928833 279.061188 9.145664
v -11.928833 277.597778 9.145664
v -3.861008 260.817383 9.145664
v 10.742468 288.524597 9.145664
v 4.308556 288.524597 9.145664
v -2.558891 297.193939 9.166938
v -0.802807 297.193939 9.166938
v -9.360713 297.193939 9.166939
v -8.887320 281.398071 9.124817
v 7.725064 282.196228 9.126945
v 8.223844 265.553314 9.082564
v 8.279264 263.704102 9.077633
v 8.168425 267.402527 9.087494
v -2.558891 300.348694 3.175291
v -0.802807 300.348694 3.175291
v 0.953278 300.348694 3.175291
v -2.558891 300.304260 9.175232
v -0.802807 300.304260 9.175232
v 0.953278 300.304260 9.175232
v 4.114435 297.238373 3.166997
v 4.114435 297.193939 9.166938
v 7.275593 297.216156 6.166967
v 0.953278 297.216156 6.166967
v 4.114435 297.216156 6.166967
v -5.959802 297.238373 3.166997
v -5.959802 297.193939 9.166938
v -9.360713 297.216156 6.166968
v -2.558891 297.216156 6.166967
v -5.959802 297.216156 6.166967
v -5.959803 302.768890 3.181745
v -2.558892 302.768890 3.181745
v -5.959803 302.724457 9.181686
v -2.558892 302.724457 9.181686
v -2.558892 302.746674 6.181715
v 0.953278 302.746674 6.181715
v 0.953278 302.768890 3.181745
v -2.558890 305.879211 3.190039
v -0.802806 305.879211 3.190039
v 0.953278 305.879211 3.190039
v -2.558890 305.834778 9.189981
v -0.802806 305.834778 9.189981
v 0.953278 305.834778 9.189980
v 4.114435 302.768890 3.181745
v 0.953278 302.724457 9.181685
v 4.114435 302.724457 9.181686
v 4.114435 302.746674 6.181715
v -5.959803 302.746674 6.181715
vn -0.0000 0.0027 -1.0000
vn -0.0000 -0.0000 -1.0000
vn -0.0000 0.0183 -0.9998
vn -0.0000 -0.0027 1.0000
vn -0.0000 -0.0000 1.0000
vn -0.0000 -1.0000 -0.0074
vn 1.0000 -0.0000 -0.0000
vn 0.9996 0.0300 0.0002
vn -0.0000 1.0000 -0.0000
vn -0.0000 -0.0175 0.9998
vn -0.9996 -0.0300 -0.0002
vn 0.0830 -0.9965 -0.0074
vn -0.0000 -1.0000 -0.0000
vn 0.0075 -0.0212 0.9997
vn -0.0000 1.0000 0.0074
vn 0.7428 -0.6695 0.0004
vn -0.0004 0.0179 -0.9998
vn -1.0000 -0.0000 -0.0000
vn -0.8300 -0.5578 -0.0000
vn -0.9715 -0.1864 -0.1462
vn -0.0830 0.9965 0.0074
vn -0.0008 0.0194 -0.9998
vt 0.000000 0.000000
s 0
usemtl 材质.005
f 1250/79/112 1241/79/112 1150/79/112 1236/79/112
f 1228/79/113 1180/79/113 1155/79/113 1183/79/113
f 1227/79/113 1196/79/113 1158/79/113 1184/79/113
f 1226/79/113 1197/79/113 1157/79/113 1190/79/113
f 1225/79/113 1186/79/113 1170/79/113 1198/79/113
f 1224/79/113 1200/79/113 1171/79/113 1199/79/113
f 1223/79/113 1201/79/113 1162/79/113 1178/79/113
f 1222/79/113 1185/79/113 1169/79/113 1202/79/113
f 1221/79/113 1204/79/113 1172/79/113 1203/79/113
f 1220/79/113 1205/79/113 1168/79/113 1195/79/113
f 1218/79/113 1208/79/113 1173/79/113 1207/79/113
f 1217/79/113 1209/79/113 1167/79/113 1194/79/113
f 1216/79/113 1188/79/113 1160/79/113 1210/79/113
f 1183/79/113 1155/79/113 1188/79/113 1216/79/113
f 1167/79/113 1183/79/113 1216/79/113 1212/79/113
f 1212/79/113 1216/79/113 1210/79/113 1174/79/113
f 1207/79/113 1173/79/113 1209/79/113 1217/79/113
f 1169/79/113 1207/79/113 1217/79/113 1196/79/113
f 1196/79/113 1217/79/113 1194/79/113 1158/79/113
f 1179/79/113 1163/79/113 1208/79/113 1218/79/113
f 1154/79/113 1179/79/113 1218/79/113 1185/79/113
f 1185/79/113 1218/79/113 1207/79/113 1169/79/113
f 1163/79/113 1191/79/113 1219/79/113 1208/79/113
f 1208/79/113 1219/79/113 1206/79/113 1173/79/113
f 1203/79/113 1172/79/113 1205/79/113 1220/79/113
f 1165/79/113 1203/79/113 1220/79/113 1181/79/113
f 1181/79/113 1220/79/113 1195/79/113 1156/79/113
f 1175/79/113 1159/79/113 1204/79/113 1221/79/113
f 1153/79/113 1175/79/113 1221/79/113 1193/79/113
f 1193/79/113 1221/79/113 1203/79/113 1165/79/113
f 1187/79/113 1154/79/113 1185/79/113 1222/79/113
f 1159/79/113 1187/79/113 1222/79/113 1204/79/113
f 1204/79/113 1222/79/113 1202/79/113 1172/79/113
f 1199/79/113 1171/79/113 1201/79/113 1223/79/113
f 1161/79/113 1199/79/113 1223/79/113 1177/79/113
f 1177/79/113 1223/79/113 1178/79/113 1152/79/113
f 1195/79/113 1168/79/113 1200/79/113 1224/79/113
f 1156/79/113 1195/79/113 1224/79/113 1189/79/113
f 1189/79/113 1224/79/113 1199/79/113 1161/79/113
f 1184/79/113 1158/79/113 1186/79/113 1225/79/113
f 1168/79/113 1184/79/113 1225/79/113 1200/79/113
f 1200/79/113 1225/79/113 1198/79/113 1171/79/113
f 1198/79/113 1170/79/113 1197/79/113 1226/79/113
f 1171/79/113 1198/79/113 1226/79/113 1201/79/113
f 1201/79/113 1226/79/113 1190/79/113 1162/79/113
f 1202/79/113 1169/79/113 1196/79/113 1227/79/113
f 1172/79/113 1202/79/113 1227/79/113 1205/79/113
f 1205/79/113 1227/79/113 1184/79/113 1168/79/113
f 1206/79/113 1164/79/113 1180/79/113 1228/79/113
f 1173/79/113 1206/79/113 1228/79/113 1209/79/113
f 1209/79/113 1228/79/113 1183/79/113 1167/79/113
f 1210/79/113 1160/79/113 1176/79/113 1229/79/113
f 1174/79/113 1210/79/113 1229/79/113 1213/79/113
f 1314/79/112 1282/79/112 1232/79/112 1268/79/112
f 1313/79/112 1278/79/112 1237/79/112 1274/79/112
f 1307/79/112 1266/79/112 1251/79/112 1294/79/112
f 1306/79/112 1296/79/112 1264/79/112 1295/79/112
f 1304/79/112 1270/79/112 1255/79/112 1298/79/112
f 1274/79/112 1237/79/112 1270/79/112 1304/79/112
f 1259/79/112 1274/79/112 1304/79/112 1300/79/112
f 1300/79/112 1304/79/112 1298/79/112 1265/79/112
f 1295/79/112 1264/79/112 1297/79/112 1305/79/112
f 1279/79/112 1252/79/112 1296/79/112 1306/79/112
f 1238/79/112 1279/79/112 1306/79/112 1276/79/112
f 1276/79/112 1306/79/112 1295/79/112 1260/79/112
f 1267/79/112 1149/79/112 1266/79/112 1307/79/112
f 1252/79/112 1267/79/112 1307/79/112 1296/79/112
f 1296/79/112 1307/79/112 1294/79/112 1264/79/112
f 1283/79/112 1256/79/112 1293/79/112 1308/79/112
f 1233/79/112 1283/79/112 1308/79/112 1269/79/112
f 1287/79/112 1312/79/112 1292/79/112
f 1213/79/114 1229/79/114 1238/79/114 1260/79/114 1287/79/114
f 1294/79/112 1251/79/112 1278/79/112 1313/79/112
f 1264/79/112 1294/79/112 1313/79/112 1297/79/112
f 1297/79/112 1313/79/112 1274/79/112 1259/79/112
f 1298/79/112 1255/79/112 1282/79/112 1314/79/112
f 1265/79/112 1298/79/112 1314/79/112 1301/79/112
f 1301/79/112 1314/79/112 1268/79/112 1253/79/112
f 1402/79/116 1356/79/116 1325/79/116 1324/79/116
f 1397/79/116 1367/79/116 1368/79/116 1369/79/116
f 1396/79/116 1328/79/116 1349/79/116 1370/79/116
f 1323/79/116 1354/79/116 1394/79/116 1322/79/116
f 1367/79/116 1396/79/116 1370/79/116 1368/79/116
f 1347/79/116 1326/79/116 1396/79/116 1367/79/116
f 1326/79/116 1327/79/116 1328/79/116 1396/79/116
f 1346/79/116 1347/79/116 1367/79/116 1397/79/116
f 1381/79/116 1402/79/116 1324/79/116 1345/79/116
f 1383/79/116 1385/79/116 1402/79/116 1381/79/116
f 1385/79/116 1357/79/116 1356/79/116 1402/79/116
f 1483/79/115 1411/79/115 1408/79/115 1439/79/115
f 1482/79/115 1426/79/115 1417/79/115 1431/79/115
f 1478/79/115 1443/79/115 1444/79/115 1456/79/115
f 1475/79/115 1459/79/115 1432/79/115 1319/79/115
f 1474/79/115 1460/79/115 1461/79/115 1462/79/115
f 1472/79/115 1464/79/115 1440/79/115 1416/79/115
f 1426/79/115 1472/79/115 1416/79/115 1417/79/115
f 1448/79/115 1467/79/115 1472/79/115 1426/79/115
f 1467/79/115 1466/79/115 1464/79/115 1472/79/115
f 1433/79/115 1474/79/115 1462/79/115 1434/79/115
f 1321/79/115 1475/79/115 1319/79/115 1320/79/115
f 1434/79/115 1462/79/115 1475/79/115 1321/79/115
f 1462/79/115 1461/79/115 1459/79/115 1475/79/115
f 1441/79/115 1476/79/115 1458/79/115 1442/79/115
f 1410/79/115 1414/79/115 1476/79/115 1441/79/115
f 1442/79/115 1458/79/115 1477/79/115 1418/79/115
f 1458/79/115 1469/79/115 1457/79/115 1477/79/115
f 1454/79/115 1478/79/115 1456/79/115 1455/79/115
f 1446/79/115 1445/79/115 1478/79/115 1454/79/115
f 1445/79/115 1413/79/115 1443/79/115 1478/79/115
f 1455/79/115 1456/79/115 1480/79/115 1453/79/115
f 1456/79/115 1444/79/115 1420/79/115 1480/79/115
f 1457/79/115 1481/79/115 1449/79/115 1450/79/115
f 1459/79/115 1482/79/115 1431/79/115 1432/79/115
f 1461/79/115 1463/79/115 1482/79/115 1459/79/115
f 1463/79/115 1448/79/115 1426/79/115 1482/79/115
f 1464/79/115 1483/79/115 1439/79/115 1440/79/115
f 1466/79/115 1468/79/115 1483/79/115 1464/79/115
f 1468/79/115 1436/79/115 1411/79/115 1483/79/115
f 1255/79/117 1270/79/117 1416/79/117 1440/79/117
f 1190/79/118 1348/79/118 1544/79/118 1504/79/118
f 1165/79/113 1181/79/113 1498/79/113 1511/79/113
f 1271/79/119 1256/79/119 1442/79/119 1418/79/119
f 1281/79/117 1254/79/117 1438/79/117 1437/79/117
f 1154/79/120 1187/79/120 1342/79/120 1330/79/120
f 1180/79/113 1164/79/113 1509/79/113 1496/79/113
f 1282/79/117 1255/79/117 1440/79/117 1439/79/117
f 1150/79/117 1241/79/117 1407/79/117 1318/79/117
f 1308/79/122 1293/79/122 1458/79/122 1476/79/122
f 1193/79/113 1165/79/113 1511/79/113 1510/79/113
f 1258/79/117 1273/79/117 1422/79/117 1446/79/117
f 1256/79/119 1283/79/119 1441/79/119 1442/79/119
f 1164/79/113 1192/79/113 1508/79/113 1509/79/113
f 1178/79/113 1162/79/113 1505/79/113 1495/79/113
f 1269/79/122 1308/79/122 1476/79/122 1414/79/122
f 1320/79/123 1149/79/123 1489/79/123 1529/79/123
f 1190/79/124 1157/79/124 1336/79/124 1348/79/124
f 1191/79/113 1163/79/113 1507/79/113 1506/79/113
f 1179/79/120 1154/79/120 1330/79/120 1329/79/120
f 1161/79/113 1177/79/113 1493/79/113 1503/79/113
f 1273/79/117 1245/79/117 1423/79/117 1422/79/117
f 1162/79/113 1190/79/113 1504/79/113 1505/79/113
f 1237/79/117 1278/79/117 1431/79/117 1417/79/117
f 1176/79/113 1160/79/113 1501/79/113 1492/79/113
f 1325/79/125 1560/79/125 1627/79/125 1532/79/125 1324/79/125
f 1343/79/118 1159/79/118 1512/79/118 1552/79/118
f 1157/79/124 1182/79/124 1335/79/124 1336/79/124
f 1245/79/117 1281/79/117 1437/79/117 1423/79/117
f 1262/79/119 1290/79/119 1454/79/119 1455/79/119
f 1232/79/117 1282/79/117 1439/79/117 1408/79/117
f 1283/79/119 1233/79/119 1410/79/119 1441/79/119
f 1187/79/120 1159/79/120 1343/79/120 1342/79/120
f 1275/79/126 1310/79/126 1479/79/126 1427/79/126
f 1189/79/113 1161/79/113 1503/79/113 1502/79/113
f 1334/79/116 1333/79/116 1538/79/116 1539/79/116
f 1310/79/126 1289/79/126 1453/79/126 1479/79/126
f 1159/79/113 1175/79/113 1490/79/113 1512/79/113
f 1354/79/116 1323/79/116 1531/79/116 1550/79/116
f 1410/79/123 1233/79/123 1519/79/123 1559/79/123
f 1241/79/117 1232/79/117 1408/79/117 1407/79/117
f 1160/79/113 1188/79/113 1500/79/113 1501/79/113
f 1331/79/116 1332/79/116 1537/79/116 1536/79/116
f 1386/79/116 1352/79/116 1548/79/116 1553/79/116
f 1289/79/119 1262/79/119 1455/79/119 1453/79/119
f 1350/79/116 1386/79/116 1553/79/116 1546/79/116
f 1328/79/116 1327/79/116 1534/79/116 1535/79/116
f 1290/79/119 1258/79/119 1446/79/119 1454/79/119
f 1327/79/116 1326/79/116 1533/79/116 1534/79/116
f 1316/79/115 1409/79/115 1558/79/115 1525/79/115
f 1346/79/116 1334/79/116 1539/79/116 1542/79/116
f 1263/79/122 1292/79/122 1457/79/122 1469/79/122
f 1627/79/127 1595/79/127 1492/79/127 1570/79/127 1602/79/127 1532/79/127
f 1292/79/126 1312/79/126 1481/79/126 1457/79/126
f 1293/79/126 1263/79/126 1469/79/126 1458/79/126
f 1251/79/117 1266/79/117 1319/79/117 1432/79/117
f 1357/79/128 1325/79/128 1562/79/128 1460/79/128
f 1312/79/126 1275/79/126 1427/79/126 1481/79/126
f 1332/79/116 1344/79/116 1540/79/116 1537/79/116
f 1323/79/116 1322/79/116 1530/79/116 1531/79/116
f 1405/79/115 1419/79/115 1561/79/115 1556/79/115
f 1321/79/115 1320/79/115 1529/79/115 1528/79/115
f 1278/79/117 1251/79/117 1432/79/117 1431/79/117
f 1270/79/117 1237/79/117 1417/79/117 1416/79/117
f 1254/79/117 1269/79/117 1414/79/117 1438/79/117
f 1419/79/115 1403/79/115 1554/79/115 1561/79/115
f 1279/79/112 1238/79/112 1520/79/112 1522/79/112
f 1266/79/117 1149/79/117 1320/79/117 1319/79/117
f 1492/79/113 1501/79/113 1578/79/113 1570/79/113
f 1531/79/116 1530/79/116 1600/79/116 1601/79/116
f 1554/79/115 1555/79/115 1621/79/115 1620/79/115
f 1528/79/123 1488/79/123 1567/79/123 1599/79/123
f 1510/79/113 1511/79/113 1584/79/113 1583/79/113
f 1524/79/115 1525/79/115 1597/79/115 1635/79/115 1596/79/115
f 1550/79/116 1531/79/116 1601/79/116 1615/79/116
f 1509/79/113 1508/79/113 1581/79/113 1582/79/113
f 1522/79/112 1520/79/112 1595/79/112 1593/79/112
f 1553/79/116 1548/79/116 1613/79/116 1618/79/116
f 1488/79/112 1523/79/112 1594/79/112 1567/79/112
f 1546/79/116 1553/79/116 1618/79/116 1619/79/116
f 1494/79/124 1495/79/124 1535/79/124 1534/79/124
f 1505/79/118 1545/79/118 1617/79/118 1585/79/118
f 1523/79/112 1522/79/112 1593/79/112 1594/79/112
f 1542/79/116 1539/79/116 1608/79/116 1611/79/116
f 1502/79/113 1503/79/113 1580/79/113 1579/79/113
f 1512/79/120 1490/79/120 1530/79/120 1552/79/120
f 1516/79/122 1517/79/122 1557/79/122 1556/79/122
f 1518/79/112 1485/79/112 1565/79/112 1592/79/112
f 1537/79/116 1540/79/116 1609/79/116 1606/79/116
f 1505/79/124 1504/79/124 1544/79/124 1545/79/124
f 1501/79/113 1500/79/113 1577/79/113 1578/79/113
f 1506/79/120 1507/79/120 1547/79/120 1546/79/120
f 1519/79/119 1518/79/119 1558/79/119 1559/79/119
f 1521/79/112 1516/79/112 1591/79/112 1590/79/112
f 1538/79/116 1551/79/116 1616/79/116 1607/79/116
f 1530/79/118 1490/79/118 1568/79/118 1600/79/118
f 1498/79/113 1499/79/113 1576/79/113 1575/79/113
f 1514/79/112 1521/79/112 1590/79/112 1639/79/112 1588/79/112
f 1549/79/116 1536/79/116 1605/79/116 1614/79/116
f 1497/79/113 1496/79/113 1573/79/113 1574/79/113
f 1517/79/122 1486/79/122 1526/79/122 1557/79/122
f 1545/79/116 1535/79/116 1604/79/116 1617/79/116
f 1516/79/123 1556/79/123 1623/79/123 1591/79/123
f 1403/79/115 1404/79/115 1555/79/115 1554/79/115
f 1344/79/116 1345/79/116 1541/79/116 1540/79/116
f 1267/79/112 1252/79/112 1523/79/112 1488/79/112
f 1406/79/115 1405/79/115 1556/79/115 1557/79/115
f 1347/79/116 1346/79/116 1542/79/116 1543/79/116
f 1231/79/112 1236/79/112 1486/79/112 1517/79/112
f 1148/79/112 1235/79/112 1484/79/112 1485/79/112
f 1345/79/116 1324/79/116 1532/79/116 1541/79/116
f 1348/79/116 1349/79/116 1545/79/116 1544/79/116
f 1163/79/129 1351/79/129 1547/79/129 1507/79/129
f 1236/79/112 1150/79/112 1487/79/112 1486/79/112
f 1326/79/116 1347/79/116 1543/79/116 1533/79/116
f 1409/79/115 1410/79/115 1559/79/115 1558/79/115
f 1351/79/116 1350/79/116 1546/79/116 1547/79/116
f 1252/79/112 1279/79/112 1522/79/112 1523/79/112
f 1349/79/116 1328/79/116 1535/79/116 1545/79/116
f 1352/79/116 1353/79/116 1549/79/116 1548/79/116
f 1239/79/112 1147/79/112 1521/79/112 1514/79/112
f 1149/79/112 1267/79/112 1488/79/112 1489/79/112
f 1355/79/116 1354/79/116 1550/79/116 1551/79/116
f 1147/79/112 1240/79/112 1516/79/112 1521/79/112
f 1175/79/113 1153/79/113 1491/79/113 1490/79/113
f 1353/79/116 1331/79/116 1536/79/116 1549/79/116
f 1188/79/113 1155/79/113 1497/79/113 1500/79/113
f 1333/79/116 1355/79/116 1551/79/116 1538/79/116
f 1156/79/113 1189/79/113 1502/79/113 1499/79/113
f 1242/79/112 1148/79/112 1485/79/112 1518/79/112
f 1177/79/113 1152/79/113 1494/79/113 1493/79/113
f 1152/79/113 1178/79/113 1495/79/113 1494/79/113
f 1434/79/115 1321/79/115 1528/79/115 1563/79/115
f 1317/79/115 1406/79/115 1557/79/115 1526/79/115
f 1151/79/113 1191/79/113 1506/79/113 1513/79/113
f 1315/79/115 1316/79/115 1525/79/115 1524/79/115
f 1150/79/123 1318/79/123 1527/79/123 1487/79/123
f 1192/79/113 1151/79/113 1513/79/113 1508/79/113
f 1318/79/115 1317/79/115 1526/79/115 1527/79/115
f 1155/79/113 1180/79/113 1496/79/113 1497/79/113
f 1433/79/115 1434/79/115 1563/79/115 1562/79/115
f 1153/79/113 1193/79/113 1510/79/113 1491/79/113
f 1181/79/113 1156/79/113 1499/79/113 1498/79/113
f 1643/79/126 1641/79/126 1622/79/126 1640/79/126
f 1590/79/122 1591/79/122 1623/79/122 1622/79/122 1641/79/122
f 1568/79/120 1569/79/120 1601/79/120 1600/79/120
f 1577/79/118 1574/79/118 1606/79/118 1609/79/118
f 1576/79/129 1579/79/129 1611/79/129 1608/79/129
f 1592/79/119 1565/79/119 1636/79/119 1597/79/119 1624/79/119
f 1493/79/130 1494/79/130 1534/79/130 1533/79/130 1603/79/130 1571/79/130
f 1586/79/120 1587/79/120 1619/79/120 1618/79/120
f 1581/79/118 1586/79/118 1618/79/118 1613/79/118
f 1574/79/118 1573/79/118 1605/79/118 1606/79/118
f 1569/79/129 1583/79/129 1615/79/129 1601/79/129
f 1575/79/129 1576/79/129 1608/79/129 1607/79/129
f 1593/79/119 1595/79/119 1627/79/119 1625/79/119
f 1620/79/115 1621/79/115 1632/79/115 1631/79/115
f 1578/79/118 1577/79/118 1609/79/118 1610/79/118
f 1579/79/129 1580/79/129 1612/79/129 1611/79/129
f 1570/79/118 1578/79/118 1610/79/118 1602/79/118
f 1580/79/129 1571/79/129 1603/79/129 1612/79/129
f 1572/79/124 1585/79/124 1617/79/124 1604/79/124
f 1582/79/118 1581/79/118 1613/79/118 1614/79/118
f 1583/79/129 1584/79/129 1616/79/129 1615/79/129
f 1573/79/118 1582/79/118 1614/79/118 1605/79/118
f 1584/79/129 1575/79/129 1607/79/129 1616/79/129
f 1564/79/112 1589/79/112 1629/79/112 1630/79/112
f 1567/79/119 1594/79/119 1626/79/119 1599/79/119
f 1637/79/129 1596/79/129 1658/79/129 1649/79/129
f 1527/79/131 1604/79/131 1572/79/131 1150/79/131 1487/79/131
f 1594/79/119 1593/79/119 1625/79/119 1626/79/119
f 1558/79/123 1518/79/123 1592/79/123 1624/79/123
f 1503/79/113 1493/79/113 1571/79/113 1580/79/113
f 1526/79/132 1486/79/132 1566/79/132 1598/79/132
f 1555/79/115 1524/79/115 1596/79/115 1621/79/115
f 1495/79/113 1505/79/113 1585/79/113 1572/79/113
f 1496/79/113 1509/79/113 1582/79/113 1573/79/113
f 1536/79/116 1537/79/116 1606/79/116 1605/79/116
f 1511/79/113 1498/79/113 1575/79/113 1584/79/113
f 1561/79/115 1554/79/115 1620/79/115 1640/79/115 1622/79/115
f 1539/79/116 1538/79/116 1607/79/116 1608/79/116
f 1500/79/113 1497/79/113 1574/79/113 1577/79/113
f 1506/79/129 1546/79/129 1619/79/129 1587/79/129
f 1556/79/115 1561/79/115 1622/79/115 1623/79/115
f 1540/79/116 1541/79/116 1610/79/116 1609/79/116
f 1499/79/113 1502/79/113 1579/79/113 1576/79/113
f 1525/79/115 1558/79/115 1624/79/115 1597/79/115
f 1543/79/116 1542/79/116 1611/79/116 1612/79/116
f 1513/79/113 1506/79/113 1587/79/113 1586/79/113
f 1562/79/115 1563/79/115 1626/79/115 1625/79/115
f 1508/79/113 1513/79/113 1586/79/113 1581/79/113
f 1563/79/115 1528/79/115 1599/79/115 1626/79/115
f 1491/79/113 1510/79/113 1583/79/113 1569/79/113
f 1485/79/112 1484/79/112 1564/79/112 1634/79/112 1565/79/112
f 1560/79/115 1562/79/115 1625/79/115 1627/79/115
f 1548/79/116 1549/79/116 1614/79/116 1613/79/116
f 1604/79/129 1535/79/129 1495/79/129 1572/79/129
f 1551/79/116 1550/79/116 1615/79/116 1616/79/116
f 1489/79/119 1488/79/119 1528/79/119 1529/79/119
f 1490/79/113 1491/79/113 1569/79/113 1568/79/113
f 1541/79/116 1532/79/116 1602/79/116 1610/79/116
f 1484/79/112 1515/79/112 1589/79/112 1564/79/112
f 1533/79/116 1543/79/116 1612/79/116 1603/79/116
f 1629/79/112 1628/79/112 1651/79/112 1652/79/112
f 1640/79/115 1620/79/115 1647/79/115 1646/79/115
f 1596/79/118 1637/79/118 1564/79/118 1630/79/118 1633/79/118
f 1588/79/129 1642/79/129 1620/79/129 1631/79/129 1628/79/129
f 1589/79/112 1588/79/112 1628/79/112 1629/79/112
f 1621/79/115 1596/79/115 1633/79/115 1632/79/115
f 1636/79/126 1638/79/126 1635/79/126 1597/79/126
f 1565/79/126 1634/79/126 1638/79/126 1636/79/126
f 1633/79/118 1630/79/118 1653/79/118 1656/79/118
f 1642/79/118 1588/79/118 1645/79/118 1648/79/118
f 1596/79/115 1635/79/115 1659/79/115 1658/79/115
f 1639/79/126 1590/79/126 1641/79/126 1643/79/126
f 1660/79/126 1649/79/126 1658/79/126 1659/79/126
f 1652/79/126 1651/79/126 1654/79/126 1655/79/126
f 1653/79/126 1652/79/126 1655/79/126 1656/79/126
f 1657/79/126 1650/79/126 1649/79/126 1660/79/126
f 1648/79/126 1661/79/126 1646/79/126 1647/79/126
f 1645/79/126 1644/79/126 1661/79/126 1648/79/126
f 1620/79/118 1642/79/118 1648/79/118 1647/79/118
f 1630/79/112 1629/79/112 1652/79/112 1653/79/112
f 1635/79/118 1638/79/118 1660/79/118 1659/79/118
f 1643/79/129 1640/79/129 1646/79/129 1661/79/129
f 1564/79/129 1637/79/129 1649/79/129 1650/79/129
f 1631/79/115 1632/79/115 1655/79/115 1654/79/115
f 1638/79/118 1634/79/118 1657/79/118 1660/79/118
f 1639/79/129 1643/79/129 1661/79/129 1644/79/129
f 1632/79/115 1633/79/115 1656/79/115 1655/79/115
f 1588/79/112 1639/79/112 1644/79/112 1645/79/112
f 1628/79/129 1631/79/129 1654/79/129 1651/79/129
f 1634/79/112 1564/79/112 1650/79/112 1657/79/112
f 1595/79/133 1238/79/133 1229/79/133 1492/79/133
usemtl 材质.006
f 1219/79/113 1192/79/113 1164/79/113 1206/79/113
f 1215/79/113 1212/79/113 1174/79/113 1211/79/113
f 1214/79/113 1213/79/113 1166/79/113 1182/79/113
f 1211/79/113 1174/79/113 1213/79/113 1214/79/113
f 1170/79/113 1211/79/113 1214/79/113 1197/79/113
f 1197/79/113 1214/79/113 1182/79/113 1157/79/113
f 1194/79/113 1167/79/113 1212/79/113 1215/79/113
f 1158/79/113 1194/79/113 1215/79/113 1186/79/113
f 1186/79/113 1215/79/113 1211/79/113 1170/79/113
f 1191/79/113 1151/79/113 1192/79/113 1219/79/113
f 1248/79/112 1245/79/112 1273/79/112 1258/79/112 1285/79/112 1234/79/112 1244/79/112
f 1247/79/112 1246/79/112 1231/79/112 1240/79/112
f 1244/79/112 1234/79/112 1246/79/112 1247/79/112
f 1230/79/112 1244/79/112 1247/79/112 1239/79/112
f 1239/79/112 1247/79/112 1240/79/112 1147/79/112
f 1242/79/112 1233/79/112 1269/79/112 1254/79/112 1281/79/112 1245/79/112 1248/79/112
f 1148/79/112 1242/79/112 1248/79/112 1235/79/112
f 1235/79/112 1248/79/112 1244/79/112 1230/79/112
f 1312/79/112 1287/79/112 1249/79/112 1275/79/112
f 1311/79/112 1288/79/112 1243/79/112 1272/79/112
f 1243/79/112 1280/79/112 1253/79/112 1268/79/112 1232/79/112 1241/79/112 1250/79/112
f 1234/79/112 1284/79/112 1257/79/112 1272/79/112 1243/79/112 1250/79/112 1246/79/112
f 1246/79/112 1250/79/112 1236/79/112 1231/79/112
f 1310/79/112 1277/79/112 1261/79/112 1289/79/112
f 1309/79/112 1291/79/112 1257/79/112 1284/79/112
f 1305/79/112 1297/79/112 1259/79/112 1286/79/112
f 1303/79/112 1300/79/112 1265/79/112 1299/79/112
f 1302/79/112 1301/79/112 1253/79/112 1280/79/112
f 1299/79/112 1265/79/112 1301/79/112 1302/79/112
f 1261/79/112 1299/79/112 1302/79/112 1288/79/112
f 1288/79/112 1302/79/112 1280/79/112 1243/79/112
f 1286/79/112 1259/79/112 1300/79/112 1303/79/112
f 1249/79/112 1286/79/112 1303/79/112 1277/79/112
f 1277/79/112 1303/79/112 1299/79/112 1261/79/112
f 1260/79/112 1295/79/112 1305/79/112 1287/79/112
f 1287/79/112 1305/79/112 1286/79/112 1249/79/112
f 1290/79/112 1262/79/112 1291/79/112 1309/79/112
f 1258/79/112 1290/79/112 1309/79/112 1285/79/112
f 1285/79/112 1309/79/112 1284/79/112 1234/79/112
f 1275/79/112 1249/79/112 1277/79/112 1310/79/112
f 1289/79/112 1261/79/112 1288/79/112 1311/79/112
f 1262/79/112 1289/79/112 1311/79/112 1291/79/112
f 1291/79/112 1311/79/112 1272/79/112 1257/79/112
f 1430/79/115 1317/79/115 1318/79/115 1407/79/115
f 1401/79/116 1337/79/116 1332/79/116 1331/79/116
f 1400/79/116 1338/79/116 1339/79/116 1362/79/116
f 1399/79/116 1348/79/116 1336/79/116 1364/79/116
f 1398/79/116 1366/79/116 1365/79/116 1341/79/116
f 1395/79/116 1371/79/116 1363/79/116 1340/79/116
f 1394/79/116 1372/79/116 1373/79/116 1374/79/116
f 1393/79/116 1360/79/116 1361/79/116 1375/79/116
f 1392/79/116 1376/79/116 1353/79/116 1352/79/116
f 1391/79/116 1377/79/116 1378/79/116 1379/79/116
f 1390/79/116 1358/79/116 1359/79/116 1380/79/116
f 1389/79/116 1381/79/116 1345/79/116 1344/79/116
f 1388/79/116 1382/79/116 1383/79/116 1384/79/116
f 1387/79/116 1335/79/116 1357/79/116 1385/79/116
f 1382/79/116 1387/79/116 1385/79/116 1383/79/116
f 1365/79/116 1364/79/116 1387/79/116 1382/79/116
f 1364/79/116 1336/79/116 1335/79/116 1387/79/116
f 1358/79/116 1388/79/116 1384/79/116 1359/79/116
f 1339/79/116 1341/79/116 1388/79/116 1358/79/116
f 1341/79/116 1365/79/116 1382/79/116 1388/79/116
f 1337/79/116 1389/79/116 1344/79/116 1332/79/116
f 1359/79/116 1384/79/116 1389/79/116 1337/79/116
f 1384/79/116 1383/79/116 1381/79/116 1389/79/116
f 1377/79/116 1390/79/116 1380/79/116 1378/79/116
f 1363/79/116 1362/79/116 1390/79/116 1377/79/116
f 1362/79/116 1339/79/116 1358/79/116 1390/79/116
f 1329/79/116 1391/79/116 1379/79/116 1351/79/116
f 1330/79/116 1340/79/116 1391/79/116 1329/79/116
f 1340/79/116 1363/79/116 1377/79/116 1391/79/116
f 1350/79/116 1392/79/116 1352/79/116 1386/79/116
f 1351/79/116 1379/79/116 1392/79/116 1350/79/116
f 1379/79/116 1378/79/116 1376/79/116 1392/79/116
f 1372/79/116 1393/79/116 1375/79/116 1373/79/116
f 1355/79/116 1333/79/116 1393/79/116 1372/79/116
f 1333/79/116 1334/79/116 1360/79/116 1393/79/116
f 1322/79/116 1394/79/116 1374/79/116 1343/79/116
f 1354/79/116 1355/79/116 1372/79/116 1394/79/116
f 1342/79/116 1395/79/116 1340/79/116 1330/79/116
f 1343/79/116 1374/79/116 1395/79/116 1342/79/116
f 1374/79/116 1373/79/116 1371/79/116 1395/79/116
f 1360/79/116 1397/79/116 1369/79/116 1361/79/116
f 1334/79/116 1346/79/116 1397/79/116 1360/79/116
f 1338/79/116 1398/79/116 1341/79/116 1339/79/116
f 1361/79/116 1369/79/116 1398/79/116 1338/79/116
f 1369/79/116 1368/79/116 1366/79/116 1398/79/116
f 1366/79/116 1399/79/116 1364/79/116 1365/79/116
f 1368/79/116 1370/79/116 1399/79/116 1366/79/116
f 1370/79/116 1349/79/116 1348/79/116 1399/79/116
f 1371/79/116 1400/79/116 1362/79/116 1363/79/116
f 1373/79/116 1375/79/116 1400/79/116 1371/79/116
f 1375/79/116 1361/79/116 1338/79/116 1400/79/116
f 1376/79/116 1401/79/116 1331/79/116 1353/79/116
f 1378/79/116 1380/79/116 1401/79/116 1376/79/116
f 1380/79/116 1359/79/116 1337/79/116 1401/79/116
f 1425/79/115 1412/79/115 1413/79/115 1445/79/115 1446/79/115 1422/79/115 1423/79/115
f 1424/79/115 1405/79/115 1406/79/115 1415/79/115
f 1412/79/115 1424/79/115 1415/79/115 1413/79/115
f 1404/79/115 1403/79/115 1424/79/115 1412/79/115
f 1403/79/115 1419/79/115 1405/79/115 1424/79/115
f 1409/79/115 1425/79/115 1423/79/115 1437/79/115 1438/79/115 1414/79/115 1410/79/115
f 1316/79/115 1315/79/115 1425/79/115 1409/79/115
f 1315/79/115 1404/79/115 1412/79/115 1425/79/115
f 1481/79/115 1427/79/115 1428/79/115 1449/79/115
f 1480/79/115 1420/79/115 1421/79/115 1451/79/115
f 1421/79/115 1430/79/115 1407/79/115 1408/79/115 1411/79/115 1436/79/115 1435/79/115
f 1413/79/115 1415/79/115 1430/79/115 1421/79/115 1420/79/115 1444/79/115 1443/79/115
f 1415/79/115 1406/79/115 1317/79/115 1430/79/115
f 1479/79/115 1453/79/115 1452/79/115 1429/79/115
f 1473/79/115 1447/79/115 1448/79/115 1463/79/115
f 1471/79/115 1465/79/115 1466/79/115 1467/79/115
f 1470/79/115 1435/79/115 1436/79/115 1468/79/115
f 1465/79/115 1470/79/115 1468/79/115 1466/79/115
f 1452/79/115 1451/79/115 1470/79/115 1465/79/115
f 1451/79/115 1421/79/115 1435/79/115 1470/79/115
f 1447/79/115 1471/79/115 1467/79/115 1448/79/115
f 1428/79/115 1429/79/115 1471/79/115 1447/79/115
f 1429/79/115 1452/79/115 1465/79/115 1471/79/115
f 1460/79/115 1473/79/115 1463/79/115 1461/79/115
f 1450/79/115 1449/79/115 1473/79/115 1460/79/115
f 1449/79/115 1428/79/115 1447/79/115 1473/79/115
f 1427/79/115 1479/79/115 1429/79/115 1428/79/115
f 1453/79/115 1480/79/115 1451/79/115 1452/79/115
f 1357/79/121 1335/79/121 1460/79/121
f 1233/79/112 1242/79/112 1518/79/112 1519/79/112
f 1240/79/112 1231/79/112 1517/79/112 1516/79/112
f 1230/79/112 1239/79/112 1514/79/112 1515/79/112
f 1163/79/120 1179/79/120 1329/79/120 1351/79/120
f 1235/79/112 1230/79/112 1515/79/112 1484/79/112
f 1322/79/116 1343/79/116 1552/79/116 1530/79/116
f 1404/79/115 1315/79/115 1524/79/115 1555/79/115
f 1515/79/112 1514/79/112 1588/79/112 1589/79/112
o 平面
v -2157.960938 -17.266594 2144.971436
v 2132.259277 -17.266594 2144.971436
v -2157.960938 -17.266594 -2145.248779
v 2132.259277 -17.266594 -2145.248779
vn -0.0000 -0.0000 -0.0000
vt 0.000000 0.000000
vt 1.000000 0.000000
vt 1.000000 1.000000
vt 0.000000 1.000000
s 0
f 1662/80/134 1663/81/134 1665/82/134 1664/83/134
o mirror
v -187.146362 18.237808 -250.408844
v 107.615837 -12.003403 -272.527161
v -133.317368 483.575989 -169.283188
v -133.317368 483.575989 -169.283188
v -187.146362 18.237808 -250.408844
v 107.615837 -12.003403 -272.527161
vn -0.0555 0.1777 -0.9825
vn 0.0555 -0.1777 0.9825
vt 1.000000 0.000000
vt 0.000000 0.000000
vt 0.000000 1.000000
s 0
usemtl 材质
f 1667/84/135 1666/85/135 1668/86/135
f 1671/84/136 1669/86/136 1670/85/136
f 1667/84/136 1668/86/136 1669/86/136 1671/84/136
f 1666/85/136 1667/84/136 1671/84/136 1670/85/136
f 1668/86/136 1666/85/136 1670/85/136 1669/86/136
o mirror.001
v 133.874985 334.883911 -263.093536
v 168.604126 48.554672 -229.827133
v 285.078644 403.627502 170.741226
vn -0.9379 -0.0744 0.3387
vt 1.000000 0.000000
vt 0.000000 1.000000
vt 0.000000 0.000000
s 0
usemtl 材质.007
f 1673/87/137 1674/88/137 1672/89/137
o mirror.002
v 494.713379 215.975311 190.375931
v 346.328796 -11.492928 -97.422440
v -41.189316 147.798584 520.564636
vn -0.3781 0.8112 -0.4462
vt 1.000000 0.000000
vt 0.000000 1.000000
vt 0.000000 0.000000
s 0
usemtl 材质.008
f 1676/90/138 1677/91/138 1675/92/138
