
mtllib a.mtl
o cake
v 0.500000 0.000000 1.000000
v 0.500000 0.000000 0.750000
v 0.750000 0.000000 0.500000
v 0.750000 0.000000 0.750000
v -1.000000 0.274686 0.000000
v 0.000000 0.274686 1.000000
v 1.000000 0.274686 0.000000
v 0.000000 0.274686 -1.000000
v 0.000000 0.274686 0.000000
v -1.000000 0.274686 0.500000
v 0.500000 0.274686 1.000000
v 1.000000 0.274686 -0.500000
v -0.500000 0.274686 -1.000000
v -1.000000 0.274686 -0.500000
v -0.500000 0.274686 1.000000
v 1.000000 0.274686 0.500000
v 0.500000 0.274686 -1.000000
v 0.000000 0.274686 -0.500000
v 0.000000 0.274686 0.500000
v -0.500000 0.274686 0.000000
v 0.500000 0.274686 0.000000
v 0.500000 0.274686 0.500000
v -0.500000 0.274686 0.500000
v -0.500000 0.274686 -0.500000
v 0.500000 0.274686 -0.500000
v -1.000000 0.274686 -0.250000
v -0.250000 0.274686 1.000000
v 1.000000 0.274686 0.250000
v 0.250000 0.274686 -1.000000
v 0.000000 0.274686 -0.750000
v 0.000000 0.274686 0.250000
v -0.750000 0.274686 0.000000
v 0.250000 0.274686 0.000000
v -1.000000 0.274686 0.250000
v 0.250000 0.274686 1.000000
v 1.000000 0.274686 -0.250000
v -0.250000 0.274686 -1.000000
v 0.000000 0.274686 -0.250000
v 0.000000 0.274686 0.750000
v -0.250000 0.274686 0.000000
v 0.750000 0.274686 0.000000
v 0.500000 0.274686 0.250000
v 0.500000 0.274686 0.750000
v 0.250000 0.274686 0.500000
v 0.750000 0.274686 0.500000
v -0.500000 0.274686 0.250000
v -0.500000 0.274686 0.750000
v -0.750000 0.274686 0.500000
v -0.250000 0.274686 0.500000
v -0.500000 0.274686 -0.750000
v -0.500000 0.274686 -0.250000
v -0.750000 0.274686 -0.500000
v -0.250000 0.274686 -0.500000
v 0.500000 0.274686 -0.750000
v 0.500000 0.274686 -0.250000
v 0.250000 0.274686 -0.500000
v 0.750000 0.274686 -0.500000
v 0.750000 0.274686 -0.250000
v 0.250000 0.274686 -0.250000
v 0.250000 0.274686 -0.750000
v -0.250000 0.274686 -0.250000
v -0.750000 0.274686 -0.250000
v -0.750000 0.274686 -0.750000
v -0.250000 0.274686 0.750000
v -0.750000 0.274686 0.750000
v -0.750000 0.274686 0.250000
v 0.750000 0.274686 0.750000
v 0.250000 0.274686 0.750000
v 0.250000 0.274686 0.250000
v 0.750000 0.274686 0.250000
v -0.250000 0.274686 0.250000
v -0.250000 0.274686 -0.750000
v 0.750000 0.274686 -0.750000
v 0.000000 0.274686 1.050000
v 1.050000 0.274686 0.000000
v 0.000000 0.274686 -1.050000
v 0.000000 0.274686 0.000000
v 0.525000 0.274686 1.050000
v 1.050000 0.274686 -0.525000
v -0.525000 0.274686 1.050000
v 1.050000 0.274686 0.525000
v 0.525000 0.274686 -1.050000
v 0.000000 0.274686 -0.525000
v 0.000000 0.274686 0.525000
v -0.525000 0.274686 0.000000
v 0.525000 0.274686 0.000000
v 0.525000 0.274686 0.525000
v -0.525000 0.274686 0.525000
v -0.525000 0.274686 -0.525000
v 0.525000 0.274686 -0.525000
v -0.262500 0.274686 1.050000
v 1.050000 0.274686 0.262500
v 0.262500 0.274686 -1.050000
v 0.000000 0.274686 -0.787500
v 0.000000 0.274686 0.262500
v -0.787500 0.274686 0.000000
v 0.262500 0.274686 0.000000
v 0.262500 0.274686 1.050000
v 1.050000 0.274686 -0.262500
v -0.262500 0.274686 -1.050000
v 0.000000 0.274686 -0.262500
v 0.000000 0.274686 0.787500
v -0.262500 0.274686 0.000000
v 0.787500 0.274686 0.000000
v 0.525000 0.274686 0.262500
v 0.525000 0.274686 0.787500
v 0.262500 0.274686 0.525000
v 0.787500 0.274686 0.525000
v -0.525000 0.274686 0.262500
v -0.525000 0.274686 0.787500
v -0.787500 0.274686 0.525000
v -0.262500 0.274686 0.525000
v -0.525000 0.274686 -0.262500
v -0.262500 0.274686 -0.525000
v 0.525000 0.274686 -0.787500
v 0.525000 0.274686 -0.262500
v 0.262500 0.274686 -0.525000
v 0.787500 0.274686 -0.525000
v 0.787500 0.274686 -0.262500
v 0.262500 0.274686 -0.262500
v 0.262500 0.274686 -0.787500
v -0.262500 0.274686 -0.262500
v -0.787500 0.274686 -0.262500
v -0.262500 0.274686 0.787500
v -0.787500 0.274686 0.787500
v -0.787500 0.274686 0.262500
v 0.787500 0.274686 0.787500
v 0.262500 0.274686 0.787500
v 0.262500 0.274686 0.262500
v 0.787500 0.274686 0.262500
v -0.262500 0.274686 0.262500
v -0.262500 0.274686 -0.787500
v 0.787500 0.274686 -0.787500
v -1.050000 0.549371 0.000000
v 0.000000 0.549371 1.050000
v 1.050000 0.549371 0.000000
v 0.000000 0.549371 -1.050000
v 0.000000 0.549371 0.000000
v -1.050000 0.549371 0.525000
v 0.525000 0.549371 1.050000
v 1.050000 0.549371 -0.525000
v -0.525000 0.549371 -1.050000
v -1.050000 0.549371 -0.525000
v -0.525000 0.549371 1.050000
v 1.050000 0.549371 0.525000
v 0.525000 0.549371 -1.050000
v 0.000000 0.549371 -0.525000
v 0.000000 0.549371 0.525000
v -0.525000 0.549371 0.000000
v 0.525000 0.549371 0.000000
v 0.525000 0.549371 0.525000
v -0.525000 0.549371 0.525000
v -0.525000 0.549371 -0.525000
v 0.525000 0.549371 -0.525000
v -1.050000 0.549371 -0.262500
v -0.262500 0.549371 1.050000
v 1.050000 0.549371 0.262500
v 0.262500 0.549371 -1.050000
v 0.000000 0.549371 -0.787500
v 0.000000 0.549371 0.262500
v -0.787500 0.549371 0.000000
v 0.262500 0.549371 0.000000
v -1.050000 0.549371 0.262500
v 0.262500 0.549371 1.050000
v 1.050000 0.549371 -0.262500
v -0.262500 0.549371 -1.050000
v 0.000000 0.549371 -0.262500
v 0.000000 0.549371 0.787500
v -0.262500 0.549371 0.000000
v 0.787500 0.549371 0.000000
v 0.525000 0.549371 0.262500
v 0.525000 0.549371 0.787500
v 0.262500 0.549371 0.525000
v 0.787500 0.549371 0.525000
v -0.525000 0.549371 0.262500
v -0.525000 0.549371 0.787500
v -0.787500 0.549371 0.525000
v -0.262500 0.549371 0.525000
v -0.525000 0.549371 -0.787500
v -0.525000 0.549371 -0.262500
v -0.787500 0.549371 -0.525000
v -0.262500 0.549371 -0.525000
v 0.525000 0.549371 -0.787500
v 0.525000 0.549371 -0.262500
v 0.262500 0.549371 -0.525000
v 0.787500 0.549371 -0.525000
v 0.787500 0.549371 -0.262500
v 0.262500 0.549371 -0.262500
v 0.262500 0.549371 -0.787500
v -0.262500 0.549371 -0.262500
v -0.787500 0.549371 -0.262500
v -0.787500 0.549371 -0.787500
v -0.262500 0.549371 0.787500
v -0.787500 0.549371 0.787500
v -0.787500 0.549371 0.262500
v 0.787500 0.549371 0.787500
v 0.262500 0.549371 0.787500
v 0.262500 0.549371 0.262500
v 0.787500 0.549371 0.262500
v -0.262500 0.549371 0.262500
v -0.262500 0.549371 -0.787500
v 0.787500 0.549371 -0.787500
v -1.100000 0.549371 0.000000
v 0.000000 0.549371 1.100000
v 1.100000 0.549371 0.000000
v 0.000000 0.549371 -1.100000
v 0.000000 0.549371 0.000000
v -1.100000 0.549371 0.550000
v 0.550000 0.549371 1.100000
v 1.100000 0.549371 -0.550000
v -0.550000 0.549371 -1.100000
v -1.100000 0.549371 -0.550000
v -0.550000 0.549371 1.100000
v 1.100000 0.549371 0.550000
v 0.550000 0.549371 -1.100000
v 0.000000 0.549371 -0.550000
v 0.000000 0.549371 0.550000
v -0.550000 0.549371 0.000000
v 0.550000 0.549371 0.000000
v 0.550000 0.549371 0.550000
v -0.550000 0.549371 0.550000
v -0.550000 0.549371 -0.550000
v 0.550000 0.549371 -0.550000
v -1.100000 0.549371 -0.275000
v -0.275000 0.549371 1.100000
v 1.100000 0.549371 0.275000
v 0.275000 0.549371 -1.100000
v 0.000000 0.549371 -0.825000
v 0.000000 0.549371 0.275000
v -0.825000 0.549371 0.000000
v 0.275000 0.549371 0.000000
v -1.100000 0.549371 0.275000
v 0.275000 0.549371 1.100000
v 1.100000 0.549371 -0.275000
v -0.275000 0.549371 -1.100000
v 0.000000 0.549371 -0.275000
v 0.000000 0.549371 0.825000
v -0.275000 0.549371 0.000000
v 0.825000 0.549371 0.000000
v 0.550000 0.549371 0.275000
v 0.550000 0.549371 0.825000
v 0.275000 0.549371 0.550000
v 0.825000 0.549371 0.550000
v -0.550000 0.549371 0.275000
v -0.550000 0.549371 0.825000
v -0.825000 0.549371 0.550000
v -0.275000 0.549371 0.550000
v -0.550000 0.549371 -0.825000
v -0.550000 0.549371 -0.275000
v -0.825000 0.549371 -0.550000
v -0.275000 0.549371 -0.550000
v 0.550000 0.549371 -0.825000
v 0.550000 0.549371 -0.275000
v 0.275000 0.549371 -0.550000
v 0.825000 0.549371 -0.550000
v 0.825000 0.549371 -0.275000
v 0.275000 0.549371 -0.275000
v 0.275000 0.549371 -0.825000
v -0.275000 0.549371 -0.275000
v -0.825000 0.549371 -0.275000
v -0.825000 0.549371 -0.825000
v -0.275000 0.549371 0.825000
v -0.825000 0.549371 0.825000
v -0.825000 0.549371 0.275000
v 0.825000 0.549371 0.825000
v 0.275000 0.549371 0.825000
v 0.275000 0.549371 0.275000
v 0.825000 0.549371 0.275000
v -0.275000 0.549371 0.275000
v -0.275000 0.549371 -0.825000
v 0.825000 0.549371 -0.825000
v -1.100000 0.824057 0.000000
v 0.000000 0.824057 1.100000
v 1.100000 0.824057 0.000000
v 0.000000 0.824057 -1.100000
v 0.000000 0.824057 0.000000
v -1.100000 0.824057 0.550000
v 0.550000 0.824057 1.100000
v 1.100000 0.824057 -0.550000
v -0.550000 0.824057 -1.100000
v -1.100000 0.824057 -0.550000
v -0.550000 0.824057 1.100000
v 1.100000 0.824057 0.550000
v 0.550000 0.824057 -1.100000
v 0.000000 0.824057 -0.550000
v 0.000000 0.824057 0.550000
v -0.550000 0.824057 0.000000
v 0.550000 0.824057 0.000000
v 0.550000 0.824057 0.550000
v -0.550000 0.824057 0.550000
v -0.550000 0.824057 -0.550000
v 0.550000 0.824057 -0.550000
v -1.100000 0.824057 -0.275000
v -0.275000 0.824057 1.100000
v 1.100000 0.824057 0.275000
v 0.275000 0.824057 -1.100000
v 0.000000 0.824057 -0.825000
v 0.000000 0.824057 0.275000
v -0.825000 0.824057 0.000000
v 0.275000 0.824057 0.000000
v -1.100000 0.824057 0.275000
v 0.275000 0.824057 1.100000
v 1.100000 0.824057 -0.275000
v -0.275000 0.824057 -1.100000
v 0.000000 0.824057 -0.275000
v 0.000000 0.824057 0.825000
v -0.275000 0.824057 0.000000
v 0.825000 0.824057 0.000000
v 0.550000 0.824057 0.275000
v 0.550000 0.824057 0.825000
v 0.275000 0.824057 0.550000
v 0.825000 0.824057 0.550000
v -0.550000 0.824057 0.275000
v -0.550000 0.824057 0.825000
v -0.825000 0.824057 0.550000
v -0.275000 0.824057 0.550000
v -0.550000 0.824057 -0.825000
v -0.550000 0.824057 -0.275000
v -0.825000 0.824057 -0.550000
v -0.275000 0.824057 -0.550000
v 0.550000 0.824057 -0.825000
v 0.550000 0.824057 -0.275000
v 0.275000 0.824057 -0.550000
v 0.825000 0.824057 -0.550000
v 0.825000 0.824057 -0.275000
v 0.275000 0.824057 -0.275000
v 0.275000 0.824057 -0.825000
v -0.275000 0.824057 -0.275000
v -0.825000 0.824057 -0.275000
v -0.825000 0.824057 -0.825000
v -0.275000 0.824057 0.825000
v -0.825000 0.824057 0.825000
v -0.825000 0.824057 0.275000
v 0.825000 0.824057 0.825000
v 0.275000 0.824057 0.825000
v 0.275000 0.824057 0.275000
v 0.825000 0.824057 0.275000
v -0.275000 0.824057 0.275000
v -0.275000 0.824057 -0.825000
v 0.825000 0.824057 -0.825000
v -1.150000 0.824057 0.000000
v 0.000000 0.824057 1.150000
v 1.150000 0.824057 0.000000
v 0.000000 0.824057 -1.150000
v 0.000000 0.824057 0.000000
v -1.150000 0.824057 0.575000
v 0.575000 0.824057 1.150000
v 1.150000 0.824057 -0.575000
v -0.575000 0.824057 -1.150000
v -1.150000 0.824057 -0.575000
v -0.575000 0.824057 1.150000
v 1.150000 0.824057 0.575000
v 0.575000 0.824057 -1.150000
v 0.000000 0.824057 -0.575000
v 0.000000 0.824057 0.575000
v -0.575000 0.824057 0.000000
v 0.575000 0.824057 0.000000
v 0.575000 0.824057 0.575000
v -0.575000 0.824057 0.575000
v -0.575000 0.824057 -0.575000
v 0.575000 0.824057 -0.575000
v -1.150000 0.824057 -0.287500
v -0.287500 0.824057 1.150000
v 1.150000 0.824057 0.287500
v 0.287500 0.824057 -1.150000
v 0.000000 0.824057 -0.862500
v 0.000000 0.824057 0.287500
v -0.862500 0.824057 0.000000
v 0.287500 0.824057 0.000000
v -1.150000 0.824057 0.287500
v 0.287500 0.824057 1.150000
v 1.150000 0.824057 -0.287500
v -0.287500 0.824057 -1.150000
v 0.000000 0.824057 -0.287500
v 0.000000 0.824057 0.862500
v -0.287500 0.824057 0.000000
v 0.862500 0.824057 0.000000
v 0.575000 0.824057 0.287500
v 0.575000 0.824057 0.862500
v 0.287500 0.824057 0.575000
v 0.862500 0.824057 0.575000
v -0.575000 0.824057 0.287500
v -0.575000 0.824057 0.862500
v -0.862500 0.824057 0.575000
v -0.287500 0.824057 0.575000
v -0.575000 0.824057 -0.862500
v -0.575000 0.824057 -0.287500
v -0.862500 0.824057 -0.575000
v -0.287500 0.824057 -0.575000
v 0.575000 0.824057 -0.862500
v 0.575000 0.824057 -0.287500
v 0.287500 0.824057 -0.575000
v 0.862500 0.824057 -0.575000
v 0.862500 0.824057 -0.287500
v 0.287500 0.824057 -0.287500
v 0.287500 0.824057 -0.862500
v -0.287500 0.824057 -0.287500
v -0.862500 0.824057 -0.287500
v -0.862500 0.824057 -0.862500
v -0.287500 0.824057 0.862500
v -0.862500 0.824057 0.862500
v -0.862500 0.824057 0.287500
v 0.862500 0.824057 0.862500
v 0.287500 0.824057 0.862500
v 0.287500 0.824057 0.287500
v 0.862500 0.824057 0.287500
v -0.287500 0.824057 0.287500
v -0.287500 0.824057 -0.862500
v 0.862500 0.824057 -0.862500
v -1.150000 1.098742 0.000000
v 0.000000 1.098742 1.150000
v 1.150000 1.098742 0.000000
v 0.000000 1.098742 -1.150000
v 0.000000 1.098742 0.000000
v -1.150000 1.098742 0.575000
v 0.575000 1.098742 1.150000
v 1.150000 1.098742 -0.575000
v -0.575000 1.098742 -1.150000
v -1.150000 1.098742 -0.575000
v -0.575000 1.098742 1.150000
v 1.150000 1.098742 0.575000
v 0.575000 1.098742 -1.150000
v 0.000000 1.098742 -0.575000
v 0.000000 1.098742 0.575000
v -0.575000 1.098742 0.000000
v 0.575000 1.098742 0.000000
v 0.575000 1.098742 0.575000
v -0.575000 1.098742 0.575000
v -0.575000 1.098742 -0.575000
v 0.575000 1.098742 -0.575000
v -1.150000 1.098742 -0.287500
v -0.287500 1.098742 1.150000
v 1.150000 1.098742 0.287500
v 0.287500 1.098742 -1.150000
v 0.000000 1.098742 -0.862500
v 0.000000 1.098742 0.287500
v -0.862500 1.098742 0.000000
v 0.287500 1.098742 0.000000
v -1.150000 1.098742 0.287500
v 0.287500 1.098742 1.150000
v 1.150000 1.098742 -0.287500
v -0.287500 1.098742 -1.150000
v 0.000000 1.098742 -0.287500
v 0.000000 1.098742 0.862500
v -0.287500 1.098742 0.000000
v 0.862500 1.098742 0.000000
v 0.575000 1.098742 0.287500
v 0.575000 1.098742 0.862500
v 0.287500 1.098742 0.575000
v 0.862500 1.098742 0.575000
v -0.575000 1.098742 0.287500
v -0.575000 1.098742 0.862500
v -0.862500 1.098742 0.575000
v -0.287500 1.098742 0.575000
v -0.575000 1.098742 -0.862500
v -0.575000 1.098742 -0.287500
v -0.862500 1.098742 -0.575000
v -0.287500 1.098742 -0.575000
v 0.575000 1.098742 -0.862500
v 0.575000 1.098742 -0.287500
v 0.287500 1.098742 -0.575000
v 0.862500 1.098742 -0.575000
v 0.862500 1.098742 -0.287500
v 0.287500 1.098742 -0.287500
v 0.287500 1.098742 -0.862500
v -0.287500 1.098742 -0.287500
v -0.862500 1.098742 -0.287500
v -0.862500 1.098742 -0.862500
v -0.287500 1.098742 0.862500
v -0.862500 1.098742 0.862500
v -0.862500 1.098742 0.287500
v 0.862500 1.098742 0.862500
v 0.287500 1.098742 0.862500
v 0.287500 1.098742 0.287500
v 0.862500 1.098742 0.287500
v -0.287500 1.098742 0.287500
v -0.287500 1.098742 -0.862500
v 0.862500 1.098742 -0.862500
v -1.200000 1.098742 0.000000
v 0.000000 1.098742 1.200000
v 0.000000 1.105855 -1.192887
v 0.000000 1.098742 -1.200000
v 0.000000 1.098742 0.000000
v -1.200000 1.098742 0.600000
v 0.600000 1.098742 1.200000
v 1.200000 1.098742 -0.600000
v -0.600000 1.098742 -1.200000
v -1.200000 1.098742 -0.600000
v -0.600000 1.098742 1.200000
v 1.200000 1.098742 0.600000
v 0.600000 1.098742 -1.200000
v 0.000000 1.098742 -0.600000
v 0.000000 1.098742 0.600000
v -0.600000 1.098742 0.000000
v 0.600000 1.098742 0.000000
v 0.600000 1.098742 0.600000
v -0.600000 1.098742 0.600000
v -0.600000 1.098742 -0.600000
v 0.600000 1.098742 -0.600000
v -1.200000 1.098742 -0.300000
v -0.300000 1.098742 1.200000
v 1.200000 1.098742 0.300000
v 0.300000 1.098742 -1.200000
v 0.000000 1.098742 -0.900000
v 0.000000 1.098742 0.300000
v -0.900000 1.098742 0.000000
v 0.300000 1.098742 0.000000
v -1.200000 1.098742 0.300000
v 0.300000 1.098742 1.200000
v 1.200000 1.098742 -0.300000
v -0.300000 1.098742 -1.200000
v 0.000000 1.098742 -0.300000
v 0.000000 1.098742 0.900000
v -0.300000 1.098742 0.000000
v 0.900000 1.098742 0.000000
v 0.600000 1.098742 0.300000
v 0.600000 1.098742 0.900000
v 0.300000 1.098742 0.600000
v 0.900000 1.098742 0.600000
v -0.600000 1.098742 0.300000
v -0.600000 1.098742 0.900000
v -0.900000 1.098742 0.600000
v -0.300000 1.098742 0.600000
v -0.600000 1.098742 -0.900000
v -0.600000 1.098742 -0.300000
v -0.900000 1.098742 -0.600000
v -0.300000 1.098742 -0.600000
v 0.600000 1.098742 -0.900000
v 0.600000 1.098742 -0.300000
v 0.300000 1.098742 -0.600000
v 0.900000 1.098742 -0.600000
v 0.900000 1.098742 -0.300000
v 0.300000 1.098742 -0.300000
v 0.300000 1.098742 -0.900000
v -0.300000 1.098742 -0.300000
v -0.900000 1.098742 -0.300000
v -0.900000 1.098742 -0.900000
v -0.300000 1.098742 0.900000
v -0.900000 1.098742 0.900000
v -0.900000 1.098742 0.300000
v 0.900000 1.098742 0.900000
v 0.300000 1.098742 0.900000
v 0.300000 1.098742 0.300000
v 0.900000 1.098742 0.300000
v -0.300000 1.098742 0.300000
v -0.300000 1.098742 -0.900000
v 0.900000 1.098742 -0.900000
v -1.200000 1.373428 0.000000
v 0.000000 1.373428 1.200000
v 0.000000 1.108801 -0.900000
v 0.000000 1.373428 -1.200000
v -1.200000 1.373428 0.600000
v -1.009433 -0.009433 -0.250000
v 1.200000 1.373428 -0.600000
v -0.600000 1.373428 -1.200000
v -1.200000 1.373428 -0.600000
v 0.300000 1.098742 1.220605
v 1.200000 1.373428 0.600000
v 0.600000 1.373428 -1.200000
v 0.600000 1.373428 0.600000
v -0.600000 1.373428 0.600000
v -0.600000 1.373428 -0.600000
v 0.600000 1.373428 -0.600000
v -1.200000 1.373428 -0.300000
v -0.300000 1.373428 1.200000
v 1.200000 1.373428 0.300000
v 0.300000 1.373428 -1.200000
v 0.000000 1.373428 -0.900000
v -0.900000 1.373428 0.000000
v -1.200000 1.373428 0.300000
v 0.300000 1.373428 1.200000
v 1.200000 1.373428 -0.300000
v -0.300000 1.373428 -1.200000
v 0.000000 1.373428 0.900000
v 0.900000 1.373428 0.000000
v 0.600000 1.373428 0.300000
v 0.600000 1.373428 0.900000
v 0.900000 1.373428 0.600000
v -0.600000 1.373428 0.900000
v -0.900000 1.373428 0.600000
v -0.300000 1.373428 0.600000
v -0.600000 1.373428 -0.900000
v -0.600000 1.373428 -0.300000
v -0.900000 1.373428 -0.600000
v -0.300000 1.373428 -0.600000
v 0.600000 1.373428 -0.900000
v 0.600000 1.373428 -0.300000
v 0.300000 1.373428 -0.600000
v 0.900000 1.373428 -0.600000
v 0.900000 1.373428 -0.300000
v 0.300000 1.373428 -0.900000
v -0.900000 1.373428 -0.300000
v -0.900000 1.373428 -0.900000
v -0.300000 1.373428 0.900000
v -0.900000 1.373428 0.900000
v -0.900000 1.373428 0.300000
v 0.900000 1.373428 0.900000
v 0.300000 1.373428 0.900000
v 0.900000 1.373428 0.300000
v -0.300000 1.373428 -0.900000
v 0.900000 1.373428 -0.900000
v -1.069883 0.274686 -0.262500
v -1.069883 0.274686 0.000000
v -0.262500 0.274686 1.069883
v 0.000000 0.274686 1.069883
v 1.069883 0.274686 0.262500
v 1.069883 0.274686 0.000000
v 0.262500 0.274686 -1.069883
v 0.000000 0.274686 -1.069883
v -1.069883 0.274686 0.262500
v -1.064059 0.274686 0.539060
v 0.262500 0.274686 1.069883
v 0.539060 0.274686 1.064059
v 1.069883 0.274686 -0.262500
v 1.064059 0.274686 -0.539060
v -0.262500 0.274686 -1.069883
v -0.539060 0.274686 -1.064059
v -0.801560 0.274686 0.539060
v -0.539060 0.274686 -0.801560
v -0.801560 0.274686 -0.539060
v -1.064059 0.274686 -0.539060
v 0.539060 0.274686 -0.801560
v 0.539060 0.274686 -1.064059
v -0.539060 0.274686 1.064059
v 1.064059 0.274686 0.539060
v 0.539060 0.274686 0.801560
v 0.801560 0.274686 0.539060
v -0.539060 0.274686 0.801560
v 0.801560 0.274686 -0.539060
v -0.801560 0.274686 -0.801560
v -0.801560 0.274686 0.801560
v 0.801560 0.274686 0.801560
v 0.801560 0.274686 -0.801560
v -1.069883 0.549371 -0.262500
v -1.069883 0.549371 0.000000
v -0.262500 0.549371 1.069883
v 0.000000 0.549371 1.069883
v 1.069883 0.549371 0.262500
v 1.069883 0.549371 0.000000
v 0.262500 0.549371 -1.069883
v 0.000000 0.549371 -1.069883
v -1.069883 0.549371 0.262500
v -1.064059 0.549371 0.539060
v 0.262500 0.549371 1.069883
v 0.539060 0.549371 1.064059
v 1.069883 0.549371 -0.262500
v 1.064059 0.549371 -0.539060
v -0.262500 0.549371 -1.069883
v -0.539060 0.549371 -1.064059
v -0.801560 0.549371 0.539060
v -0.539060 0.549371 -0.801560
v -0.801560 0.549371 -0.539060
v -1.064059 0.549371 -0.539060
v 0.539060 0.549371 -0.801560
v 0.539060 0.549371 -1.064059
v -0.539060 0.549371 1.064059
v 1.064059 0.549371 0.539060
v 0.539060 0.549371 0.801560
v 0.801560 0.549371 0.539060
v -0.539060 0.549371 0.801560
v 0.801560 0.549371 -0.539060
v -0.801560 0.549371 -0.801560
v -0.801560 0.549371 0.801560
v 0.801560 0.549371 0.801560
v 0.801560 0.549371 -0.801560
v -1.069883 0.274686 -0.262500
v -1.069883 0.274686 0.000000
v -0.262500 0.274686 1.069883
v 0.000000 0.274686 1.069883
v 1.069883 0.274686 0.262500
v 1.069883 0.274686 0.000000
v 0.262500 0.274686 -1.069883
v 0.000000 0.274686 -1.069883
v -1.069883 0.274686 0.262500
v -1.064059 0.274686 0.539060
v 0.262500 0.274686 1.069883
v 0.539060 0.274686 1.064059
v 1.069883 0.274686 -0.262500
v 1.064059 0.274686 -0.539060
v -0.262500 0.274686 -1.069883
v -0.539060 0.274686 -1.064059
v -0.801560 0.274686 0.539060
v -0.539060 0.274686 -0.801560
v -0.801560 0.274686 -0.539060
v -1.064059 0.274686 -0.539060
v 0.539060 0.274686 -0.801560
v 0.539060 0.274686 -1.064059
v -0.539060 0.274686 1.064059
v 1.064059 0.274686 0.539060
v 0.539060 0.274686 0.801560
v 0.801560 0.274686 0.539060
v -0.539060 0.274686 0.801560
v 0.801560 0.274686 -0.539060
v -0.801560 0.274686 -0.801560
v -0.801560 0.274686 0.801560
v 0.801560 0.274686 0.801560
v 0.801560 0.274686 -0.801560
v -1.069883 0.549371 -0.262500
v -1.069883 0.549371 0.000000
v -0.262500 0.549371 1.069883
v 0.000000 0.549371 1.069883
v 1.069883 0.549371 0.262500
v 1.069883 0.549371 0.000000
v 0.262500 0.549371 -1.069883
v 0.000000 0.549371 -1.069883
v -1.069883 0.549371 0.262500
v -1.064059 0.549371 0.539060
v 0.262500 0.549371 1.069883
v 0.539060 0.549371 1.064059
v 1.069883 0.549371 -0.262500
v 1.064059 0.549371 -0.539060
v -0.262500 0.549371 -1.069883
v -0.539060 0.549371 -1.064059
v -0.801560 0.549371 0.539060
v -0.539060 0.549371 -0.801560
v -0.801560 0.549371 -0.539060
v -1.064059 0.549371 -0.539060
v 0.539060 0.549371 -0.801560
v 0.539060 0.549371 -1.064059
v -0.539060 0.549371 1.064059
v 1.064059 0.549371 0.539060
v 0.539060 0.549371 0.801560
v 0.801560 0.549371 0.539060
v -0.539060 0.549371 0.801560
v 0.801560 0.549371 -0.539060
v -0.801560 0.549371 -0.801560
v -0.801560 0.549371 0.801560
v 0.801560 0.549371 0.801560
v 0.801560 0.549371 -0.801560
v 0.000000 1.616257 0.300000
v 0.000000 1.616257 0.000000
v 0.300000 1.616257 0.000000
v 0.000000 1.616257 -0.300000
v 0.000000 1.616257 -0.600000
v 0.000000 1.616257 0.900000
v 0.000000 1.616257 0.600000
v -0.300000 1.616257 0.000000
v -0.600000 1.616257 0.000000
v 0.900000 1.616257 0.000000
v 0.600000 1.616257 0.000000
v 0.600000 1.616257 0.300000
v 0.600000 1.616257 0.900000
v 0.600000 1.616257 0.600000
v 0.300000 1.616257 0.600000
v -0.600000 1.616257 0.300000
v -0.300000 1.616257 0.600000
v -0.600000 1.616257 0.600000
v -0.600000 1.616257 -0.300000
v -0.600000 1.616257 -0.600000
v -0.300000 1.616257 -0.600000
v 0.600000 1.616257 -0.300000
v 0.600000 1.616257 -0.600000
v 0.300000 1.616257 -0.600000
v 0.000000 1.616257 -0.900000
v -0.900000 1.616257 0.000000
v -0.900000 1.616257 0.600000
v 0.900000 1.616257 -0.300000
v 0.300000 1.616257 -0.300000
v 0.300000 1.616257 -0.900000
v -0.300000 1.616257 -0.300000
v -0.900000 1.616257 -0.300000
v -0.300000 1.616257 0.900000
v -0.900000 1.616257 0.300000
v 0.300000 1.616257 0.900000
v 0.300000 1.616257 0.300000
v 0.900000 1.616257 0.300000
v -0.300000 1.616257 0.300000
v -0.300000 1.616257 -0.900000
v -0.300000 1.714119 0.000000
v -0.600000 1.714119 0.000000
v 0.000000 1.714119 0.600000
v 0.000000 1.714119 0.300000
v 0.600000 1.714119 0.000000
v 0.300000 1.714119 0.000000
v -0.300000 1.714119 0.600000
v -0.600000 1.714119 -0.300000
v 0.600000 1.714119 -0.300000
v 0.300000 1.714119 -0.300000
v -0.300000 1.714119 -0.300000
v -0.300000 1.714119 0.300000
v -0.616490 1.098742 1.216490
v -0.300000 1.098742 1.223321
v -0.623321 1.098742 0.900000
v -0.613464 1.386892 1.213464
v -0.300000 1.389918 1.216490
v -0.616490 1.389918 0.900000
v -0.300000 1.396749 0.900000
v 0.614570 1.098742 1.214570
v 0.620605 1.098742 0.900000
v 0.300000 1.387998 1.214570
v 0.611896 1.385324 1.211896
v 0.614570 1.387998 0.900000
v 0.300000 1.394033 0.900000
v -1.009433 -0.009433 0.000000
v -0.250000 -0.009433 1.009433
v 0.000000 -0.009433 1.009433
v 1.009433 -0.009433 0.250000
v 1.009433 -0.009433 0.000000
v 0.250000 -0.009433 -1.009433
v 0.000000 -0.009433 -1.009433
v -1.009433 -0.009433 0.250000
v -1.007702 -0.007702 0.507702
v 0.250000 -0.009433 1.009433
v 0.500000 -0.009433 1.009433
v 1.009433 -0.009433 -0.250000
v 1.007702 -0.007702 -0.507702
v -0.250000 -0.009433 -1.009433
v -0.507702 -0.007702 -1.007702
v 0.500000 -0.012656 0.754219
v 0.750000 -0.012656 0.504219
v -0.504022 -0.012067 0.754022
v -0.754022 -0.012067 0.504022
v -0.504022 -0.012067 -0.754022
v -0.754022 -0.012067 -0.504022
v -1.007702 -0.007702 -0.507702
v 0.504022 -0.012067 -0.754022
v 0.507702 -0.007702 -1.007702
v 0.754022 -0.012067 -0.504022
v -0.507702 -0.007702 1.007702
v 1.007702 -0.007702 0.507702
v -0.757702 -0.007702 -0.757702
v -0.757702 -0.007702 0.757702
v 0.750000 -0.009433 0.759433
v 0.757702 -0.007702 -0.757702
v -1.013340 0.274686 -0.250000
v -1.013340 0.274686 0.000000
v -0.250000 0.274686 1.013340
v 0.000000 0.274686 1.013340
v 1.013340 0.274686 0.250000
v 1.013340 0.274686 0.000000
v 0.250000 0.274686 -1.013340
v 0.000000 0.274686 -1.013340
v -1.013340 0.274686 0.250000
v -1.009433 0.274686 0.509433
v 0.250000 0.274686 1.013340
v 0.500000 0.274686 1.013340
v 1.013340 0.274686 -0.250000
v 1.009433 0.274686 -0.509433
v -0.250000 0.274686 -1.013340
v -0.509433 0.274686 -1.009433
v -0.759433 0.274686 0.509433
v -0.509433 0.274686 -0.759433
v -0.759433 0.274686 -0.509433
v -1.009433 0.274686 -0.509433
v 0.509433 0.274686 -0.759433
v 0.509433 0.274686 -1.009433
v -0.509433 0.274686 1.009433
v 1.009433 0.274686 0.509433
v 0.750000 0.274686 0.513341
v -0.509433 0.274686 0.759433
v 0.759433 0.274686 -0.509433
v -0.759433 0.274686 -0.759433
v -0.759433 0.274686 0.759433
v 0.750000 0.274686 0.763341
v 0.500000 0.274686 0.763341
v 0.759433 0.274686 -0.759433
v -1.050000 0.261345 -0.262500
v -1.050000 0.261345 0.000000
v 0.000000 0.261345 -0.787500
v 0.000000 0.261345 -1.050000
v -0.787500 0.261345 0.000000
v -1.050000 0.261345 0.262500
v -1.050000 0.261345 0.525000
v -0.262500 0.261345 -1.050000
v -0.525000 0.261345 -1.050000
v -0.787500 0.261345 0.525000
v -0.525000 0.261345 -0.787500
v -0.525000 0.261345 -0.262500
v -0.525000 0.261345 -0.525000
v -0.787500 0.261345 -0.525000
v -1.050000 0.261345 -0.525000
v -0.262500 0.261345 -0.525000
v -0.787500 0.261345 -0.262500
v -0.787500 0.261345 -0.787500
v -0.787500 0.261345 0.787500
v -0.787500 0.261345 0.262500
v -0.262500 0.261345 -0.787500
v -1.069883 0.261345 0.262500
v -1.064059 0.261345 0.539060
v -0.539060 0.261345 -0.801560
v -1.064059 0.261345 -0.539060
v -1.069883 0.261345 -0.262500
v -0.801560 0.261345 -0.801560
v -0.801560 0.261345 -0.539060
v -1.069883 0.261345 0.000000
v -0.262500 0.261345 -1.069883
v -0.539060 0.261345 -1.064059
v -0.801560 0.261345 0.539060
v -0.801560 0.261345 0.801560
v -1.083223 0.274686 -0.262640
v -1.083224 0.274686 0.000000
v -0.262640 0.274686 1.083223
v 0.000000 0.274686 1.083224
v 1.083223 0.274686 0.262640
v 1.083224 0.274686 0.000000
v 0.262640 0.274686 -1.083223
v 0.000000 0.274686 -1.083224
v -1.083223 0.274686 0.262640
v -1.073393 0.274686 0.548591
v 0.262640 0.274686 1.083223
v 0.548591 0.274686 1.073393
v 1.083223 0.274686 -0.262640
v 1.073393 0.274686 -0.548591
v -0.262640 0.274686 -1.083223
v -0.548591 0.274686 -1.073393
v -0.810993 0.274686 0.548493
v -0.548493 0.274686 -0.810993
v -0.810993 0.274686 -0.548493
v -1.073393 0.274686 -0.548591
v 0.548493 0.274686 -0.810993
v 0.548591 0.274686 -1.073393
v -0.548591 0.274686 1.073393
v 1.073393 0.274686 0.548591
v 0.548493 0.274686 0.810993
v 0.810993 0.274686 0.548493
v -0.548493 0.274686 0.810993
v 0.810993 0.274686 -0.548493
v -0.810993 0.274686 -0.810993
v -0.810993 0.274686 0.810993
v 0.810993 0.274686 0.810993
v 0.810993 0.274686 -0.810993
v -1.083223 0.549371 -0.262640
v -1.083224 0.549371 0.000000
v -0.262640 0.549371 1.083223
v 0.000000 0.549371 1.083224
v 1.083223 0.549371 0.262640
v 1.083224 0.549371 0.000000
v 0.262640 0.549371 -1.083223
v 0.000000 0.549371 -1.083224
v -1.083223 0.549371 0.262640
v -1.073393 0.549371 0.548591
v 0.262640 0.549371 1.083223
v 0.548591 0.549371 1.073393
v 1.083223 0.549371 -0.262640
v 1.073393 0.549371 -0.548591
v -0.262640 0.549371 -1.083223
v -0.548591 0.549371 -1.073393
v -0.810993 0.549371 0.548493
v -0.548493 0.549371 -0.810993
v -0.810993 0.549371 -0.548493
v -1.073393 0.549371 -0.548591
v 0.548493 0.549371 -0.810993
v 0.548591 0.549371 -1.073393
v -0.548591 0.549371 1.073393
v 1.073393 0.549371 0.548591
v 0.548493 0.549371 0.810993
v 0.810993 0.549371 0.548493
v -0.548493 0.549371 0.810993
v 0.810993 0.549371 -0.548493
v -0.810993 0.549371 -0.810993
v -0.810993 0.549371 0.810993
v 0.810993 0.549371 0.810993
v 0.810993 0.549371 -0.810993
v 1.233301 1.065441 0.300000
v 1.233301 1.065441 0.000000
v 1.233301 1.065441 -0.300000
v 0.900000 1.051647 0.000000
v 0.900000 1.051647 -0.300000
v 0.900000 1.051647 0.300000
v 1.233301 1.406729 0.300000
v 1.233301 1.406729 0.000000
v 1.233301 1.406729 -0.300000
v 0.900000 1.420523 0.000000
v 0.900000 1.420523 -0.300000
v 0.900000 1.420523 0.300000
v -0.300000 1.105855 -1.192887
v -0.300000 1.108801 -0.900000
v 0.000000 1.363369 -0.900000
v 0.000000 1.366315 -1.192887
v -0.300000 1.366315 -1.192887
v -0.300000 1.363369 -0.900000
v -1.200000 1.402480 0.000000
v -0.900000 1.402480 0.000000
v -0.900000 1.402480 -0.300000
v -1.200000 1.402480 -0.300000
v -1.229051 1.098742 -0.300000
v -1.229051 1.098742 0.000000
v -1.229051 1.373428 0.000000
v -1.229051 1.373428 -0.300000
v -0.900000 1.098742 0.900000
v -0.900000 1.098742 0.600000
v -0.600000 1.098742 0.600000
v -0.600000 1.098742 0.900000
v -0.900000 1.373428 0.900000
v -0.600000 1.373428 0.900000
v -0.600000 1.373428 0.600000
v -0.900000 1.373428 0.600000
v -0.900000 1.098742 0.600000
v -0.900000 1.098742 0.900000
v -0.900000 1.373428 0.900000
v -0.900000 1.373428 0.600000
v -0.900000 1.098742 0.900000
v -0.600000 1.098742 0.900000
v -0.600000 1.373428 0.900000
v -0.900000 1.373428 0.900000
v -0.900000 1.098742 0.600000
v -0.900000 1.098742 0.900000
v -0.600000 1.098742 0.600000
v -0.600000 1.098742 0.900000
v -0.600000 1.373428 0.900000
v -0.900000 1.373428 0.900000
v -0.600000 1.373428 0.600000
v -0.900000 1.373428 0.600000
v -0.900000 1.098742 0.900000
v -0.900000 1.098742 0.600000
v -0.900000 1.373428 0.900000
v -0.900000 1.373428 0.600000
v -0.600000 1.098742 0.900000
v -0.900000 1.098742 0.900000
v -0.600000 1.373428 0.900000
v -0.900000 1.373428 0.900000
v -0.900000 1.055117 0.600000
v -0.900000 1.055117 0.900000
v -0.600000 1.055117 0.600000
v -0.600000 1.055117 0.900000
v -0.600000 1.417053 0.900000
v -0.900000 1.417053 0.900000
v -0.600000 1.417053 0.600000
v -0.900000 1.417053 0.600000
v -0.943625 1.098742 0.900000
v -0.943625 1.098742 0.600000
v -0.943625 1.373428 0.900000
v -0.943625 1.373428 0.600000
v -0.600000 1.098742 0.943625
v -0.900000 1.098742 0.943625
v -0.600000 1.373428 0.943625
v -0.900000 1.373428 0.943625
v -1.010104 -0.052511 -0.250125
v -1.010082 -0.052511 0.000000
v -0.250125 -0.052511 1.010104
v 0.000000 -0.052511 1.010082
v 1.010126 -0.052510 0.250103
v 1.010082 -0.052511 0.000000
v 0.250125 -0.052511 -1.010104
v 0.000000 -0.052511 -1.010082
v 0.000000 -0.056422 -0.750324
v 0.000000 -0.056423 0.250000
v 0.000000 -0.056423 0.000000
v -0.750324 -0.056422 0.000000
v 0.250000 -0.056423 0.000000
v -1.010104 -0.052511 0.250125
v -1.008395 -0.050779 0.507952
v 0.250027 -0.052512 1.010056
v 0.500054 -0.052512 1.010030
v 1.010104 -0.052511 -0.250125
v 1.008395 -0.050779 -0.507952
v -0.250125 -0.052511 -1.010104
v -0.507952 -0.050779 -1.008395
v 0.000000 -0.056423 -0.250000
v 0.000000 -0.056423 -0.500000
v 0.000000 -0.056422 0.750324
v 0.000000 -0.056423 0.500000
v -0.250000 -0.056423 0.000000
v -0.500000 -0.056423 0.000000
v 0.750324 -0.056422 0.000000
v 0.500000 -0.056423 0.000000
v 0.500015 -0.056423 0.250015
v 0.500148 -0.055737 0.754549
v 0.500111 -0.056423 0.500111
v 0.250015 -0.056423 0.500015
v 0.750377 -0.055737 0.504418
v -0.500027 -0.056423 0.250027
v -0.504301 -0.055147 0.754450
v -0.500170 -0.056423 0.500170
v -0.754450 -0.055147 0.504301
v -0.250027 -0.056423 0.500027
v -0.504301 -0.055147 -0.754450
v -0.500027 -0.056423 -0.250027
v -0.500170 -0.056423 -0.500170
v -0.754450 -0.055147 -0.504301
v -1.008395 -0.050779 -0.507952
v -0.250027 -0.056423 -0.500027
v 0.504301 -0.055147 -0.754450
v 0.507952 -0.050779 -1.008395
v 0.500027 -0.056423 -0.250027
v 0.500170 -0.056423 -0.500170
v 0.250027 -0.056423 -0.500027
v 0.754450 -0.055147 -0.504301
v -0.507952 -0.050779 1.008395
v 1.008439 -0.050778 0.507908
v 0.750361 -0.056422 -0.250089
v 0.250000 -0.056423 -0.250000
v 0.250089 -0.056422 -0.750361
v -0.250000 -0.056423 -0.250000
v -0.750361 -0.056422 -0.250089
v -0.758173 -0.050780 -0.758173
v -0.250089 -0.056422 0.750361
v -0.758173 -0.050780 0.758173
v -0.750361 -0.056422 0.250089
v 0.750330 -0.052514 0.759764
v 0.250028 -0.056422 0.750325
v 0.250000 -0.056423 0.250000
v 0.750361 -0.056422 0.250066
v -0.250000 -0.056423 0.250000
v -0.250089 -0.056422 -0.750361
v 0.758173 -0.050780 -0.758173
vn -0.0000 1.0000 -0.0000
vn -0.0000 -0.0000 1.0000
vn 1.0000 -0.0000 -0.0000
vn -1.0000 -0.0000 -0.0000
vn -0.9998 -0.0000 -0.0211
vn -0.0000 -0.0000 -1.0000
vn -0.0211 -0.0000 -0.9998
vn -0.0000 -1.0000 -0.0000
vn -0.9998 -0.0000 0.0211
vn 0.7071 -0.0000 0.7071
vn -0.0216 0.9997 0.0099
vn -0.0216 0.0107 0.9997
vn -0.9997 0.0235 0.0099
vn 0.0087 0.9998 0.0192
vn 0.9998 0.0095 0.0192
vn 0.0087 0.0209 0.9997
vn 0.9999 0.0056 0.0146
vn 0.0001 0.0145 0.9999
vn -0.9999 0.0156 -0.0001
vn -0.0000 0.0151 -0.9999
vn -0.9999 0.0056 -0.0146
vn 0.0146 0.0056 -0.9999
vn 0.9999 0.0151 -0.0000
vn -0.0148 0.0098 -0.9998
vn -0.0066 0.0161 -0.9998
vn -0.0000 0.0151 0.9999
vn -0.0136 0.0045 0.9999
vn 0.9998 0.0108 0.0147
vn -0.9999 0.0063 0.0145
vn 0.0148 0.0098 0.9998
vn 0.9998 0.0161 -0.0066
vn -0.9999 0.0151 -0.0000
vn -0.9998 0.0108 -0.0147
vn -0.0145 0.0063 -0.9999
vn 0.0001 0.0138 0.9999
vn 1.0000 0.0034 0.0003
vn 0.0145 0.0063 0.9999
vn 0.0065 0.0156 -0.9999
vn -0.9998 0.0161 0.0066
vn 0.9998 0.0161 0.0064
vn -0.0065 0.0156 0.9999
vn -0.9999 0.0156 -0.0065
vn 0.0147 0.0108 -0.9998
vn -0.9998 0.0098 0.0148
vn -0.0209 0.0075 0.9998
vn 0.0001 0.0156 -0.9999
vn 1.0000 0.0088 0.0001
vn 0.9999 0.0156 0.0001
vn 0.9999 -0.0138 -0.0000
vn -0.0000 -0.0138 -0.9999
vn -0.0204 -0.0317 0.9993
vn -1.0000 -0.0061 -0.0000
vn 0.0142 -0.0186 -0.9997
vn -0.9999 -0.0062 -0.0151
vn -0.0151 -0.0062 0.9999
vn 0.9999 -0.0062 0.0151
vn -0.9999 -0.0138 0.0068
vn 0.0151 -0.0062 -0.9999
vn -0.0000 -0.0061 1.0000
vn -0.0000 -0.0138 0.9999
vn -0.0000 -0.0061 -1.0000
vn -0.9997 -0.0186 -0.0142
vn 0.9999 -0.0138 -0.0068
vn 0.9997 -0.0186 0.0142
vn -0.0129 -0.0317 0.9994
vn -0.0068 -0.0138 -0.9999
vn -0.9999 -0.0138 -0.0000
vn -0.9994 -0.0000 -0.0344
vn -0.0344 -0.0000 0.9994
vn 0.9994 -0.0000 0.0344
vn -0.9994 -0.0000 0.0344
vn 0.0344 -0.0000 -0.9994
vn 0.0004 -0.0000 1.0000
vn 1.0000 -0.0000 -0.0004
vn 0.0344 -0.0000 0.9994
vn -0.0004 -0.0000 -1.0000
vn 0.9994 -0.0000 -0.0344
vn -1.0000 -0.0000 0.0004
vn -0.0004 -0.0000 1.0000
vn -0.0344 -0.0000 -0.9994
vn 0.0004 -0.0000 -1.0000
vn -1.0000 -0.0000 -0.0004
vn 1.0000 -0.0000 0.0004
vn 0.0414 -0.9991 -0.0000
vn 0.0414 0.9991 -0.0000
vn -0.0000 -0.9999 0.0101
vn -0.0000 0.9999 0.0101
vn -0.0000 -0.9999 -0.0151
vn 0.0151 -0.9999 -0.0000
vn 0.0027 -1.0000 0.0027
vn -0.0169 -0.9997 0.0169
vn 0.0048 -0.9999 -0.0151
vn 0.0151 -0.9999 -0.0048
vn -0.0151 -0.9999 -0.0048
vn -0.0151 -0.9999 -0.0000
vn -0.0049 -1.0000 -0.0049
vn -0.0049 -1.0000 0.0049
vn -0.0068 -0.9998 0.0171
vn -0.0000 -0.9999 0.0151
vn -0.0171 -0.9998 0.0068
vn 0.0126 -0.9998 0.0126
vn -0.0000 -0.9999 0.0126
vn 0.0191 -0.9998 0.0068
vn -0.0048 -0.9999 -0.0151
vn 0.0049 -1.0000 -0.0049
vn -0.0099 0.9997 0.0216
vn -0.0099 0.0235 0.9997
vn -0.9997 0.0107 0.0216
vn 0.0192 0.9998 0.0087
vn 0.9997 0.0209 0.0087
vn 0.0192 0.0095 0.9998
vn 0.9999 0.0063 0.0145
vn -0.0001 0.0156 -0.9999
vn -0.9999 0.0063 -0.0145
vn 0.0145 0.0063 -0.9999
vn 0.9999 0.0161 -0.0002
vn -0.0147 0.0108 -0.9998
vn -0.0065 0.0156 -0.9999
vn 0.0001 0.0156 0.9999
vn 0.9998 0.0098 0.0148
vn -0.9999 0.0056 0.0146
vn 0.0147 0.0108 0.9998
vn 0.9999 0.0156 -0.0065
vn -0.9999 0.0156 0.0001
vn -0.9998 0.0098 -0.0148
vn -0.0146 0.0056 -0.9999
vn -0.0000 0.0145 0.9999
vn 1.0000 0.0013 -0.0000
vn 0.0146 0.0056 0.9999
vn 0.0066 0.0161 -0.9998
vn -0.9999 0.0156 0.0065
vn 0.9998 0.0171 0.0066
vn -0.0066 0.0161 0.9998
vn -0.9998 0.0161 -0.0066
vn 0.0148 0.0098 -0.9998
vn -0.9998 0.0108 0.0147
vn -0.0209 0.0076 0.9998
vn 1.0000 0.0077 -0.0001
vn -0.9997 -0.0186 0.0142
vn -0.9999 -0.0138 -0.0068
vn -0.0068 -0.0138 0.9999
vn 0.9999 -0.0138 0.0068
vn -0.9999 -0.0062 0.0151
vn 0.0068 -0.0138 -0.9999
vn 0.0142 -0.0186 0.9997
vn -0.0142 -0.0186 -0.9997
vn 0.9999 -0.0062 -0.0151
vn 1.0000 -0.0061 -0.0000
vn 0.0151 -0.0062 0.9999
vn -0.0151 -0.0062 -0.9999
vn 0.0068 -0.9998 -0.0171
vn 0.0171 -0.9998 -0.0068
vn -0.0171 -0.9998 -0.0068
vn -0.0169 -0.9997 -0.0169
vn -0.0048 -0.9999 0.0151
vn -0.0151 -0.9999 0.0048
vn 0.0025 -0.9999 0.0151
vn 0.0151 -0.9999 0.0027
vn -0.0068 -0.9998 -0.0171
vn 0.0169 -0.9997 -0.0169
vt 0.625000 0.000000
vt 0.500000 0.000000
vt 0.000000 0.375000
vt 0.000000 0.500000
vt 0.375000 0.875000
vt 0.500000 0.875000
vt 1.000000 0.750000
vt 0.875000 0.750000
vt 0.750000 1.000000
vt 0.625000 1.000000
vt 0.250000 1.000000
vt 0.375000 1.000000
vt 1.000000 0.250000
vt 1.000000 0.375000
vt 0.375000 0.750000
vt 1.000000 0.625000
vt 0.250000 0.000000
vt 0.375000 0.000000
vt 0.750000 0.000000
vt 0.000000 0.750000
vt 0.000000 0.625000
vt 0.000000 0.250000
vt 0.750000 0.875000
vt 0.125000 0.750000
vt 0.250000 0.875000
vt 0.125000 0.250000
vt 0.500000 1.000000
vt 1.000000 0.500000
vt 0.250000 0.125000
vt 0.875000 0.250000
vt 0.875000 0.875000
vt 0.750000 0.125000
vt 0.875000 0.125000
vt 0.500000 0.375000
vt 0.375000 0.500000
vt 0.375000 0.375000
vt 0.875000 0.500000
vt 0.875000 0.375000
vt 0.750000 0.375000
vt 0.625000 0.500000
vt 0.625000 0.375000
vt 0.625000 0.250000
vt 0.625000 0.125000
vt 0.250000 0.375000
vt 0.125000 0.500000
vt 0.125000 0.375000
vt 0.125000 0.125000
vt 0.500000 0.125000
vt 0.375000 0.250000
vt 0.375000 0.125000
vt 0.250000 0.625000
vt 0.125000 0.625000
vt 0.500000 0.625000
vt 0.375000 0.625000
vt 0.625000 0.875000
vt 0.750000 0.625000
vt 0.625000 0.750000
vt 0.625000 0.625000
vt 0.875000 0.625000
vt 0.750000 0.750000
vt 0.750000 0.500000
vt 0.500000 0.750000
vt 0.500000 0.500000
vt 0.250000 0.750000
vt 0.250000 0.500000
vt 0.125000 0.875000
vt 0.250000 0.250000
vt 0.750000 0.250000
vt 0.500000 0.250000
s 0
usemtl a
f 708/1/1 925/2/1 932/1/1
f 706/3/1 923/4/1 930/3/1
f 132/5/2 859/6/2 94/6/2
f 12/7/1 851/8/1 57/8/1
f 719/9/1 928/10/1 704/10/1
f 13/11/1 839/12/1 840/11/1
f 721/13/1 926/14/1 702/14/1
f 114/15/3 877/5/3 132/5/3
f 12/7/1 837/16/1 838/7/1
f 720/17/1 924/18/1 700/18/1
f 35/1/1 836/19/1 11/19/1
f 717/20/1 922/21/1 698/21/1
f 10/22/1 833/3/1 834/22/1
f 719/9/1 942/23/1 943/9/1
f 717/20/1 940/24/1 941/20/1
f 713/11/1 939/25/1 715/25/1
f 707/22/1 938/26/1 714/26/1
f 713/11/1 936/12/1 937/11/1
f 29/10/1 832/27/1 8/27/1
f 711/7/1 934/16/1 935/7/1
f 28/14/1 830/28/1 7/28/1
f 15/17/1 850/29/1 847/17/1
f 709/19/1 932/1/1 933/19/1
f 27/18/1 828/2/1 6/2/1
f 707/22/1 930/3/1 931/22/1
f 26/21/1 826/4/1 5/4/1
f 16/13/1 849/30/1 848/13/1
f 704/10/1 929/27/1 705/27/1
f 702/14/1 927/28/1 703/28/1
f 700/18/1 925/2/1 701/2/1
f 698/21/1 923/4/1 699/4/1
f 43/32/1 854/33/1 67/33/1
f 30/6/1 37/12/1 72/5/1
f 31/34/1 40/35/1 71/36/1
f 28/14/1 41/37/1 70/38/1
f 42/39/1 33/40/1 69/41/1
f 43/32/1 44/42/1 68/43/1
f 46/44/1 32/45/1 66/46/1
f 47/29/1 48/26/1 65/47/1
f 39/48/1 49/49/1 64/50/1
f 51/51/1 52/24/1 62/52/1
f 38/53/1 53/15/1 61/54/1
f 54/23/1 29/10/1 60/55/1
f 55/56/1 56/57/1 59/58/1
f 36/16/1 57/8/1 58/59/1
f 58/59/1 25/60/1 55/56/1
f 41/37/1 55/56/1 21/61/1
f 7/28/1 58/59/1 41/37/1
f 59/58/1 18/62/1 38/53/1
f 33/40/1 38/53/1 9/63/1
f 21/61/1 59/58/1 33/40/1
f 60/55/1 8/27/1 30/6/1
f 56/57/1 30/6/1 18/62/1
f 25/60/1 60/55/1 56/57/1
f 61/54/1 24/64/1 51/51/1
f 40/35/1 51/51/1 20/65/1
f 9/63/1 61/54/1 40/35/1
f 62/52/1 14/20/1 26/21/1
f 32/45/1 26/21/1 5/4/1
f 20/65/1 62/52/1 32/45/1
f 24/64/1 63/66/1 52/24/1
f 64/50/1 23/67/1 47/29/1
f 27/18/1 47/29/1 15/17/1
f 6/2/1 64/50/1 27/18/1
f 66/46/1 5/4/1 34/3/1
f 48/26/1 34/3/1 10/22/1
f 23/67/1 66/46/1 48/26/1
f 67/33/1 22/68/1 43/32/1
f 68/43/1 19/69/1 39/48/1
f 35/1/1 39/48/1 6/2/1
f 11/19/1 68/43/1 35/1/1
f 69/41/1 9/63/1 31/34/1
f 44/42/1 31/34/1 19/69/1
f 22/68/1 69/41/1 44/42/1
f 70/38/1 21/61/1 42/39/1
f 45/30/1 42/39/1 22/68/1
f 16/13/1 70/38/1 45/30/1
f 71/36/1 20/65/1 46/44/1
f 49/49/1 46/44/1 23/67/1
f 19/69/1 71/36/1 49/49/1
f 72/5/1 13/11/1 50/25/1
f 53/15/1 50/25/1 24/64/1
f 18/62/1 72/5/1 53/15/1
f 57/8/1 54/23/1 25/60/1
f 8/27/1 839/12/1 37/12/1
f 7/28/1 837/16/1 36/16/1
f 6/2/1 835/1/1 35/1/1
f 5/4/1 833/3/1 34/3/1
f 65/47/1 850/29/1 47/29/1
f 111/26/3 876/46/3 126/46/3
f 65/47/1 841/26/1 853/47/1
f 126/46/3 861/45/3 96/45/3
f 125/47/3 866/26/3 111/26/3
f 17/9/1 831/10/1 29/10/1
f 16/13/1 829/14/1 28/14/1
f 63/66/1 842/25/1 852/66/1
f 15/17/1 827/18/1 27/18/1
f 63/66/1 843/24/1 52/24/1
f 103/35/8 95/34/8 131/36/8
f 97/40/8 105/39/8 129/41/8
f 107/42/8 106/32/8 128/43/8
f 96/45/8 109/44/8 126/46/8
f 112/49/8 102/48/8 124/50/8
f 114/15/8 101/53/8 122/54/8
f 117/57/8 116/56/8 120/58/8
f 116/56/8 104/37/8 86/61/8
f 83/62/8 120/58/8 101/53/8
f 101/53/8 97/40/8 77/63/8
f 120/58/8 86/61/8 97/40/8
f 94/6/8 117/57/8 83/62/8
f 89/64/8 122/54/8 113/51/8
f 113/51/8 103/35/8 85/65/8
f 122/54/8 77/63/8 103/35/8
f 14/20/1 825/21/1 26/21/1
f 123/52/8 85/65/8 96/45/8
f 88/67/8 124/50/8 110/29/8
f 126/46/8 88/67/8 111/26/8
f 84/69/8 128/43/8 102/48/8
f 77/63/8 129/41/8 95/34/8
f 95/34/8 107/42/8 84/69/8
f 129/41/8 87/68/8 107/42/8
f 86/61/8 130/38/8 105/39/8
f 105/39/8 108/30/8 87/68/8
f 85/65/8 131/36/8 109/44/8
f 109/44/8 112/49/8 88/67/8
f 131/36/8 84/69/8 112/49/8
f 123/52/2 868/51/2 113/51/2
f 132/5/8 83/62/8 114/15/8
f 159/6/1 166/12/1 201/5/1
f 160/34/1 169/35/1 200/36/1
f 157/14/1 170/37/1 199/38/1
f 171/39/1 162/40/1 198/41/1
f 172/32/1 173/42/1 197/43/1
f 175/44/1 161/45/1 195/46/1
f 176/29/1 177/26/1 194/47/1
f 168/48/1 178/49/1 193/50/1
f 180/51/1 181/24/1 191/52/1
f 167/53/1 182/15/1 190/54/1
f 183/23/1 158/10/1 189/55/1
f 184/56/1 185/57/1 188/58/1
f 165/16/1 186/8/1 187/59/1
f 187/59/1 154/60/1 184/56/1
f 170/37/1 184/56/1 150/61/1
f 136/28/1 187/59/1 170/37/1
f 188/58/1 147/62/1 167/53/1
f 162/40/1 167/53/1 138/63/1
f 150/61/1 188/58/1 162/40/1
f 189/55/1 137/27/1 159/6/1
f 185/57/1 159/6/1 147/62/1
f 154/60/1 189/55/1 185/57/1
f 190/54/1 153/64/1 180/51/1
f 169/35/1 180/51/1 149/65/1
f 138/63/1 190/54/1 169/35/1
f 191/52/1 143/20/1 155/21/1
f 161/45/1 155/21/1 134/4/1
f 149/65/1 191/52/1 161/45/1
f 153/64/1 192/66/1 181/24/1
f 193/50/1 152/67/1 176/29/1
f 156/18/1 176/29/1 144/17/1
f 135/2/1 193/50/1 156/18/1
f 195/46/1 134/4/1 163/3/1
f 177/26/1 163/3/1 139/22/1
f 152/67/1 195/46/1 177/26/1
f 196/33/1 151/68/1 172/32/1
f 197/43/1 148/69/1 168/48/1
f 164/1/1 168/48/1 135/2/1
f 140/19/1 197/43/1 164/1/1
f 198/41/1 138/63/1 160/34/1
f 173/42/1 160/34/1 148/69/1
f 151/68/1 198/41/1 173/42/1
f 199/38/1 150/61/1 171/39/1
f 174/30/1 171/39/1 151/68/1
f 145/13/1 199/38/1 174/30/1
f 200/36/1 149/65/1 175/44/1
f 178/49/1 175/44/1 152/67/1
f 148/69/1 200/36/1 178/49/1
f 201/5/1 142/11/1 179/25/1
f 182/15/1 179/25/1 153/64/1
f 147/62/1 201/5/1 182/15/1
f 186/8/1 183/23/1 154/60/1
f 17/9/1 845/23/1 846/9/1
f 145/13/1 659/30/1 657/13/1
f 142/11/1 651/25/1 179/25/1
f 140/19/1 658/32/1 172/32/1
f 96/45/3 873/52/3 123/52/3
f 139/22/1 650/26/1 177/26/1
f 196/33/1 658/32/1 664/33/1
f 729/31/1 942/23/1 718/23/1
f 196/33/1 659/30/1 174/30/1
f 137/27/1 648/12/1 166/12/1
f 729/31/1 949/8/1 953/31/1
f 136/28/1 646/16/1 165/16/1
f 135/2/1 644/1/1 164/1/1
f 202/31/1 654/23/1 183/23/1
f 134/4/1 642/3/1 163/3/1
f 202/31/1 661/8/1 665/31/1
f 194/47/1 660/29/1 176/29/1
f 238/35/8 229/34/8 269/36/8
f 231/40/8 240/39/8 267/41/8
f 230/45/8 244/44/8 264/46/8
f 247/49/8 237/48/8 262/50/8
f 251/15/8 236/53/8 259/54/8
f 254/57/8 253/56/8 257/58/8
f 223/60/8 256/59/8 253/56/8
f 253/56/8 239/37/8 219/61/8
f 216/62/8 257/58/8 236/53/8
f 236/53/8 231/40/8 207/63/8
f 257/58/8 219/61/8 231/40/8
f 228/6/8 254/57/8 216/62/8
f 258/55/8 223/60/8 254/57/8
f 222/64/8 259/54/8 249/51/8
f 249/51/8 238/35/8 218/65/8
f 259/54/8 207/63/8 238/35/8
f 260/52/8 218/65/8 230/45/8
f 264/46/8 221/67/8 246/26/8
f 217/69/8 266/43/8 237/48/8
f 207/63/8 267/41/8 229/34/8
f 229/34/8 242/42/8 217/69/8
f 267/41/8 220/68/8 242/42/8
f 219/61/8 268/38/8 240/39/8
f 240/39/8 243/30/8 220/68/8
f 218/65/8 269/36/8 244/44/8
f 244/44/8 247/49/8 221/67/8
f 269/36/8 217/69/8 247/49/8
f 270/5/8 216/62/8 251/15/8
f 297/6/1 304/12/1 339/5/1
f 298/34/1 307/35/1 338/36/1
f 295/14/1 308/37/1 337/38/1
f 309/39/1 300/40/1 336/41/1
f 310/32/1 311/42/1 335/43/1
f 313/44/1 299/45/1 333/46/1
f 314/29/1 315/26/1 332/47/1
f 306/48/1 316/49/1 331/50/1
f 318/51/1 319/24/1 329/52/1
f 305/53/1 320/15/1 328/54/1
f 321/23/1 296/10/1 327/55/1
f 322/56/1 323/57/1 326/58/1
f 303/16/1 324/8/1 325/59/1
f 325/59/1 292/60/1 322/56/1
f 308/37/1 322/56/1 288/61/1
f 274/28/1 325/59/1 308/37/1
f 326/58/1 285/62/1 305/53/1
f 300/40/1 305/53/1 276/63/1
f 288/61/1 326/58/1 300/40/1
f 327/55/1 275/27/1 297/6/1
f 323/57/1 297/6/1 285/62/1
f 292/60/1 327/55/1 323/57/1
f 328/54/1 291/64/1 318/51/1
f 307/35/1 318/51/1 287/65/1
f 276/63/1 328/54/1 307/35/1
f 329/52/1 281/20/1 293/21/1
f 299/45/1 293/21/1 272/4/1
f 287/65/1 329/52/1 299/45/1
f 291/64/1 330/66/1 319/24/1
f 331/50/1 290/67/1 314/29/1
f 294/18/1 314/29/1 282/17/1
f 273/2/1 331/50/1 294/18/1
f 333/46/1 272/4/1 301/3/1
f 315/26/1 301/3/1 277/22/1
f 290/67/1 333/46/1 315/26/1
f 334/33/1 289/68/1 310/32/1
f 335/43/1 286/69/1 306/48/1
f 302/1/1 306/48/1 273/2/1
f 278/19/1 335/43/1 302/1/1
f 336/41/1 276/63/1 298/34/1
f 311/42/1 298/34/1 286/69/1
f 289/68/1 336/41/1 311/42/1
f 337/38/1 288/61/1 309/39/1
f 312/30/1 309/39/1 289/68/1
f 283/13/1 337/38/1 312/30/1
f 338/36/1 287/65/1 313/44/1
f 316/49/1 313/44/1 290/67/1
f 286/69/1 338/36/1 316/49/1
f 339/5/1 280/11/1 317/25/1
f 320/15/1 317/25/1 291/64/1
f 285/62/1 339/5/1 320/15/1
f 324/8/1 321/23/1 292/60/1
f 373/12/8 366/6/8 408/5/8
f 376/35/8 367/34/8 407/36/8
f 369/40/8 378/39/8 405/41/8
f 380/42/8 379/32/8 404/43/8
f 368/45/8 382/44/8 402/46/8
f 385/49/8 375/48/8 400/50/8
f 389/15/8 374/53/8 397/54/8
f 392/57/8 391/56/8 395/58/8
f 391/56/8 377/37/8 357/61/8
f 354/62/8 395/58/8 374/53/8
f 374/53/8 369/40/8 345/63/8
f 395/58/8 357/61/8 369/40/8
f 366/6/8 392/57/8 354/62/8
f 360/64/8 397/54/8 387/51/8
f 387/51/8 376/35/8 356/65/8
f 397/54/8 345/63/8 376/35/8
f 398/52/8 356/65/8 368/45/8
f 400/50/8 342/2/8 363/18/8
f 355/69/8 404/43/8 375/48/8
f 375/48/8 371/1/8 342/2/8
f 345/63/8 405/41/8 367/34/8
f 367/34/8 380/42/8 355/69/8
f 405/41/8 358/68/8 380/42/8
f 357/61/8 406/38/8 378/39/8
f 378/39/8 381/30/8 358/68/8
f 356/65/8 407/36/8 382/44/8
f 382/44/8 385/49/8 359/67/8
f 407/36/8 355/69/8 385/49/8
f 408/5/8 354/62/8 389/15/8
f 435/6/1 442/12/1 477/5/1
f 436/34/1 445/35/1 476/36/1
f 433/14/1 446/37/1 475/38/1
f 447/39/1 438/40/1 474/41/1
f 448/32/1 449/42/1 473/43/1
f 451/44/1 437/45/1 471/46/1
f 452/29/1 453/26/1 470/47/1
f 444/48/1 454/49/1 469/50/1
f 456/51/1 457/24/1 467/52/1
f 443/53/1 458/15/1 466/54/1
f 459/23/1 434/10/1 465/55/1
f 460/56/1 461/57/1 464/58/1
f 441/16/1 462/8/1 463/59/1
f 463/59/1 430/60/1 460/56/1
f 446/37/1 460/56/1 426/61/1
f 412/28/1 463/59/1 446/37/1
f 464/58/1 423/62/1 443/53/1
f 438/40/1 443/53/1 414/63/1
f 426/61/1 464/58/1 438/40/1
f 465/55/1 413/27/1 435/6/1
f 461/57/1 435/6/1 423/62/1
f 430/60/1 465/55/1 461/57/1
f 466/54/1 429/64/1 456/51/1
f 445/35/1 456/51/1 425/65/1
f 414/63/1 466/54/1 445/35/1
f 467/52/1 419/20/1 431/21/1
f 437/45/1 431/21/1 410/4/1
f 425/65/1 467/52/1 437/45/1
f 429/64/1 468/66/1 457/24/1
f 469/50/1 428/67/1 452/29/1
f 432/18/1 452/29/1 420/17/1
f 411/2/1 469/50/1 432/18/1
f 471/46/1 410/4/1 439/3/1
f 453/26/1 439/3/1 415/22/1
f 428/67/1 471/46/1 453/26/1
f 472/33/1 427/68/1 448/32/1
f 473/43/1 424/69/1 444/48/1
f 440/1/1 444/48/1 411/2/1
f 416/19/1 473/43/1 440/1/1
f 474/41/1 414/63/1 436/34/1
f 449/42/1 436/34/1 424/69/1
f 427/68/1 474/41/1 449/42/1
f 475/38/1 426/61/1 447/39/1
f 450/30/1 447/39/1 427/68/1
f 421/13/1 475/38/1 450/30/1
f 476/36/1 425/65/1 451/44/1
f 454/49/1 451/44/1 428/67/1
f 424/69/1 476/36/1 454/49/1
f 477/5/1 418/11/1 455/25/1
f 458/15/1 455/25/1 429/64/1
f 423/62/1 477/5/1 458/15/1
f 462/8/1 459/23/1 430/60/1
f 373/12/6 413/27/6 344/27/6
f 371/1/2 411/2/2 342/2/2
f 342/2/2 432/18/2 363/18/2
f 546/5/6 550/6/6 504/6/6
f 514/35/8 505/34/8 545/36/8
f 507/40/8 516/39/8 543/41/8
f 518/42/8 517/32/8 542/43/8
f 506/45/8 520/44/8 540/46/8
f 523/49/8 513/48/8 538/50/8
f 526/24/8 525/51/8 536/52/8
f 527/15/8 512/53/8 535/54/8
f 503/10/8 528/23/8 534/55/8
f 530/57/8 529/56/8 533/58/8
f 531/8/8 510/16/8 532/59/8
f 499/60/8 532/59/8 529/56/8
f 529/56/8 515/37/8 495/61/8
f 599/38/4 963/37/4 575/37/4
f 492/62/8 533/58/8 512/53/8
f 512/53/8 507/40/8 483/63/8
f 533/58/8 495/61/8 507/40/8
f 482/27/8 534/55/8 504/6/8
f 504/6/8 530/57/8 492/62/8
f 534/55/8 499/60/8 530/57/8
f 498/64/8 535/54/8 525/51/8
f 525/51/8 514/35/8 494/65/8
f 535/54/8 483/63/8 514/35/8
f 488/20/8 536/52/8 500/21/8
f 500/21/8 506/45/8 479/4/8
f 536/52/8 494/65/8 506/45/8
f 537/66/8 498/64/8 526/24/8
f 497/67/8 538/50/8 521/29/8
f 521/29/8 501/18/8 489/17/8
f 538/50/8 480/2/8 501/18/8
f 479/4/8 540/46/8 508/3/8
f 508/3/8 522/26/8 484/22/8
f 540/46/8 497/67/8 522/26/8
f 496/68/8 541/33/8 517/32/8
f 493/69/8 542/43/8 513/48/8
f 513/48/8 509/1/8 480/2/8
f 542/43/8 485/19/8 509/1/8
f 483/63/8 543/41/8 505/34/8
f 505/34/8 518/42/8 493/69/8
f 543/41/8 496/68/8 518/42/8
f 495/61/8 544/38/8 516/39/8
f 516/39/8 519/30/8 496/68/8
f 544/38/8 490/13/8 519/30/8
f 494/65/8 545/36/8 520/44/8
f 520/44/8 523/49/8 497/67/8
f 545/36/8 493/69/8 523/49/8
f 487/11/8 546/5/8 524/25/8
f 524/25/8 527/15/8 498/64/8
f 546/5/8 492/62/8 527/15/8
f 528/23/8 531/8/8 499/60/8
f 600/5/3 970/12/3 573/12/3
f 591/55/3 753/57/3 588/57/3
f 600/5/6 754/6/6 568/6/6
f 1007/26/1 1022/47/1 1006/47/1
f 590/59/3 739/37/3 575/37/3
f 583/51/1 584/24/1 592/52/1
f 562/64/6 750/15/6 585/15/6
f 577/32/2 764/43/2 598/43/2
f 572/16/1 589/8/1 590/59/1
f 590/59/1 563/60/1 587/56/1
f 594/50/4 746/49/4 581/49/4
f 575/37/4 964/59/4 590/59/4
f 599/38/2 741/39/2 576/39/2
f 580/26/4 763/46/4 596/46/4
f 585/15/4 768/5/4 600/5/4
f 591/55/1 551/27/1 568/6/1
f 598/43/2 735/48/2 574/48/2
f 563/60/1 591/55/1 588/57/1
f 576/39/3 743/68/3 560/68/3
f 596/46/4 755/45/4 569/45/4
f 588/57/6 752/60/6 563/60/6
f 583/51/4 749/64/4 562/64/4
f 562/64/1 593/66/1 584/24/1
f 594/50/1 561/67/1 579/29/1
f 579/29/6 787/50/6 594/50/6
f 549/2/1 594/50/1 565/18/1
f 596/46/1 548/4/1 570/3/1
f 580/26/1 570/3/1 552/22/1
f 575/37/3 766/38/3 599/38/3
f 597/33/1 560/68/1 577/32/1
f 561/67/2 756/26/2 580/26/2
f 571/1/1 574/48/1 549/2/1
f 485/19/8 789/32/8 788/19/8
f 560/68/3 742/32/3 577/32/3
f 592/52/6 748/51/6 583/51/6
f 581/49/2 747/67/2 561/67/2
f 574/48/2 762/50/2 594/50/2
f 578/30/1 576/39/1 560/68/1
f 558/13/1 599/38/1 578/30/1
f 568/6/6 759/55/6 591/55/6
f 569/45/4 761/52/4 592/52/4
f 563/60/3 751/56/3 587/56/3
f 600/5/1 555/11/1 582/25/1
f 585/15/1 582/25/1 562/64/1
f 587/56/6 757/59/6 590/59/6
f 589/8/1 586/23/1 563/60/1
f 566/14/2 965/38/2 599/38/2
f 502/14/2 960/14/2 566/14/2
f 519/30/3 597/33/3 541/33/3
f 573/12/3 966/12/3 511/12/3
f 482/27/6 567/10/6 503/10/6
f 541/33/2 577/32/2 517/32/2
f 526/24/4 593/66/4 537/66/4
f 537/66/6 582/25/6 524/25/6
f 565/18/3 782/18/3 501/18/3
f 502/14/3 558/13/3 490/13/3
f 484/22/4 570/3/4 508/3/4
f 577/32/6 793/43/6 792/32/6
f 485/19/8 557/1/8 509/1/8
f 531/8/6 554/7/6 486/7/6
f 486/7/3 572/16/3 510/16/3
f 1006/47/2 1020/47/2 1004/47/2
f 524/25/4 555/11/4 487/11/4
f 547/31/3 589/8/3 531/8/3
f 490/13/2 578/30/2 519/30/2
f 487/11/6 573/12/6 511/12/6
f 528/23/6 601/31/6 547/31/6
f 489/17/8 783/29/8 521/29/8
f 508/3/4 548/4/4 479/4/4
f 509/1/2 549/2/2 480/2/2
f 480/2/2 565/18/2 501/18/2
f 660/29/1 727/47/1 724/29/1
f 614/16/1 679/7/1 678/16/1
f 635/4/1 698/21/1 699/4/1
f 663/47/1 714/26/1 727/47/1
f 612/1/1 677/19/1 676/1/1
f 633/31/1 686/23/1 697/31/1
f 662/66/1 715/25/1 726/66/1
f 610/3/1 675/22/1 674/3/1
f 629/8/1 697/31/1 693/8/1
f 652/24/1 726/66/1 716/24/1
f 608/10/1 673/27/1 672/10/1
f 626/32/1 696/33/1 690/32/1
f 661/8/1 711/7/1 725/8/1
f 606/14/1 671/28/1 670/14/1
f 632/33/1 691/30/1 696/33/1
f 656/17/1 724/29/1 720/17/1
f 604/18/1 669/2/1 668/18/1
f 631/47/1 692/29/1 695/47/1
f 657/13/1 723/30/1 721/13/1
f 602/21/1 667/4/1 666/21/1
f 618/26/1 695/47/1 682/26/1
f 658/32/1 709/19/1 722/32/1
f 619/25/1 694/66/1 683/25/1
f 648/12/1 705/27/1 712/12/1
f 630/66/1 684/24/1 694/66/1
f 646/16/1 703/28/1 710/16/1
f 615/7/1 693/8/1 679/7/1
f 644/1/1 701/2/1 708/1/1
f 628/29/1 688/17/1 692/29/1
f 642/3/1 699/4/1 706/3/1
f 627/30/1 689/13/1 691/30/1
f 640/10/1 719/9/1 704/10/1
f 143/20/1 652/24/1 653/20/1
f 155/21/1 635/4/1 134/4/1
f 144/17/1 660/29/1 656/17/1
f 156/18/1 637/2/1 135/2/1
f 146/9/1 654/23/1 655/9/1
f 157/14/1 639/28/1 136/28/1
f 158/10/1 641/27/1 137/27/1
f 192/66/1 652/24/1 181/24/1
f 143/20/1 634/21/1 155/21/1
f 192/66/1 651/25/1 662/66/1
f 14/20/1 843/24/1 844/20/1
f 144/17/1 636/18/1 156/18/1
f 145/13/1 638/14/1 157/14/1
f 139/22/1 642/3/1 643/22/1
f 146/9/1 640/10/1 158/10/1
f 140/19/1 644/1/1 645/19/1
f 141/7/1 646/16/1 647/7/1
f 141/7/1 661/8/1 186/8/1
f 2/32/4 855/32/4 43/32/4
f 142/11/1 648/12/1 649/11/1
f 728/33/1 946/32/1 952/33/1
f 194/47/1 650/26/1 663/47/1
f 89/64/2 872/15/2 114/15/2
f 728/33/1 947/30/1 723/30/1
f 13/11/1 842/25/1 50/25/1
f 727/47/1 948/29/1 724/29/1
f 113/51/3 869/64/3 89/64/3
f 727/47/1 938/26/1 951/47/1
f 10/22/1 841/26/1 48/26/1
f 726/66/1 939/25/1 950/66/1
f 3/30/4 849/30/4 45/30/4
f 726/66/1 940/24/1 716/24/1
f 711/7/1 949/8/1 725/8/1
f 720/17/1 948/29/1 944/17/1
f 721/13/1 947/30/1 945/13/1
f 73/31/1 845/23/1 54/23/1
f 709/19/1 946/32/1 722/32/1
f 73/31/1 851/8/1 856/31/1
f 712/12/1 929/27/1 936/12/1
f 710/16/1 927/28/1 934/16/1
f 637/2/1 700/18/1 701/2/1
f 616/12/1 681/11/1 680/12/1
f 659/30/1 728/33/1 723/30/1
f 639/28/1 702/14/1 703/28/1
f 611/22/1 682/26/1 675/22/1
f 664/33/1 722/32/1 728/33/1
f 641/27/1 704/10/1 705/27/1
f 617/11/1 683/25/1 681/11/1
f 665/31/1 725/8/1 729/31/1
f 643/22/1 706/3/1 707/22/1
f 620/24/1 685/20/1 684/24/1
f 654/23/1 729/31/1 718/23/1
f 645/19/1 708/1/1 709/19/1
f 622/23/1 687/9/1 686/23/1
f 647/7/1 710/16/1 711/7/1
f 621/20/1 666/21/1 685/20/1
f 649/11/1 712/12/1 713/11/1
f 624/17/1 668/18/1 688/17/1
f 650/26/1 707/22/1 714/26/1
f 625/13/1 670/14/1 689/13/1
f 651/25/1 713/11/1 715/25/1
f 623/9/1 672/10/1 687/9/1
f 653/20/1 716/24/1 717/20/1
f 603/4/1 674/3/1 667/4/1
f 655/9/1 718/23/1 719/9/1
f 605/2/1 676/1/1 669/2/1
f 634/21/1 717/20/1 698/21/1
f 607/28/1 678/16/1 671/28/1
f 636/18/1 720/17/1 700/18/1
f 609/27/1 680/12/1 673/27/1
f 638/14/1 721/13/1 702/14/1
f 613/19/1 690/32/1 677/19/1
f 730/34/1 737/35/1 767/36/1
f 741/39/1 732/40/1 765/41/1
f 742/32/1 744/42/1 764/43/1
f 745/44/1 755/45/1 763/46/1
f 735/48/1 746/49/1 762/50/1
f 733/53/1 750/15/1 760/54/1
f 751/56/1 753/57/1 758/58/1
f 739/37/1 751/56/1 740/61/1
f 758/58/1 734/62/1 733/53/1
f 732/40/1 733/53/1 731/63/1
f 753/57/1 754/6/1 734/62/1
f 760/54/1 749/64/1 748/51/1
f 731/63/1 760/54/1 737/35/1
f 738/65/1 761/52/1 755/45/1
f 747/67/1 763/46/1 756/26/1
f 764/43/1 736/69/1 735/48/1
f 765/41/1 731/63/1 730/34/1
f 744/42/1 730/34/1 736/69/1
f 743/68/1 765/41/1 744/42/1
f 766/38/1 740/61/1 741/39/1
f 767/36/1 738/65/1 745/44/1
f 746/49/1 745/44/1 747/67/1
f 734/62/1 768/5/1 750/15/1
f 767/36/6 772/34/6 730/34/6
f 784/17/11 787/50/11 786/29/11
f 782/18/12 784/17/12 781/17/12
f 783/29/13 784/17/13 786/29/13
f 579/29/6 783/29/6 786/29/6
f 565/18/3 787/50/3 785/18/3
f 489/17/8 782/18/8 781/17/8
f 791/19/14 793/43/14 790/1/14
f 789/32/15 791/19/15 788/19/15
f 557/1/16 791/19/16 790/1/16
f 571/1/4 793/43/4 598/43/4
f 577/32/6 789/32/6 517/32/6
f 867/25/8 872/15/8 869/64/8
f 865/11/8 880/25/8 887/11/8
f 957/37/84 954/14/84 959/38/84
f 958/59/84 955/28/84 957/37/84
f 960/14/85 963/37/85 965/38/85
f 961/28/85 964/59/85 963/37/85
f 956/16/3 961/28/3 955/28/3
f 955/28/3 960/14/3 954/14/3
f 502/14/2 959/38/2 954/14/2
f 532/59/4 957/37/4 515/37/4
f 515/37/4 959/38/4 544/38/4
f 572/16/6 964/59/6 962/16/6
f 966/12/86 550/6/86 967/5/86
f 968/6/87 970/12/87 971/5/87
f 966/12/6 969/27/6 481/27/6
f 568/6/4 969/27/4 968/6/4
f 568/6/6 971/5/6 600/5/6
f 482/27/4 969/27/4 551/27/4
f 504/6/4 481/27/4 482/27/4
f 546/5/3 966/12/3 967/5/3
f 973/45/1 975/21/1 972/4/1
f 973/45/2 548/4/2 569/45/2
f 974/52/3 569/45/3 592/52/3
f 975/21/6 592/52/6 564/21/6
f 972/4/4 564/21/4 548/4/4
f 978/4/2 479/4/2 548/4/2
f 979/21/1 548/4/1 564/21/1
f 980/47/1 996/26/1 997/47/1
f 522/26/1 980/47/1 539/47/1
f 497/67/1 981/26/1 522/26/1
f 521/29/1 982/67/1 497/67/1
f 539/47/1 983/29/1 521/29/1
f 995/47/1 1009/47/1 1011/47/1
f 579/29/1 984/47/1 595/47/1
f 561/67/1 985/29/1 579/29/1
f 580/26/1 986/67/1 561/67/1
f 595/47/1 987/26/1 580/26/1
f 991/26/1 1005/26/1 1007/26/1
f 539/47/1 988/26/1 522/26/1
f 595/47/1 989/47/1 539/47/1
f 580/26/1 990/47/1 595/47/1
f 522/26/1 991/26/1 580/26/1
f 994/29/1 1011/47/1 1010/29/1
f 521/29/1 992/47/1 539/47/1
f 579/29/1 993/29/1 521/29/1
f 595/47/1 994/29/1 579/29/1
f 539/47/1 995/47/1 595/47/1
f 984/47/1 1000/29/1 1001/47/1
f 981/26/1 998/67/1 996/26/1
f 988/26/1 1004/47/1 1005/26/1
f 985/29/1 1002/67/1 1000/29/1
f 992/47/1 1008/29/1 1009/47/1
f 982/67/1 999/29/1 998/67/1
f 989/47/1 1006/47/1 1004/47/1
f 986/67/1 1003/26/1 1002/67/1
f 993/29/1 1010/29/1 1008/29/1
f 983/29/1 997/47/1 999/29/1
f 990/47/1 1007/26/1 1006/47/1
f 987/26/1 1001/47/1 1003/26/1
f 1020/47/4 1023/26/4 1021/26/4
f 1016/29/1 1019/26/1 1017/47/1
f 1005/26/6 1023/26/6 1007/26/6
f 1000/29/2 1017/47/2 1001/47/2
f 1002/67/3 1016/29/3 1000/29/3
f 1010/29/3 1024/29/3 1008/29/3
f 1003/26/6 1018/67/6 1002/67/6
f 1001/47/4 1019/26/4 1003/26/4
f 1004/47/8 1021/26/8 1005/26/8
f 998/67/6 1012/26/6 996/26/6
f 708/1/1 701/2/1 925/2/1
f 706/3/1 699/4/1 923/4/1
f 132/5/2 877/5/2 859/6/2
f 12/7/1 838/7/1 851/8/1
f 719/9/1 943/9/1 928/10/1
f 13/11/1 37/12/1 839/12/1
f 721/13/1 945/13/1 926/14/1
f 114/15/3 872/15/3 877/5/3
f 12/7/1 36/16/1 837/16/1
f 720/17/1 944/17/1 924/18/1
f 35/1/1 835/1/1 836/19/1
f 717/20/1 941/20/1 922/21/1
f 10/22/1 34/3/1 833/3/1
f 719/9/1 718/23/1 942/23/1
f 717/20/1 716/24/1 940/24/1
f 713/11/1 937/11/1 939/25/1
f 707/22/1 931/22/1 938/26/1
f 713/11/1 712/12/1 936/12/1
f 29/10/1 831/10/1 832/27/1
f 711/7/1 710/16/1 934/16/1
f 28/14/1 829/14/1 830/28/1
f 15/17/1 47/29/1 850/29/1
f 709/19/1 708/1/1 932/1/1
f 27/18/1 827/18/1 828/2/1
f 707/22/1 706/3/1 930/3/1
f 26/21/1 825/21/1 826/4/1
f 16/13/1 45/30/1 849/30/1
f 704/10/1 928/10/1 929/27/1
f 702/14/1 926/14/1 927/28/1
f 700/18/1 924/18/1 925/2/1
f 698/21/1 922/21/1 923/4/1
f 43/32/1 855/32/1 854/33/1
f 30/6/1 8/27/1 37/12/1
f 31/34/1 9/63/1 40/35/1
f 28/14/1 7/28/1 41/37/1
f 42/39/1 21/61/1 33/40/1
f 43/32/1 22/68/1 44/42/1
f 46/44/1 20/65/1 32/45/1
f 47/29/1 23/67/1 48/26/1
f 39/48/1 19/69/1 49/49/1
f 51/51/1 24/64/1 52/24/1
f 38/53/1 18/62/1 53/15/1
f 54/23/1 17/9/1 29/10/1
f 55/56/1 25/60/1 56/57/1
f 36/16/1 12/7/1 57/8/1
f 58/59/1 57/8/1 25/60/1
f 41/37/1 58/59/1 55/56/1
f 7/28/1 36/16/1 58/59/1
f 59/58/1 56/57/1 18/62/1
f 33/40/1 59/58/1 38/53/1
f 21/61/1 55/56/1 59/58/1
f 60/55/1 29/10/1 8/27/1
f 56/57/1 60/55/1 30/6/1
f 25/60/1 54/23/1 60/55/1
f 61/54/1 53/15/1 24/64/1
f 40/35/1 61/54/1 51/51/1
f 9/63/1 38/53/1 61/54/1
f 62/52/1 52/24/1 14/20/1
f 32/45/1 62/52/1 26/21/1
f 20/65/1 51/51/1 62/52/1
f 24/64/1 50/25/1 63/66/1
f 64/50/1 49/49/1 23/67/1
f 27/18/1 64/50/1 47/29/1
f 6/2/1 39/48/1 64/50/1
f 66/46/1 32/45/1 5/4/1
f 48/26/1 66/46/1 34/3/1
f 23/67/1 46/44/1 66/46/1
f 67/33/1 45/30/1 22/68/1
f 68/43/1 44/42/1 19/69/1
f 35/1/1 68/43/1 39/48/1
f 11/19/1 43/32/1 68/43/1
f 69/41/1 33/40/1 9/63/1
f 44/42/1 69/41/1 31/34/1
f 22/68/1 42/39/1 69/41/1
f 70/38/1 41/37/1 21/61/1
f 45/30/1 70/38/1 42/39/1
f 16/13/1 28/14/1 70/38/1
f 71/36/1 40/35/1 20/65/1
f 49/49/1 71/36/1 46/44/1
f 19/69/1 31/34/1 71/36/1
f 72/5/1 37/12/1 13/11/1
f 53/15/1 72/5/1 50/25/1
f 18/62/1 30/6/1 72/5/1
f 57/8/1 73/31/1 54/23/1
f 8/27/1 832/27/1 839/12/1
f 7/28/1 830/28/1 837/16/1
f 6/2/1 828/2/1 835/1/1
f 5/4/1 826/4/1 833/3/1
f 65/47/1 853/47/1 850/29/1
f 111/26/3 866/26/3 876/46/3
f 65/47/1 48/26/1 841/26/1
f 126/46/3 876/46/3 861/45/3
f 125/47/3 875/47/3 866/26/3
f 17/9/1 846/9/1 831/10/1
f 16/13/1 848/13/1 829/14/1
f 63/66/1 50/25/1 842/25/1
f 15/17/1 847/17/1 827/18/1
f 63/66/1 852/66/1 843/24/1
f 103/35/8 77/63/8 95/34/8
f 97/40/8 86/61/8 105/39/8
f 107/42/8 87/68/8 106/32/8
f 96/45/8 85/65/8 109/44/8
f 112/49/8 84/69/8 102/48/8
f 114/15/8 83/62/8 101/53/8
f 117/57/8 90/60/8 116/56/8
f 116/56/8 119/59/8 104/37/8
f 83/62/8 117/57/8 120/58/8
f 101/53/8 120/58/8 97/40/8
f 120/58/8 116/56/8 86/61/8
f 94/6/8 121/55/8 117/57/8
f 89/64/8 114/15/8 122/54/8
f 113/51/8 122/54/8 103/35/8
f 122/54/8 101/53/8 77/63/8
f 14/20/1 844/20/1 825/21/1
f 123/52/8 113/51/8 85/65/8
f 88/67/8 112/49/8 124/50/8
f 126/46/8 109/44/8 88/67/8
f 84/69/8 107/42/8 128/43/8
f 77/63/8 97/40/8 129/41/8
f 95/34/8 129/41/8 107/42/8
f 129/41/8 105/39/8 87/68/8
f 86/61/8 104/37/8 130/38/8
f 105/39/8 130/38/8 108/30/8
f 85/65/8 103/35/8 131/36/8
f 109/44/8 131/36/8 112/49/8
f 131/36/8 95/34/8 84/69/8
f 123/52/2 873/52/2 868/51/2
f 132/5/8 94/6/8 83/62/8
f 159/6/1 137/27/1 166/12/1
f 160/34/1 138/63/1 169/35/1
f 157/14/1 136/28/1 170/37/1
f 171/39/1 150/61/1 162/40/1
f 172/32/1 151/68/1 173/42/1
f 175/44/1 149/65/1 161/45/1
f 176/29/1 152/67/1 177/26/1
f 168/48/1 148/69/1 178/49/1
f 180/51/1 153/64/1 181/24/1
f 167/53/1 147/62/1 182/15/1
f 183/23/1 146/9/1 158/10/1
f 184/56/1 154/60/1 185/57/1
f 165/16/1 141/7/1 186/8/1
f 187/59/1 186/8/1 154/60/1
f 170/37/1 187/59/1 184/56/1
f 136/28/1 165/16/1 187/59/1
f 188/58/1 185/57/1 147/62/1
f 162/40/1 188/58/1 167/53/1
f 150/61/1 184/56/1 188/58/1
f 189/55/1 158/10/1 137/27/1
f 185/57/1 189/55/1 159/6/1
f 154/60/1 183/23/1 189/55/1
f 190/54/1 182/15/1 153/64/1
f 169/35/1 190/54/1 180/51/1
f 138/63/1 167/53/1 190/54/1
f 191/52/1 181/24/1 143/20/1
f 161/45/1 191/52/1 155/21/1
f 149/65/1 180/51/1 191/52/1
f 153/64/1 179/25/1 192/66/1
f 193/50/1 178/49/1 152/67/1
f 156/18/1 193/50/1 176/29/1
f 135/2/1 168/48/1 193/50/1
f 195/46/1 161/45/1 134/4/1
f 177/26/1 195/46/1 163/3/1
f 152/67/1 175/44/1 195/46/1
f 196/33/1 174/30/1 151/68/1
f 197/43/1 173/42/1 148/69/1
f 164/1/1 197/43/1 168/48/1
f 140/19/1 172/32/1 197/43/1
f 198/41/1 162/40/1 138/63/1
f 173/42/1 198/41/1 160/34/1
f 151/68/1 171/39/1 198/41/1
f 199/38/1 170/37/1 150/61/1
f 174/30/1 199/38/1 171/39/1
f 145/13/1 157/14/1 199/38/1
f 200/36/1 169/35/1 149/65/1
f 178/49/1 200/36/1 175/44/1
f 148/69/1 160/34/1 200/36/1
f 201/5/1 166/12/1 142/11/1
f 182/15/1 201/5/1 179/25/1
f 147/62/1 159/6/1 201/5/1
f 186/8/1 202/31/1 183/23/1
f 17/9/1 54/23/1 845/23/1
f 145/13/1 174/30/1 659/30/1
f 142/11/1 649/11/1 651/25/1
f 140/19/1 645/19/1 658/32/1
f 96/45/3 861/45/3 873/52/3
f 139/22/1 643/22/1 650/26/1
f 196/33/1 172/32/1 658/32/1
f 729/31/1 953/31/1 942/23/1
f 196/33/1 664/33/1 659/30/1
f 137/27/1 641/27/1 648/12/1
f 729/31/1 725/8/1 949/8/1
f 136/28/1 639/28/1 646/16/1
f 135/2/1 637/2/1 644/1/1
f 202/31/1 665/31/1 654/23/1
f 134/4/1 635/4/1 642/3/1
f 202/31/1 186/8/1 661/8/1
f 194/47/1 663/47/1 660/29/1
f 238/35/8 207/63/8 229/34/8
f 231/40/8 219/61/8 240/39/8
f 230/45/8 218/65/8 244/44/8
f 247/49/8 217/69/8 237/48/8
f 251/15/8 216/62/8 236/53/8
f 254/57/8 223/60/8 253/56/8
f 223/60/8 255/8/8 256/59/8
f 253/56/8 256/59/8 239/37/8
f 216/62/8 254/57/8 257/58/8
f 236/53/8 257/58/8 231/40/8
f 257/58/8 253/56/8 219/61/8
f 228/6/8 258/55/8 254/57/8
f 258/55/8 252/23/8 223/60/8
f 222/64/8 251/15/8 259/54/8
f 249/51/8 259/54/8 238/35/8
f 259/54/8 236/53/8 207/63/8
f 260/52/8 249/51/8 218/65/8
f 264/46/8 244/44/8 221/67/8
f 217/69/8 242/42/8 266/43/8
f 207/63/8 231/40/8 267/41/8
f 229/34/8 267/41/8 242/42/8
f 267/41/8 240/39/8 220/68/8
f 219/61/8 239/37/8 268/38/8
f 240/39/8 268/38/8 243/30/8
f 218/65/8 238/35/8 269/36/8
f 244/44/8 269/36/8 247/49/8
f 269/36/8 229/34/8 217/69/8
f 270/5/8 228/6/8 216/62/8
f 297/6/1 275/27/1 304/12/1
f 298/34/1 276/63/1 307/35/1
f 295/14/1 274/28/1 308/37/1
f 309/39/1 288/61/1 300/40/1
f 310/32/1 289/68/1 311/42/1
f 313/44/1 287/65/1 299/45/1
f 314/29/1 290/67/1 315/26/1
f 306/48/1 286/69/1 316/49/1
f 318/51/1 291/64/1 319/24/1
f 305/53/1 285/62/1 320/15/1
f 321/23/1 284/9/1 296/10/1
f 322/56/1 292/60/1 323/57/1
f 303/16/1 279/7/1 324/8/1
f 325/59/1 324/8/1 292/60/1
f 308/37/1 325/59/1 322/56/1
f 274/28/1 303/16/1 325/59/1
f 326/58/1 323/57/1 285/62/1
f 300/40/1 326/58/1 305/53/1
f 288/61/1 322/56/1 326/58/1
f 327/55/1 296/10/1 275/27/1
f 323/57/1 327/55/1 297/6/1
f 292/60/1 321/23/1 327/55/1
f 328/54/1 320/15/1 291/64/1
f 307/35/1 328/54/1 318/51/1
f 276/63/1 305/53/1 328/54/1
f 329/52/1 319/24/1 281/20/1
f 299/45/1 329/52/1 293/21/1
f 287/65/1 318/51/1 329/52/1
f 291/64/1 317/25/1 330/66/1
f 331/50/1 316/49/1 290/67/1
f 294/18/1 331/50/1 314/29/1
f 273/2/1 306/48/1 331/50/1
f 333/46/1 299/45/1 272/4/1
f 315/26/1 333/46/1 301/3/1
f 290/67/1 313/44/1 333/46/1
f 334/33/1 312/30/1 289/68/1
f 335/43/1 311/42/1 286/69/1
f 302/1/1 335/43/1 306/48/1
f 278/19/1 310/32/1 335/43/1
f 336/41/1 300/40/1 276/63/1
f 311/42/1 336/41/1 298/34/1
f 289/68/1 309/39/1 336/41/1
f 337/38/1 308/37/1 288/61/1
f 312/30/1 337/38/1 309/39/1
f 283/13/1 295/14/1 337/38/1
f 338/36/1 307/35/1 287/65/1
f 316/49/1 338/36/1 313/44/1
f 286/69/1 298/34/1 338/36/1
f 339/5/1 304/12/1 280/11/1
f 320/15/1 339/5/1 317/25/1
f 285/62/1 297/6/1 339/5/1
f 324/8/1 340/31/1 321/23/1
f 373/12/8 344/27/8 366/6/8
f 376/35/8 345/63/8 367/34/8
f 369/40/8 357/61/8 378/39/8
f 380/42/8 358/68/8 379/32/8
f 368/45/8 356/65/8 382/44/8
f 385/49/8 355/69/8 375/48/8
f 389/15/8 354/62/8 374/53/8
f 392/57/8 361/60/8 391/56/8
f 391/56/8 394/59/8 377/37/8
f 354/62/8 392/57/8 395/58/8
f 374/53/8 395/58/8 369/40/8
f 395/58/8 391/56/8 357/61/8
f 366/6/8 396/55/8 392/57/8
f 360/64/8 389/15/8 397/54/8
f 387/51/8 397/54/8 376/35/8
f 397/54/8 374/53/8 345/63/8
f 398/52/8 387/51/8 356/65/8
f 400/50/8 375/48/8 342/2/8
f 355/69/8 380/42/8 404/43/8
f 375/48/8 404/43/8 371/1/8
f 345/63/8 369/40/8 405/41/8
f 367/34/8 405/41/8 380/42/8
f 405/41/8 378/39/8 358/68/8
f 357/61/8 377/37/8 406/38/8
f 378/39/8 406/38/8 381/30/8
f 356/65/8 376/35/8 407/36/8
f 382/44/8 407/36/8 385/49/8
f 407/36/8 367/34/8 355/69/8
f 408/5/8 366/6/8 354/62/8
f 435/6/1 413/27/1 442/12/1
f 436/34/1 414/63/1 445/35/1
f 433/14/1 412/28/1 446/37/1
f 447/39/1 426/61/1 438/40/1
f 448/32/1 427/68/1 449/42/1
f 451/44/1 425/65/1 437/45/1
f 452/29/1 428/67/1 453/26/1
f 444/48/1 424/69/1 454/49/1
f 456/51/1 429/64/1 457/24/1
f 443/53/1 423/62/1 458/15/1
f 459/23/1 422/9/1 434/10/1
f 460/56/1 430/60/1 461/57/1
f 441/16/1 417/7/1 462/8/1
f 463/59/1 462/8/1 430/60/1
f 446/37/1 463/59/1 460/56/1
f 412/28/1 441/16/1 463/59/1
f 464/58/1 461/57/1 423/62/1
f 438/40/1 464/58/1 443/53/1
f 426/61/1 460/56/1 464/58/1
f 465/55/1 434/10/1 413/27/1
f 461/57/1 465/55/1 435/6/1
f 430/60/1 459/23/1 465/55/1
f 466/54/1 458/15/1 429/64/1
f 445/35/1 466/54/1 456/51/1
f 414/63/1 443/53/1 466/54/1
f 467/52/1 457/24/1 419/20/1
f 437/45/1 467/52/1 431/21/1
f 425/65/1 456/51/1 467/52/1
f 429/64/1 455/25/1 468/66/1
f 469/50/1 454/49/1 428/67/1
f 432/18/1 469/50/1 452/29/1
f 411/2/1 444/48/1 469/50/1
f 471/46/1 437/45/1 410/4/1
f 453/26/1 471/46/1 439/3/1
f 428/67/1 451/44/1 471/46/1
f 472/33/1 450/30/1 427/68/1
f 473/43/1 449/42/1 424/69/1
f 440/1/1 473/43/1 444/48/1
f 416/19/1 448/32/1 473/43/1
f 474/41/1 438/40/1 414/63/1
f 449/42/1 474/41/1 436/34/1
f 427/68/1 447/39/1 474/41/1
f 475/38/1 446/37/1 426/61/1
f 450/30/1 475/38/1 447/39/1
f 421/13/1 433/14/1 475/38/1
f 476/36/1 445/35/1 425/65/1
f 454/49/1 476/36/1 451/44/1
f 424/69/1 436/34/1 476/36/1
f 477/5/1 442/12/1 418/11/1
f 458/15/1 477/5/1 455/25/1
f 423/62/1 435/6/1 477/5/1
f 462/8/1 478/31/1 459/23/1
f 373/12/6 442/12/6 413/27/6
f 371/1/2 440/1/2 411/2/2
f 342/2/2 411/2/2 432/18/2
f 546/5/6 967/5/6 550/6/6
f 514/35/8 483/63/8 505/34/8
f 507/40/8 495/61/8 516/39/8
f 518/42/8 496/68/8 517/32/8
f 506/45/8 494/65/8 520/44/8
f 523/49/8 493/69/8 513/48/8
f 526/24/8 498/64/8 525/51/8
f 527/15/8 492/62/8 512/53/8
f 503/10/8 491/9/8 528/23/8
f 530/57/8 499/60/8 529/56/8
f 531/8/8 486/7/8 510/16/8
f 499/60/8 531/8/8 532/59/8
f 529/56/8 532/59/8 515/37/8
f 599/38/4 965/38/4 963/37/4
f 492/62/8 530/57/8 533/58/8
f 512/53/8 533/58/8 507/40/8
f 533/58/8 529/56/8 495/61/8
f 482/27/8 503/10/8 534/55/8
f 504/6/8 534/55/8 530/57/8
f 534/55/8 528/23/8 499/60/8
f 498/64/8 527/15/8 535/54/8
f 525/51/8 535/54/8 514/35/8
f 535/54/8 512/53/8 483/63/8
f 488/20/8 526/24/8 536/52/8
f 500/21/8 536/52/8 506/45/8
f 536/52/8 525/51/8 494/65/8
f 537/66/8 524/25/8 498/64/8
f 497/67/8 523/49/8 538/50/8
f 521/29/8 538/50/8 501/18/8
f 538/50/8 513/48/8 480/2/8
f 479/4/8 506/45/8 540/46/8
f 508/3/8 540/46/8 522/26/8
f 540/46/8 520/44/8 497/67/8
f 496/68/8 519/30/8 541/33/8
f 493/69/8 518/42/8 542/43/8
f 513/48/8 542/43/8 509/1/8
f 542/43/8 517/32/8 485/19/8
f 483/63/8 507/40/8 543/41/8
f 505/34/8 543/41/8 518/42/8
f 543/41/8 516/39/8 496/68/8
f 495/61/8 515/37/8 544/38/8
f 516/39/8 544/38/8 519/30/8
f 544/38/8 502/14/8 490/13/8
f 494/65/8 514/35/8 545/36/8
f 520/44/8 545/36/8 523/49/8
f 545/36/8 505/34/8 493/69/8
f 487/11/8 511/12/8 546/5/8
f 524/25/8 546/5/8 527/15/8
f 546/5/8 504/6/8 492/62/8
f 528/23/8 547/31/8 531/8/8
f 600/5/3 971/5/3 970/12/3
f 591/55/3 759/55/3 753/57/3
f 600/5/6 768/5/6 754/6/6
f 1007/26/1 1023/26/1 1022/47/1
f 590/59/3 757/59/3 739/37/3
f 583/51/1 562/64/1 584/24/1
f 562/64/6 749/64/6 750/15/6
f 577/32/2 742/32/2 764/43/2
f 572/16/1 554/7/1 589/8/1
f 590/59/1 589/8/1 563/60/1
f 594/50/4 762/50/4 746/49/4
f 575/37/4 963/37/4 964/59/4
f 599/38/2 766/38/2 741/39/2
f 580/26/4 756/26/4 763/46/4
f 585/15/4 750/15/4 768/5/4
f 591/55/1 567/10/1 551/27/1
f 598/43/2 764/43/2 735/48/2
f 563/60/1 586/23/1 591/55/1
f 576/39/3 741/39/3 743/68/3
f 596/46/4 763/46/4 755/45/4
f 588/57/6 753/57/6 752/60/6
f 583/51/4 748/51/4 749/64/4
f 562/64/1 582/25/1 593/66/1
f 594/50/1 581/49/1 561/67/1
f 579/29/6 786/29/6 787/50/6
f 549/2/1 574/48/1 594/50/1
f 596/46/1 569/45/1 548/4/1
f 580/26/1 596/46/1 570/3/1
f 575/37/3 739/37/3 766/38/3
f 597/33/1 578/30/1 560/68/1
f 561/67/2 747/67/2 756/26/2
f 571/1/1 598/43/1 574/48/1
f 485/19/8 517/32/8 789/32/8
f 560/68/3 743/68/3 742/32/3
f 592/52/6 761/52/6 748/51/6
f 581/49/2 746/49/2 747/67/2
f 574/48/2 735/48/2 762/50/2
f 578/30/1 599/38/1 576/39/1
f 558/13/1 566/14/1 599/38/1
f 568/6/6 754/6/6 759/55/6
f 569/45/4 755/45/4 761/52/4
f 563/60/3 752/60/3 751/56/3
f 600/5/1 573/12/1 555/11/1
f 585/15/1 600/5/1 582/25/1
f 587/56/6 751/56/6 757/59/6
f 589/8/1 601/31/1 586/23/1
f 566/14/2 960/14/2 965/38/2
f 502/14/2 954/14/2 960/14/2
f 519/30/3 578/30/3 597/33/3
f 573/12/3 970/12/3 966/12/3
f 482/27/6 551/27/6 567/10/6
f 541/33/2 597/33/2 577/32/2
f 526/24/4 584/24/4 593/66/4
f 537/66/6 593/66/6 582/25/6
f 565/18/3 785/18/3 782/18/3
f 502/14/3 566/14/3 558/13/3
f 484/22/4 552/22/4 570/3/4
f 577/32/6 598/43/6 793/43/6
f 485/19/8 788/19/8 557/1/8
f 531/8/6 589/8/6 554/7/6
f 486/7/3 554/7/3 572/16/3
f 1006/47/2 1022/47/2 1020/47/2
f 524/25/4 582/25/4 555/11/4
f 547/31/3 601/31/3 589/8/3
f 490/13/2 558/13/2 578/30/2
f 487/11/6 555/11/6 573/12/6
f 528/23/6 586/23/6 601/31/6
f 489/17/8 781/17/8 783/29/8
f 508/3/4 570/3/4 548/4/4
f 509/1/2 571/1/2 549/2/2
f 480/2/2 549/2/2 565/18/2
f 660/29/1 663/47/1 727/47/1
f 614/16/1 615/7/1 679/7/1
f 635/4/1 634/21/1 698/21/1
f 663/47/1 650/26/1 714/26/1
f 612/1/1 613/19/1 677/19/1
f 633/31/1 622/23/1 686/23/1
f 662/66/1 651/25/1 715/25/1
f 610/3/1 611/22/1 675/22/1
f 629/8/1 633/31/1 697/31/1
f 652/24/1 662/66/1 726/66/1
f 608/10/1 609/27/1 673/27/1
f 626/32/1 632/33/1 696/33/1
f 661/8/1 647/7/1 711/7/1
f 606/14/1 607/28/1 671/28/1
f 632/33/1 627/30/1 691/30/1
f 656/17/1 660/29/1 724/29/1
f 604/18/1 605/2/1 669/2/1
f 631/47/1 628/29/1 692/29/1
f 657/13/1 659/30/1 723/30/1
f 602/21/1 603/4/1 667/4/1
f 618/26/1 631/47/1 695/47/1
f 658/32/1 645/19/1 709/19/1
f 619/25/1 630/66/1 694/66/1
f 648/12/1 641/27/1 705/27/1
f 630/66/1 620/24/1 684/24/1
f 646/16/1 639/28/1 703/28/1
f 615/7/1 629/8/1 693/8/1
f 644/1/1 637/2/1 701/2/1
f 628/29/1 624/17/1 688/17/1
f 642/3/1 635/4/1 699/4/1
f 627/30/1 625/13/1 689/13/1
f 640/10/1 655/9/1 719/9/1
f 143/20/1 181/24/1 652/24/1
f 155/21/1 634/21/1 635/4/1
f 144/17/1 176/29/1 660/29/1
f 156/18/1 636/18/1 637/2/1
f 146/9/1 183/23/1 654/23/1
f 157/14/1 638/14/1 639/28/1
f 158/10/1 640/10/1 641/27/1
f 192/66/1 662/66/1 652/24/1
f 143/20/1 653/20/1 634/21/1
f 192/66/1 179/25/1 651/25/1
f 14/20/1 52/24/1 843/24/1
f 144/17/1 656/17/1 636/18/1
f 145/13/1 657/13/1 638/14/1
f 139/22/1 163/3/1 642/3/1
f 146/9/1 655/9/1 640/10/1
f 140/19/1 164/1/1 644/1/1
f 141/7/1 165/16/1 646/16/1
f 141/7/1 647/7/1 661/8/1
f 2/32/4 809/32/4 855/32/4
f 142/11/1 166/12/1 648/12/1
f 728/33/1 722/32/1 946/32/1
f 194/47/1 177/26/1 650/26/1
f 89/64/2 869/64/2 872/15/2
f 728/33/1 952/33/1 947/30/1
f 13/11/1 840/11/1 842/25/1
f 727/47/1 951/47/1 948/29/1
f 113/51/3 868/51/3 869/64/3
f 727/47/1 714/26/1 938/26/1
f 10/22/1 834/22/1 841/26/1
f 726/66/1 715/25/1 939/25/1
f 3/30/4 810/30/4 849/30/4
f 726/66/1 950/66/1 940/24/1
f 711/7/1 935/7/1 949/8/1
f 720/17/1 724/29/1 948/29/1
f 721/13/1 723/30/1 947/30/1
f 73/31/1 856/31/1 845/23/1
f 709/19/1 933/19/1 946/32/1
f 73/31/1 57/8/1 851/8/1
f 712/12/1 705/27/1 929/27/1
f 710/16/1 703/28/1 927/28/1
f 637/2/1 636/18/1 700/18/1
f 616/12/1 617/11/1 681/11/1
f 659/30/1 664/33/1 728/33/1
f 639/28/1 638/14/1 702/14/1
f 611/22/1 618/26/1 682/26/1
f 664/33/1 658/32/1 722/32/1
f 641/27/1 640/10/1 704/10/1
f 617/11/1 619/25/1 683/25/1
f 665/31/1 661/8/1 725/8/1
f 643/22/1 642/3/1 706/3/1
f 620/24/1 621/20/1 685/20/1
f 654/23/1 665/31/1 729/31/1
f 645/19/1 644/1/1 708/1/1
f 622/23/1 623/9/1 687/9/1
f 647/7/1 646/16/1 710/16/1
f 621/20/1 602/21/1 666/21/1
f 649/11/1 648/12/1 712/12/1
f 624/17/1 604/18/1 668/18/1
f 650/26/1 643/22/1 707/22/1
f 625/13/1 606/14/1 670/14/1
f 651/25/1 649/11/1 713/11/1
f 623/9/1 608/10/1 672/10/1
f 653/20/1 652/24/1 716/24/1
f 603/4/1 610/3/1 674/3/1
f 655/9/1 654/23/1 718/23/1
f 605/2/1 612/1/1 676/1/1
f 634/21/1 653/20/1 717/20/1
f 607/28/1 614/16/1 678/16/1
f 636/18/1 656/17/1 720/17/1
f 609/27/1 616/12/1 680/12/1
f 638/14/1 657/13/1 721/13/1
f 613/19/1 626/32/1 690/32/1
f 730/34/1 731/63/1 737/35/1
f 741/39/1 740/61/1 732/40/1
f 742/32/1 743/68/1 744/42/1
f 745/44/1 738/65/1 755/45/1
f 735/48/1 736/69/1 746/49/1
f 733/53/1 734/62/1 750/15/1
f 751/56/1 752/60/1 753/57/1
f 739/37/1 757/59/1 751/56/1
f 758/58/1 753/57/1 734/62/1
f 732/40/1 758/58/1 733/53/1
f 753/57/1 759/55/1 754/6/1
f 760/54/1 750/15/1 749/64/1
f 731/63/1 733/53/1 760/54/1
f 738/65/1 748/51/1 761/52/1
f 747/67/1 745/44/1 763/46/1
f 764/43/1 744/42/1 736/69/1
f 765/41/1 732/40/1 731/63/1
f 744/42/1 765/41/1 730/34/1
f 743/68/1 741/39/1 765/41/1
f 766/38/1 739/37/1 740/61/1
f 767/36/1 737/35/1 738/65/1
f 746/49/1 767/36/1 745/44/1
f 734/62/1 754/6/1 768/5/1
f 767/36/6 780/36/6 772/34/6
f 784/17/106 785/18/106 787/50/106
f 782/18/107 785/18/107 784/17/107
f 783/29/108 781/17/108 784/17/108
f 579/29/6 521/29/6 783/29/6
f 565/18/3 594/50/3 787/50/3
f 489/17/8 501/18/8 782/18/8
f 791/19/109 792/32/109 793/43/109
f 789/32/110 792/32/110 791/19/110
f 557/1/111 788/19/111 791/19/111
f 571/1/4 790/1/4 793/43/4
f 577/32/6 792/32/6 789/32/6
f 867/25/8 877/5/8 872/15/8
f 865/11/8 867/25/8 880/25/8
f 957/37/84 955/28/84 954/14/84
f 958/59/84 956/16/84 955/28/84
f 960/14/85 961/28/85 963/37/85
f 961/28/85 962/16/85 964/59/85
f 956/16/3 962/16/3 961/28/3
f 955/28/3 961/28/3 960/14/3
f 502/14/2 544/38/2 959/38/2
f 532/59/4 958/59/4 957/37/4
f 515/37/4 957/37/4 959/38/4
f 572/16/6 590/59/6 964/59/6
f 966/12/86 481/27/86 550/6/86
f 968/6/87 969/27/87 970/12/87
f 966/12/6 970/12/6 969/27/6
f 568/6/4 551/27/4 969/27/4
f 568/6/6 968/6/6 971/5/6
f 482/27/4 481/27/4 969/27/4
f 504/6/4 550/6/4 481/27/4
f 546/5/3 511/12/3 966/12/3
f 973/45/1 974/52/1 975/21/1
f 973/45/2 972/4/2 548/4/2
f 974/52/3 973/45/3 569/45/3
f 975/21/6 974/52/6 592/52/6
f 972/4/4 975/21/4 564/21/4
f 978/4/2 977/4/2 479/4/2
f 979/21/1 978/4/1 548/4/1
f 980/47/1 981/26/1 996/26/1
f 522/26/1 981/26/1 980/47/1
f 497/67/1 982/67/1 981/26/1
f 521/29/1 983/29/1 982/67/1
f 539/47/1 980/47/1 983/29/1
f 995/47/1 992/47/1 1009/47/1
f 579/29/1 985/29/1 984/47/1
f 561/67/1 986/67/1 985/29/1
f 580/26/1 987/26/1 986/67/1
f 595/47/1 984/47/1 987/26/1
f 991/26/1 988/26/1 1005/26/1
f 539/47/1 989/47/1 988/26/1
f 595/47/1 990/47/1 989/47/1
f 580/26/1 991/26/1 990/47/1
f 522/26/1 988/26/1 991/26/1
f 994/29/1 995/47/1 1011/47/1
f 521/29/1 993/29/1 992/47/1
f 579/29/1 994/29/1 993/29/1
f 595/47/1 995/47/1 994/29/1
f 539/47/1 992/47/1 995/47/1
f 984/47/1 985/29/1 1000/29/1
f 981/26/1 982/67/1 998/67/1
f 988/26/1 989/47/1 1004/47/1
f 985/29/1 986/67/1 1002/67/1
f 992/47/1 993/29/1 1008/29/1
f 982/67/1 983/29/1 999/29/1
f 989/47/1 990/47/1 1006/47/1
f 986/67/1 987/26/1 1003/26/1
f 993/29/1 994/29/1 1010/29/1
f 983/29/1 980/47/1 997/47/1
f 990/47/1 991/26/1 1007/26/1
f 987/26/1 984/47/1 1001/47/1
f 1020/47/4 1022/47/4 1023/26/4
f 1016/29/1 1018/67/1 1019/26/1
f 1005/26/6 1021/26/6 1023/26/6
f 1000/29/2 1016/29/2 1017/47/2
f 1002/67/3 1018/67/3 1016/29/3
f 1010/29/3 1026/29/3 1024/29/3
f 1003/26/6 1019/26/6 1018/67/6
f 1001/47/4 1017/47/4 1019/26/4
f 1004/47/8 1020/47/8 1021/26/8
f 998/67/6 1014/67/6 1012/26/6
usemtl b
f 1/19/3 809/32/3 2/32/3
f 4/33/3 810/30/3 3/30/3
f 816/23/17 1074/9/17 817/9/17
f 803/1/18 1031/2/18 1043/1/18
f 801/3/19 1029/4/19 1041/3/19
f 799/10/20 1035/27/20 800/27/20
f 811/29/21 1079/17/21 819/17/21
f 814/24/22 1071/20/22 815/20/22
f 797/14/23 1033/28/23 798/28/23
f 816/23/24 1096/31/24 1073/23/24
f 807/12/25 1048/11/25 808/11/25
f 795/18/26 1031/2/26 796/2/26
f 810/30/27 1080/13/27 820/13/27
f 818/8/28 1096/31/28 824/31/28
f 813/25/29 1048/11/29 1067/25/29
f 811/29/30 1088/47/30 1063/29/30
f 805/16/31 1046/7/31 806/7/31
f 553/21/32 1029/4/32 794/4/32
f 812/26/33 1088/47/33 822/47/33
f 818/8/34 1046/7/34 1078/8/34
f 804/19/35 1043/1/35 1044/19/35
f 809/32/36 1044/19/36 1058/32/36
f 812/26/37 1042/22/37 1065/26/37
f 799/10/38 1074/9/38 1034/10/38
f 801/3/39 1042/22/39 802/22/39
f 797/14/40 1080/13/40 1032/14/40
f 795/18/41 1079/17/41 1030/18/41
f 553/21/42 1071/20/42 1028/21/42
f 813/25/43 1086/66/43 821/66/43
f 814/24/44 1086/66/44 1070/24/44
f 809/32/45 1090/33/45 823/33/45
f 807/12/46 1035/27/46 1047/12/46
f 810/30/47 1090/33/47 1061/30/47
f 805/16/48 1033/28/48 1045/16/48
f 1095/5/88 1035/27/88 1036/6/88
f 1053/35/8 1037/34/8 1094/36/8
f 1093/38/89 1033/28/89 1032/14/89
f 1092/41/8 1056/61/8 1057/39/8
f 1091/43/90 1059/68/90 1058/32/90
f 1039/45/8 1062/44/8 1089/46/8
f 1065/26/91 1063/29/91 1088/47/91
f 1066/49/8 1051/48/8 1087/50/8
f 1085/52/8 1069/64/8 1068/51/8
f 1084/54/8 1050/62/8 1049/53/8
f 1034/10/92 1073/23/92 1083/55/92
f 1077/57/8 1075/56/8 1082/58/8
f 1078/8/93 1045/16/93 1081/59/93
f 1076/60/8 1081/59/8 1075/56/8
f 1075/56/8 1055/37/8 1056/61/8
f 1081/59/89 1033/28/89 1055/37/89
f 1050/62/8 1082/58/8 1049/53/8
f 1049/53/8 1040/40/8 1038/63/8
f 1082/58/8 1056/61/8 1040/40/8
f 1035/27/88 1083/55/88 1036/6/88
f 1036/6/8 1077/57/8 1050/62/8
f 1083/55/8 1076/60/8 1077/57/8
f 1068/51/8 1072/15/8 1084/54/8
f 1054/65/8 1084/54/8 1053/35/8
f 1084/54/8 1038/63/8 1053/35/8
f 1028/21/94 1070/24/94 1085/52/94
f 1029/4/95 1085/52/95 1039/45/95
f 1039/45/8 1068/51/8 1054/65/8
f 1070/24/96 1067/25/96 1069/64/96
f 1064/67/97 1087/50/97 1063/29/97
f 1063/29/98 1030/18/98 1079/17/98
f 1087/50/99 1031/2/99 1030/18/99
f 1029/4/95 1089/46/95 1041/3/95
f 1041/3/100 1065/26/100 1042/22/100
f 1089/46/97 1064/67/97 1065/26/97
f 1058/32/101 1061/30/101 1090/33/101
f 1051/48/8 1060/42/8 1091/43/8
f 1051/48/99 1043/1/99 1031/2/99
f 1043/1/102 1058/32/102 1044/19/102
f 1038/63/8 1092/41/8 1037/34/8
f 1052/69/8 1092/41/8 1060/42/8
f 1060/42/8 1057/39/8 1059/68/8
f 1057/39/8 1055/37/8 1093/38/8
f 1059/68/90 1093/38/90 1061/30/90
f 1061/30/103 1032/14/103 1080/13/103
f 1054/65/8 1094/36/8 1062/44/8
f 1062/44/8 1066/49/8 1064/67/8
f 1094/36/8 1052/69/8 1066/49/8
f 1067/25/104 1047/12/104 1095/5/104
f 1069/64/8 1095/5/8 1072/15/8
f 1072/15/8 1036/6/8 1050/62/8
f 1073/23/105 1078/8/105 1076/60/105
f 1/19/3 804/19/3 809/32/3
f 4/33/3 823/33/3 810/30/3
f 816/23/112 1073/23/112 1074/9/112
f 803/1/26 796/2/26 1031/2/26
f 801/3/32 794/4/32 1029/4/32
f 799/10/113 1034/10/113 1035/27/113
f 811/29/114 1063/29/114 1079/17/114
f 814/24/115 1070/24/115 1071/20/115
f 797/14/116 1032/14/116 1033/28/116
f 816/23/117 824/31/117 1096/31/117
f 807/12/118 1047/12/118 1048/11/118
f 795/18/119 1030/18/119 1031/2/119
f 810/30/27 1061/30/27 1080/13/27
f 818/8/120 1078/8/120 1096/31/120
f 813/25/121 808/11/121 1048/11/121
f 811/29/122 822/47/122 1088/47/122
f 805/16/123 1045/16/123 1046/7/123
f 553/21/124 1028/21/124 1029/4/124
f 812/26/125 1065/26/125 1088/47/125
f 818/8/126 806/7/126 1046/7/126
f 804/19/127 803/1/127 1043/1/127
f 809/32/128 804/19/128 1044/19/128
f 812/26/129 802/22/129 1042/22/129
f 799/10/130 817/9/130 1074/9/130
f 801/3/131 1041/3/131 1042/22/131
f 797/14/132 820/13/132 1080/13/132
f 795/18/133 819/17/133 1079/17/133
f 553/21/134 815/20/134 1071/20/134
f 813/25/135 1067/25/135 1086/66/135
f 814/24/136 821/66/136 1086/66/136
f 809/32/137 1058/32/137 1090/33/137
f 807/12/20 800/27/20 1035/27/20
f 810/30/138 823/33/138 1090/33/138
f 805/16/23 798/28/23 1033/28/23
f 1095/5/88 1047/12/88 1035/27/88
f 1053/35/8 1038/63/8 1037/34/8
f 1093/38/89 1055/37/89 1033/28/89
f 1092/41/8 1040/40/8 1056/61/8
f 1091/43/8 1060/42/8 1059/68/8
f 1039/45/8 1054/65/8 1062/44/8
f 1065/26/97 1064/67/97 1063/29/97
f 1066/49/8 1052/69/8 1051/48/8
f 1085/52/96 1070/24/96 1069/64/96
f 1084/54/8 1072/15/8 1050/62/8
f 1034/10/151 1074/9/151 1073/23/151
f 1077/57/8 1076/60/8 1075/56/8
f 1078/8/152 1046/7/152 1045/16/152
f 1076/60/105 1078/8/105 1081/59/105
f 1075/56/8 1081/59/8 1055/37/8
f 1081/59/89 1045/16/89 1033/28/89
f 1050/62/8 1077/57/8 1082/58/8
f 1049/53/8 1082/58/8 1040/40/8
f 1082/58/8 1075/56/8 1056/61/8
f 1035/27/88 1034/10/88 1083/55/88
f 1036/6/8 1083/55/8 1077/57/8
f 1083/55/105 1073/23/105 1076/60/105
f 1068/51/8 1069/64/8 1072/15/8
f 1054/65/8 1068/51/8 1084/54/8
f 1084/54/8 1049/53/8 1038/63/8
f 1028/21/153 1071/20/153 1070/24/153
f 1029/4/95 1028/21/95 1085/52/95
f 1039/45/8 1085/52/8 1068/51/8
f 1070/24/154 1086/66/154 1067/25/154
f 1064/67/8 1066/49/8 1087/50/8
f 1063/29/155 1087/50/155 1030/18/155
f 1087/50/99 1051/48/99 1031/2/99
f 1029/4/95 1039/45/95 1089/46/95
f 1041/3/156 1089/46/156 1065/26/156
f 1089/46/8 1062/44/8 1064/67/8
f 1058/32/90 1059/68/90 1061/30/90
f 1051/48/8 1052/69/8 1060/42/8
f 1051/48/99 1091/43/99 1043/1/99
f 1043/1/157 1091/43/157 1058/32/157
f 1038/63/8 1040/40/8 1092/41/8
f 1052/69/8 1037/34/8 1092/41/8
f 1060/42/8 1092/41/8 1057/39/8
f 1057/39/8 1056/61/8 1055/37/8
f 1059/68/8 1057/39/8 1093/38/8
f 1061/30/158 1093/38/158 1032/14/158
f 1054/65/8 1053/35/8 1094/36/8
f 1062/44/8 1094/36/8 1066/49/8
f 1094/36/8 1037/34/8 1052/69/8
f 1067/25/159 1048/11/159 1047/12/159
f 1069/64/96 1067/25/96 1095/5/96
f 1072/15/8 1095/5/8 1036/6/8
f 1073/23/160 1096/31/160 1078/8/160
usemtl c
f 603/4/4 878/3/4 610/3/4
f 621/20/5 882/21/5 602/21/5
f 94/6/3 860/27/3 76/27/3
f 620/24/6 881/20/6 621/20/6
f 617/11/4 880/25/4 619/25/4
f 611/22/2 888/26/2 618/26/2
f 616/12/7 887/11/7 617/11/7
f 697/31/8 910/23/8 921/31/8
f 610/3/9 879/22/9 611/22/9
f 697/31/8 917/8/8 693/8/8
f 696/33/8 914/32/8 690/32/8
f 631/47/10 875/47/10 125/47/10
f 3/30/3 67/33/3 4/33/3
f 696/33/8 915/30/8 920/33/8
f 100/12/3 886/12/3 616/12/3
f 695/47/8 916/29/8 919/47/8
f 602/21/4 885/4/4 603/4/4
f 695/47/8 906/26/8 682/26/8
f 76/27/6 864/12/6 100/12/6
f 694/66/8 907/25/8 683/25/8
f 2/32/3 11/19/3 1/19/3
f 694/66/8 908/24/8 918/66/8
f 679/7/8 917/8/8 903/7/8
f 1/19/3 836/19/3 804/19/3
f 688/17/8 916/29/8 692/29/8
f 689/13/8 915/30/8 691/30/8
f 677/19/8 914/32/8 901/19/8
f 680/12/8 897/27/8 673/27/8
f 678/16/8 895/28/8 671/28/8
f 104/37/8 92/14/8 130/38/8
f 111/26/8 110/29/8 125/47/8
f 676/1/8 893/2/8 669/2/8
f 93/10/8 115/23/8 121/55/8
f 118/8/8 99/16/8 119/59/8
f 90/60/8 119/59/8 116/56/8
f 119/59/8 75/28/8 104/37/8
f 76/27/8 121/55/8 94/6/8
f 121/55/8 90/60/8 117/57/8
f 674/3/8 891/4/8 667/4/8
f 110/29/8 91/18/8 80/17/8
f 124/50/8 74/2/8 91/18/8
f 687/9/8 896/10/8 911/9/8
f 689/13/8 894/14/8 913/13/8
f 87/68/8 127/33/8 106/32/8
f 102/48/8 98/1/8 74/2/8
f 128/43/8 78/19/8 98/1/8
f 130/38/8 81/13/8 108/30/8
f 688/17/8 892/18/8 912/17/8
f 115/23/8 118/8/8 90/60/8
f 133/31/8 622/23/8 633/31/8
f 133/31/8 629/8/8 118/8/8
f 125/47/8 628/29/8 631/47/8
f 685/20/8 890/21/8 909/20/8
f 79/7/8 629/8/8 615/7/8
f 79/7/8 614/16/8 99/16/8
f 78/19/8 612/1/8 98/1/8
f 82/9/8 608/10/8 623/9/8
f 81/13/8 606/14/8 625/13/8
f 80/17/8 604/18/8 624/17/8
f 687/9/8 910/23/8 686/23/8
f 76/27/8 608/10/8 93/10/8
f 75/28/8 606/14/8 92/14/8
f 82/9/8 622/23/8 115/23/8
f 235/12/8 228/6/8 270/5/8
f 239/37/8 226/14/8 268/38/8
f 242/42/8 241/32/8 266/43/8
f 246/26/8 245/29/8 263/47/8
f 250/24/8 249/51/8 260/52/8
f 227/10/8 252/23/8 258/55/8
f 255/8/8 234/16/8 256/59/8
f 256/59/8 205/28/8 239/37/8
f 206/27/8 258/55/8 228/6/8
f 212/20/8 260/52/8 224/21/8
f 224/21/8 230/45/8 203/4/8
f 261/66/8 222/64/8 250/24/8
f 221/67/8 262/50/8 245/29/8
f 245/29/8 225/18/8 213/17/8
f 262/50/8 204/2/8 225/18/8
f 203/4/8 264/46/8 232/3/8
f 232/3/8 246/26/8 208/22/8
f 220/68/8 265/33/8 241/32/8
f 237/48/8 233/1/8 204/2/8
f 266/43/8 209/19/8 233/1/8
f 268/38/8 214/13/8 243/30/8
f 211/11/8 270/5/8 248/25/8
f 248/25/8 251/15/8 222/64/8
f 252/23/8 255/8/8 223/60/8
f 234/16/3 274/28/3 205/28/3
f 205/28/3 295/14/3 226/14/3
f 243/30/3 334/33/3 265/33/3
f 235/12/6 275/27/6 206/27/6
f 206/27/6 296/10/6 227/10/6
f 265/33/2 310/32/2 241/32/2
f 250/24/4 330/66/4 261/66/4
f 261/66/6 317/25/6 248/25/6
f 224/21/4 281/20/4 212/20/4
f 225/18/2 282/17/2 213/17/2
f 226/14/3 283/13/3 214/13/3
f 208/22/4 301/3/4 232/3/4
f 227/10/6 284/9/6 215/9/6
f 246/26/2 277/22/2 208/22/2
f 241/32/3 278/19/3 209/19/3
f 209/19/2 302/1/2 233/1/2
f 255/8/6 279/7/6 210/7/6
f 263/47/4 315/26/4 246/26/4
f 210/7/3 303/16/3 234/16/3
f 245/29/2 332/47/2 263/47/2
f 248/25/4 280/11/4 211/11/4
f 271/31/3 324/8/3 255/8/3
f 214/13/2 312/30/2 243/30/2
f 211/11/6 304/12/6 235/12/6
f 252/23/6 340/31/6 271/31/6
f 212/20/6 319/24/6 250/24/6
f 213/17/4 314/29/4 245/29/4
f 232/3/4 272/4/4 203/4/4
f 203/4/4 293/21/4 224/21/4
f 233/1/2 273/2/2 204/2/2
f 204/2/2 294/18/2 225/18/2
f 215/9/3 321/23/3 252/23/3
f 377/37/8 364/14/8 406/38/8
f 384/26/8 383/29/8 401/47/8
f 388/24/8 387/51/8 398/52/8
f 365/10/8 390/23/8 396/55/8
f 393/8/8 372/16/8 394/59/8
f 361/60/8 394/59/8 391/56/8
f 394/59/8 343/28/8 377/37/8
f 344/27/8 396/55/8 366/6/8
f 396/55/8 361/60/8 392/57/8
f 350/20/8 398/52/8 362/21/8
f 362/21/8 368/45/8 341/4/8
f 399/66/8 360/64/8 388/24/8
f 359/67/8 400/50/8 383/29/8
f 383/29/8 363/18/8 351/17/8
f 341/4/8 402/46/8 370/3/8
f 370/3/8 384/26/8 346/22/8
f 402/46/8 359/67/8 384/26/8
f 358/68/8 403/33/8 379/32/8
f 404/43/8 347/19/8 371/1/8
f 406/38/8 352/13/8 381/30/8
f 349/11/8 408/5/8 386/25/8
f 386/25/8 389/15/8 360/64/8
f 390/23/8 393/8/8 361/60/8
f 372/16/3 412/28/3 343/28/3
f 343/28/3 433/14/3 364/14/3
f 381/30/3 472/33/3 403/33/3
f 344/27/6 434/10/6 365/10/6
f 403/33/2 448/32/2 379/32/2
f 388/24/4 468/66/4 399/66/4
f 399/66/6 455/25/6 386/25/6
f 362/21/4 419/20/4 350/20/4
f 363/18/2 420/17/2 351/17/2
f 364/14/3 421/13/3 352/13/3
f 346/22/4 439/3/4 370/3/4
f 365/10/6 422/9/6 353/9/6
f 384/26/2 415/22/2 346/22/2
f 379/32/3 416/19/3 347/19/3
f 347/19/2 440/1/2 371/1/2
f 393/8/6 417/7/6 348/7/6
f 401/47/4 453/26/4 384/26/4
f 348/7/3 441/16/3 372/16/3
f 383/29/2 470/47/2 401/47/2
f 386/25/4 418/11/4 349/11/4
f 409/31/3 462/8/3 393/8/3
f 352/13/2 450/30/2 381/30/2
f 349/11/6 442/12/6 373/12/6
f 390/23/6 478/31/6 409/31/6
f 350/20/6 457/24/6 388/24/6
f 351/17/4 452/29/4 383/29/4
f 370/3/4 410/4/4 341/4/4
f 341/4/4 431/21/4 362/21/4
f 353/9/3 459/23/3 390/23/3
f 572/16/6 956/16/6 510/16/6
f 997/47/2 1015/29/2 999/29/2
f 510/16/6 958/59/6 532/59/6
f 586/23/1 567/10/1 591/55/1
f 592/52/1 556/20/1 564/21/1
f 500/21/4 556/20/4 488/20/4
f 503/10/6 559/9/6 491/9/6
f 522/26/2 552/22/2 484/22/2
f 999/29/3 1014/67/3 998/67/3
f 488/20/6 584/24/6 526/24/6
f 491/9/3 586/23/3 528/23/3
f 98/1/8 605/2/8 74/2/8
f 99/16/8 607/28/8 75/28/8
f 100/12/8 609/27/8 76/27/8
f 127/33/8 627/30/8 632/33/8
f 127/33/8 626/32/8 106/32/8
f 78/19/8 626/32/8 613/19/8
f 685/20/8 908/24/8 684/24/8
f 81/13/8 627/30/8 108/30/8
f 80/17/8 628/29/8 110/29/8
f 74/2/8 604/18/8 91/18/8
f 681/11/8 907/25/8 905/11/8
f 675/22/8 906/26/8 899/22/8
f 681/11/8 904/12/8 680/12/8
f 679/7/8 902/16/8 678/16/8
f 4/33/3 854/33/3 823/33/3
f 677/19/8 900/1/8 676/1/8
f 675/22/8 898/3/8 674/3/8
f 672/10/8 897/27/8 896/10/8
f 670/14/8 895/28/8 894/14/8
f 668/18/8 893/2/8 892/18/8
f 618/26/4 889/47/4 631/47/4
f 666/21/8 891/4/8 890/21/8
f 619/25/6 883/66/6 630/66/6
f 630/66/4 884/24/4 620/24/4
f 571/1/4 557/1/4 790/1/4
f 805/16/49 830/28/49 798/28/49
f 798/28/49 829/14/49 797/14/49
f 807/12/50 832/27/50 800/27/50
f 800/27/50 831/10/50 799/10/50
f 823/33/51 855/32/51 809/32/51
f 821/66/52 843/24/52 852/66/52
f 821/66/53 842/25/53 813/25/53
f 815/20/54 825/21/54 844/20/54
f 819/17/55 827/18/55 847/17/55
f 820/13/56 829/14/56 848/13/56
f 802/22/57 833/3/57 801/3/57
f 817/9/58 831/10/58 846/9/58
f 802/22/59 841/26/59 834/22/59
f 804/19/60 835/1/60 803/1/60
f 806/7/61 851/8/61 838/7/61
f 822/47/62 841/26/62 812/26/62
f 806/7/63 837/16/63 805/16/63
f 822/47/59 850/29/59 853/47/59
f 808/11/52 842/25/52 840/11/52
f 824/31/64 851/8/64 818/8/64
f 820/13/65 849/30/65 810/30/65
f 808/11/66 839/12/66 807/12/66
f 824/31/61 845/23/61 856/31/61
f 815/20/53 843/24/53 814/24/53
f 819/17/62 850/29/62 811/29/62
f 801/3/67 826/4/67 794/4/67
f 794/4/67 825/21/67 553/21/67
f 803/1/60 828/2/60 796/2/60
f 796/2/60 827/18/60 795/18/60
f 817/9/64 845/23/64 816/23/64
f 864/12/8 859/6/8 877/5/8
f 870/24/8 868/51/8 873/52/8
f 871/20/8 873/52/8 857/21/8
f 857/21/8 861/45/8 858/4/8
f 874/66/8 869/64/8 870/24/8
f 858/4/8 876/46/8 862/3/8
f 862/3/8 866/26/8 863/22/8
f 865/11/8 877/5/8 867/25/8
f 862/3/8 885/4/8 858/4/8
f 875/47/8 888/26/8 866/26/8
f 865/11/8 886/12/8 864/12/8
f 863/22/8 878/3/8 862/3/8
f 874/66/8 880/25/8 867/25/8
f 871/20/8 882/21/8 881/20/8
f 874/66/8 884/24/8 883/66/8
f 863/22/8 888/26/8 879/22/8
f 871/20/8 884/24/8 870/24/8
f 858/4/8 882/21/8 857/21/8
f 902/16/3 927/28/3 895/28/3
f 895/28/3 926/14/3 894/14/3
f 915/30/3 952/33/3 920/33/3
f 904/12/6 929/27/6 897/27/6
f 897/27/6 928/10/6 896/10/6
f 920/33/2 946/32/2 914/32/2
f 908/24/4 950/66/4 918/66/4
f 918/66/6 939/25/6 907/25/6
f 890/21/68 941/20/68 909/20/68
f 892/18/69 944/17/69 912/17/69
f 894/14/70 945/13/70 913/13/70
f 899/22/71 930/3/71 898/3/71
f 896/10/72 943/9/72 911/9/72
f 906/26/73 931/22/73 899/22/73
f 914/32/74 933/19/74 901/19/74
f 901/19/75 932/1/75 900/1/75
f 917/8/76 935/7/76 903/7/76
f 919/47/4 938/26/4 906/26/4
f 903/7/77 934/16/77 902/16/77
f 916/29/2 951/47/2 919/47/2
f 907/25/78 937/11/78 905/11/78
f 921/31/3 949/8/3 917/8/3
f 913/13/79 947/30/79 915/30/79
f 905/11/80 936/12/80 904/12/80
f 910/23/6 953/31/6 921/31/6
f 909/20/81 940/24/81 908/24/81
f 912/17/82 948/29/82 916/29/82
f 898/3/4 923/4/4 891/4/4
f 891/4/4 922/21/4 890/21/4
f 900/1/2 925/2/2 893/2/2
f 893/2/2 924/18/2 892/18/2
f 911/9/83 942/23/83 910/23/83
f 977/4/4 979/21/4 976/21/4
f 977/4/8 500/21/8 479/4/8
f 976/21/6 564/21/6 500/21/6
f 1024/29/2 1027/47/2 1025/47/2
f 1012/26/8 1015/29/8 1013/47/8
f 1008/29/8 1025/47/8 1009/47/8
f 1011/47/1 1026/29/1 1010/29/1
f 996/26/4 1013/47/4 997/47/4
f 1009/47/4 1027/47/4 1011/47/4
f 603/4/4 885/4/4 878/3/4
f 621/20/5 881/20/5 882/21/5
f 94/6/3 859/6/3 860/27/3
f 620/24/6 884/24/6 881/20/6
f 617/11/4 887/11/4 880/25/4
f 611/22/2 879/22/2 888/26/2
f 616/12/7 886/12/7 887/11/7
f 697/31/8 686/23/8 910/23/8
f 610/3/9 878/3/9 879/22/9
f 697/31/8 921/31/8 917/8/8
f 696/33/8 920/33/8 914/32/8
f 631/47/10 889/47/10 875/47/10
f 3/30/3 45/30/3 67/33/3
f 696/33/8 691/30/8 915/30/8
f 100/12/3 864/12/3 886/12/3
f 695/47/8 692/29/8 916/29/8
f 602/21/4 882/21/4 885/4/4
f 695/47/8 919/47/8 906/26/8
f 76/27/6 860/27/6 864/12/6
f 694/66/8 918/66/8 907/25/8
f 2/32/3 43/32/3 11/19/3
f 694/66/8 684/24/8 908/24/8
f 679/7/8 693/8/8 917/8/8
f 1/19/3 11/19/3 836/19/3
f 688/17/8 912/17/8 916/29/8
f 689/13/8 913/13/8 915/30/8
f 677/19/8 690/32/8 914/32/8
f 680/12/8 904/12/8 897/27/8
f 678/16/8 902/16/8 895/28/8
f 104/37/8 75/28/8 92/14/8
f 111/26/8 88/67/8 110/29/8
f 676/1/8 900/1/8 893/2/8
f 93/10/8 82/9/8 115/23/8
f 118/8/8 79/7/8 99/16/8
f 90/60/8 118/8/8 119/59/8
f 119/59/8 99/16/8 75/28/8
f 76/27/8 93/10/8 121/55/8
f 121/55/8 115/23/8 90/60/8
f 674/3/8 898/3/8 891/4/8
f 110/29/8 124/50/8 91/18/8
f 124/50/8 102/48/8 74/2/8
f 687/9/8 672/10/8 896/10/8
f 689/13/8 670/14/8 894/14/8
f 87/68/8 108/30/8 127/33/8
f 102/48/8 128/43/8 98/1/8
f 128/43/8 106/32/8 78/19/8
f 130/38/8 92/14/8 81/13/8
f 688/17/8 668/18/8 892/18/8
f 115/23/8 133/31/8 118/8/8
f 133/31/8 115/23/8 622/23/8
f 133/31/8 633/31/8 629/8/8
f 125/47/8 110/29/8 628/29/8
f 685/20/8 666/21/8 890/21/8
f 79/7/8 118/8/8 629/8/8
f 79/7/8 615/7/8 614/16/8
f 78/19/8 613/19/8 612/1/8
f 82/9/8 93/10/8 608/10/8
f 81/13/8 92/14/8 606/14/8
f 80/17/8 91/18/8 604/18/8
f 687/9/8 911/9/8 910/23/8
f 76/27/8 609/27/8 608/10/8
f 75/28/8 607/28/8 606/14/8
f 82/9/8 623/9/8 622/23/8
f 235/12/8 206/27/8 228/6/8
f 239/37/8 205/28/8 226/14/8
f 242/42/8 220/68/8 241/32/8
f 246/26/8 221/67/8 245/29/8
f 250/24/8 222/64/8 249/51/8
f 227/10/8 215/9/8 252/23/8
f 255/8/8 210/7/8 234/16/8
f 256/59/8 234/16/8 205/28/8
f 206/27/8 227/10/8 258/55/8
f 212/20/8 250/24/8 260/52/8
f 224/21/8 260/52/8 230/45/8
f 261/66/8 248/25/8 222/64/8
f 221/67/8 247/49/8 262/50/8
f 245/29/8 262/50/8 225/18/8
f 262/50/8 237/48/8 204/2/8
f 203/4/8 230/45/8 264/46/8
f 232/3/8 264/46/8 246/26/8
f 220/68/8 243/30/8 265/33/8
f 237/48/8 266/43/8 233/1/8
f 266/43/8 241/32/8 209/19/8
f 268/38/8 226/14/8 214/13/8
f 211/11/8 235/12/8 270/5/8
f 248/25/8 270/5/8 251/15/8
f 252/23/8 271/31/8 255/8/8
f 234/16/3 303/16/3 274/28/3
f 205/28/3 274/28/3 295/14/3
f 243/30/3 312/30/3 334/33/3
f 235/12/6 304/12/6 275/27/6
f 206/27/6 275/27/6 296/10/6
f 265/33/2 334/33/2 310/32/2
f 250/24/4 319/24/4 330/66/4
f 261/66/6 330/66/6 317/25/6
f 224/21/4 293/21/4 281/20/4
f 225/18/2 294/18/2 282/17/2
f 226/14/3 295/14/3 283/13/3
f 208/22/4 277/22/4 301/3/4
f 227/10/6 296/10/6 284/9/6
f 246/26/2 315/26/2 277/22/2
f 241/32/3 310/32/3 278/19/3
f 209/19/2 278/19/2 302/1/2
f 255/8/6 324/8/6 279/7/6
f 263/47/4 332/47/4 315/26/4
f 210/7/3 279/7/3 303/16/3
f 245/29/2 314/29/2 332/47/2
f 248/25/4 317/25/4 280/11/4
f 271/31/3 340/31/3 324/8/3
f 214/13/2 283/13/2 312/30/2
f 211/11/6 280/11/6 304/12/6
f 252/23/6 321/23/6 340/31/6
f 212/20/6 281/20/6 319/24/6
f 213/17/4 282/17/4 314/29/4
f 232/3/4 301/3/4 272/4/4
f 203/4/4 272/4/4 293/21/4
f 233/1/2 302/1/2 273/2/2
f 204/2/2 273/2/2 294/18/2
f 215/9/3 284/9/3 321/23/3
f 377/37/8 343/28/8 364/14/8
f 384/26/8 359/67/8 383/29/8
f 388/24/8 360/64/8 387/51/8
f 365/10/8 353/9/8 390/23/8
f 393/8/8 348/7/8 372/16/8
f 361/60/8 393/8/8 394/59/8
f 394/59/8 372/16/8 343/28/8
f 344/27/8 365/10/8 396/55/8
f 396/55/8 390/23/8 361/60/8
f 350/20/8 388/24/8 398/52/8
f 362/21/8 398/52/8 368/45/8
f 399/66/8 386/25/8 360/64/8
f 359/67/8 385/49/8 400/50/8
f 383/29/8 400/50/8 363/18/8
f 341/4/8 368/45/8 402/46/8
f 370/3/8 402/46/8 384/26/8
f 402/46/8 382/44/8 359/67/8
f 358/68/8 381/30/8 403/33/8
f 404/43/8 379/32/8 347/19/8
f 406/38/8 364/14/8 352/13/8
f 349/11/8 373/12/8 408/5/8
f 386/25/8 408/5/8 389/15/8
f 390/23/8 409/31/8 393/8/8
f 372/16/3 441/16/3 412/28/3
f 343/28/3 412/28/3 433/14/3
f 381/30/3 450/30/3 472/33/3
f 344/27/6 413/27/6 434/10/6
f 403/33/2 472/33/2 448/32/2
f 388/24/4 457/24/4 468/66/4
f 399/66/6 468/66/6 455/25/6
f 362/21/4 431/21/4 419/20/4
f 363/18/2 432/18/2 420/17/2
f 364/14/3 433/14/3 421/13/3
f 346/22/4 415/22/4 439/3/4
f 365/10/6 434/10/6 422/9/6
f 384/26/2 453/26/2 415/22/2
f 379/32/3 448/32/3 416/19/3
f 347/19/2 416/19/2 440/1/2
f 393/8/6 462/8/6 417/7/6
f 401/47/4 470/47/4 453/26/4
f 348/7/3 417/7/3 441/16/3
f 383/29/2 452/29/2 470/47/2
f 386/25/4 455/25/4 418/11/4
f 409/31/3 478/31/3 462/8/3
f 352/13/2 421/13/2 450/30/2
f 349/11/6 418/11/6 442/12/6
f 390/23/6 459/23/6 478/31/6
f 350/20/6 419/20/6 457/24/6
f 351/17/4 420/17/4 452/29/4
f 370/3/4 439/3/4 410/4/4
f 341/4/4 410/4/4 431/21/4
f 353/9/3 422/9/3 459/23/3
f 572/16/6 962/16/6 956/16/6
f 997/47/2 1013/47/2 1015/29/2
f 510/16/6 956/16/6 958/59/6
f 586/23/1 559/9/1 567/10/1
f 592/52/1 584/24/1 556/20/1
f 500/21/4 564/21/4 556/20/4
f 503/10/6 567/10/6 559/9/6
f 522/26/2 580/26/2 552/22/2
f 999/29/3 1015/29/3 1014/67/3
f 488/20/6 556/20/6 584/24/6
f 491/9/3 559/9/3 586/23/3
f 98/1/8 612/1/8 605/2/8
f 99/16/8 614/16/8 607/28/8
f 100/12/8 616/12/8 609/27/8
f 127/33/8 108/30/8 627/30/8
f 127/33/8 632/33/8 626/32/8
f 78/19/8 106/32/8 626/32/8
f 685/20/8 909/20/8 908/24/8
f 81/13/8 625/13/8 627/30/8
f 80/17/8 624/17/8 628/29/8
f 74/2/8 605/2/8 604/18/8
f 681/11/8 683/25/8 907/25/8
f 675/22/8 682/26/8 906/26/8
f 681/11/8 905/11/8 904/12/8
f 679/7/8 903/7/8 902/16/8
f 4/33/3 67/33/3 854/33/3
f 677/19/8 901/19/8 900/1/8
f 675/22/8 899/22/8 898/3/8
f 672/10/8 673/27/8 897/27/8
f 670/14/8 671/28/8 895/28/8
f 668/18/8 669/2/8 893/2/8
f 618/26/4 888/26/4 889/47/4
f 666/21/8 667/4/8 891/4/8
f 619/25/6 880/25/6 883/66/6
f 630/66/4 883/66/4 884/24/4
f 571/1/4 509/1/4 557/1/4
f 805/16/49 837/16/49 830/28/49
f 798/28/49 830/28/49 829/14/49
f 807/12/50 839/12/50 832/27/50
f 800/27/50 832/27/50 831/10/50
f 823/33/60 854/33/60 855/32/60
f 821/66/139 814/24/139 843/24/139
f 821/66/61 852/66/61 842/25/61
f 815/20/140 553/21/140 825/21/140
f 819/17/141 795/18/141 827/18/141
f 820/13/142 797/14/142 829/14/142
f 802/22/143 834/22/143 833/3/143
f 817/9/144 799/10/144 831/10/144
f 802/22/145 812/26/145 841/26/145
f 804/19/60 836/19/60 835/1/60
f 806/7/146 818/8/146 851/8/146
f 822/47/52 853/47/52 841/26/52
f 806/7/147 838/7/147 837/16/147
f 822/47/145 811/29/145 850/29/145
f 808/11/139 813/25/139 842/25/139
f 824/31/148 856/31/148 851/8/148
f 820/13/149 848/13/149 849/30/149
f 808/11/150 840/11/150 839/12/150
f 824/31/146 816/23/146 845/23/146
f 815/20/61 844/20/61 843/24/61
f 819/17/52 847/17/52 850/29/52
f 801/3/67 833/3/67 826/4/67
f 794/4/67 826/4/67 825/21/67
f 803/1/60 835/1/60 828/2/60
f 796/2/60 828/2/60 827/18/60
f 817/9/148 846/9/148 845/23/148
f 864/12/8 860/27/8 859/6/8
f 870/24/8 869/64/8 868/51/8
f 871/20/8 870/24/8 873/52/8
f 857/21/8 873/52/8 861/45/8
f 874/66/8 867/25/8 869/64/8
f 858/4/8 861/45/8 876/46/8
f 862/3/8 876/46/8 866/26/8
f 865/11/8 864/12/8 877/5/8
f 862/3/8 878/3/8 885/4/8
f 875/47/8 889/47/8 888/26/8
f 865/11/8 887/11/8 886/12/8
f 863/22/8 879/22/8 878/3/8
f 874/66/8 883/66/8 880/25/8
f 871/20/8 857/21/8 882/21/8
f 874/66/8 870/24/8 884/24/8
f 863/22/8 866/26/8 888/26/8
f 871/20/8 881/20/8 884/24/8
f 858/4/8 885/4/8 882/21/8
f 902/16/3 934/16/3 927/28/3
f 895/28/3 927/28/3 926/14/3
f 915/30/3 947/30/3 952/33/3
f 904/12/6 936/12/6 929/27/6
f 897/27/6 929/27/6 928/10/6
f 920/33/2 952/33/2 946/32/2
f 908/24/4 940/24/4 950/66/4
f 918/66/6 950/66/6 939/25/6
f 890/21/68 922/21/68 941/20/68
f 892/18/69 924/18/69 944/17/69
f 894/14/70 926/14/70 945/13/70
f 899/22/71 931/22/71 930/3/71
f 896/10/72 928/10/72 943/9/72
f 906/26/73 938/26/73 931/22/73
f 914/32/74 946/32/74 933/19/74
f 901/19/75 933/19/75 932/1/75
f 917/8/76 949/8/76 935/7/76
f 919/47/4 951/47/4 938/26/4
f 903/7/77 935/7/77 934/16/77
f 916/29/2 948/29/2 951/47/2
f 907/25/78 939/25/78 937/11/78
f 921/31/3 953/31/3 949/8/3
f 913/13/79 945/13/79 947/30/79
f 905/11/80 937/11/80 936/12/80
f 910/23/6 942/23/6 953/31/6
f 909/20/81 941/20/81 940/24/81
f 912/17/82 944/17/82 948/29/82
f 898/3/4 930/3/4 923/4/4
f 891/4/4 923/4/4 922/21/4
f 900/1/2 932/1/2 925/2/2
f 893/2/2 925/2/2 924/18/2
f 911/9/83 943/9/83 942/23/83
f 977/4/4 978/4/4 979/21/4
f 977/4/8 976/21/8 500/21/8
f 976/21/6 979/21/6 564/21/6
f 1024/29/2 1026/29/2 1027/47/2
f 1012/26/8 1014/67/8 1015/29/8
f 1008/29/8 1024/29/8 1025/47/8
f 1011/47/1 1027/47/1 1026/29/1
f 996/26/4 1012/26/4 1013/47/4
f 1009/47/4 1025/47/4 1027/47/4
usemtl d
f 751/56/3 773/61/3 740/61/3
f 748/51/6 779/54/6 760/54/6
f 737/35/2 770/65/2 738/65/2
f 773/61/1 778/58/1 774/40/1
f 769/35/1 776/51/1 770/65/1
f 771/69/1 780/36/1 775/49/1
f 740/61/2 774/40/2 732/40/2
f 758/58/6 777/56/6 751/56/6
f 736/69/2 775/49/2 746/49/2
f 738/65/4 776/51/4 748/51/4
f 730/34/3 771/69/3 736/69/3
f 732/40/4 778/58/4 758/58/4
f 746/49/4 780/36/4 767/36/4
f 760/54/3 769/35/3 737/35/3
f 751/56/3 777/56/3 773/61/3
f 748/51/6 776/51/6 779/54/6
f 737/35/2 769/35/2 770/65/2
f 773/61/1 777/56/1 778/58/1
f 769/35/1 779/54/1 776/51/1
f 771/69/1 772/34/1 780/36/1
f 740/61/2 773/61/2 774/40/2
f 758/58/6 778/58/6 777/56/6
f 736/69/2 771/69/2 775/49/2
f 738/65/4 770/65/4 776/51/4
f 730/34/3 772/34/3 771/69/3
f 732/40/4 774/40/4 778/58/4
f 746/49/4 775/49/4 780/36/4
f 760/54/3 779/54/3 769/35/3
o candle
v 0.005845 1.567636 0.060067
v 0.005845 1.567636 0.210067
v 0.155845 1.567636 0.060067
v 0.005845 1.567636 -0.089933
v -0.144155 1.567636 0.060067
v 0.155845 1.567636 -0.089933
v -0.144155 1.567636 -0.089933
v 0.155845 1.567636 0.210067
v -0.144155 1.567636 0.210067
v 0.005845 1.739043 0.210067
v 0.005845 2.132570 0.210067
v 0.155845 1.739043 0.060067
v 0.005845 1.739043 -0.089933
v -0.144155 1.739043 0.060067
v 0.155845 1.739043 -0.089933
v -0.144155 1.739043 -0.089933
v 0.155845 1.739043 0.210067
v -0.144155 1.739043 0.210067
v 0.005845 1.888608 0.210067
v 0.005845 2.340392 0.210067
v 0.155845 1.888608 0.060067
v 0.005845 1.888608 -0.089933
v -0.144155 1.888608 0.060067
v 0.155845 1.888608 -0.089933
v -0.144155 1.888608 -0.089933
v 0.155845 1.888608 0.210067
v -0.144155 1.888608 0.210067
v 0.005845 2.589473 0.210067
v 0.155845 2.132570 0.060067
v 0.005845 2.132570 -0.089933
v -0.144155 2.132570 0.060067
v 0.155845 2.132570 -0.089933
v -0.144155 2.132570 -0.089933
v 0.155845 2.132570 0.210067
v -0.144155 2.132570 0.210067
v 0.155845 2.340392 0.060067
v 0.005845 2.340392 -0.089933
v -0.144155 2.340392 0.060067
v 0.155845 2.340392 -0.089933
v -0.144155 2.340392 -0.089933
v 0.155845 2.340392 0.210067
v -0.144155 2.340392 0.210067
v 0.005845 2.589473 0.060067
v 0.155845 2.589473 0.060067
v 0.005845 2.589473 -0.089933
v -0.144155 2.589473 0.060067
v 0.155845 2.589473 -0.089933
v -0.144155 2.589473 -0.089933
v 0.155845 2.589473 0.210067
v -0.144155 2.589473 0.210067
vn -0.0000 -1.0000 -0.0000
vn -0.0000 -0.0000 1.0000
vn 1.0000 -0.0000 -0.0000
vn -1.0000 -0.0000 -0.0000
vn -0.0000 -0.0000 -1.0000
vn -0.0000 1.0000 -0.0000
vt 0.375000 0.500000
vt 0.500000 0.375000
vt 0.375000 0.375000
vt 0.500000 0.625000
vt 0.625000 0.500000
vt 0.500000 0.500000
vt 0.375000 0.625000
vt 0.625000 0.375000
vt 0.625000 0.625000
s 0
usemtl 材质.001
f 1101/70/161 1098/71/161 1105/72/161
f 1100/73/161 1099/74/161 1097/75/161
f 1103/76/161 1097/75/161 1101/70/161
f 1097/75/161 1104/77/161 1098/71/161
f 1103/76/165 1109/73/165 1100/73/165
f 1100/73/165 1111/78/165 1102/78/165
f 1105/72/164 1110/70/164 1101/70/164
f 1099/74/163 1113/77/163 1104/77/163
f 1101/70/164 1112/76/164 1103/76/164
f 1102/78/163 1108/74/163 1099/74/163
f 1098/71/162 1114/72/162 1105/72/162
f 1104/77/162 1106/71/162 1098/71/162
f 1115/71/162 1131/72/162 1123/72/162
f 1120/78/163 1125/74/163 1117/74/163
f 1119/70/164 1129/76/164 1121/76/164
f 1117/74/163 1130/77/163 1122/77/163
f 1122/77/162 1107/71/162 1115/71/162
f 1121/76/165 1126/73/165 1118/73/165
f 1118/73/165 1128/78/165 1120/78/165
f 1123/72/164 1127/70/164 1119/70/164
f 1138/72/164 1142/70/164 1134/70/164
f 1133/73/165 1143/78/165 1135/78/165
f 1136/76/165 1141/73/165 1133/73/165
f 1137/77/162 1124/71/162 1116/71/162
f 1124/71/166 1142/70/166 1146/72/166
f 1140/74/166 1141/73/166 1139/75/166
f 1139/75/166 1144/76/166 1142/70/166
f 1145/77/166 1139/75/166 1124/71/166
f 1132/74/163 1145/77/163 1137/77/163
f 1134/70/164 1144/76/164 1136/76/164
f 1135/78/163 1140/74/163 1132/74/163
f 1116/71/162 1146/72/162 1138/72/162
f 1101/70/161 1097/75/161 1098/71/161
f 1100/73/161 1102/78/161 1099/74/161
f 1103/76/161 1100/73/161 1097/75/161
f 1097/75/161 1099/74/161 1104/77/161
f 1103/76/165 1112/76/165 1109/73/165
f 1100/73/165 1109/73/165 1111/78/165
f 1105/72/164 1114/72/164 1110/70/164
f 1099/74/163 1108/74/163 1113/77/163
f 1101/70/164 1110/70/164 1112/76/164
f 1102/78/163 1111/78/163 1108/74/163
f 1098/71/162 1106/71/162 1114/72/162
f 1104/77/162 1113/77/162 1106/71/162
f 1115/71/162 1107/71/162 1131/72/162
f 1120/78/163 1128/78/163 1125/74/163
f 1119/70/164 1127/70/164 1129/76/164
f 1117/74/163 1125/74/163 1130/77/163
f 1122/77/162 1130/77/162 1107/71/162
f 1121/76/165 1129/76/165 1126/73/165
f 1118/73/165 1126/73/165 1128/78/165
f 1123/72/164 1131/72/164 1127/70/164
f 1138/72/164 1146/72/164 1142/70/164
f 1133/73/165 1141/73/165 1143/78/165
f 1136/76/165 1144/76/165 1141/73/165
f 1137/77/162 1145/77/162 1124/71/162
f 1124/71/166 1139/75/166 1142/70/166
f 1140/74/166 1143/78/166 1141/73/166
f 1139/75/166 1141/73/166 1144/76/166
f 1145/77/166 1140/74/166 1139/75/166
f 1132/74/163 1140/74/163 1145/77/163
f 1134/70/164 1142/70/164 1144/76/164
f 1135/78/163 1143/78/163 1140/74/163
f 1116/71/162 1124/71/162 1146/72/162
usemtl 材质.002
f 1113/77/162 1115/71/162 1106/71/162
f 1106/71/162 1123/72/162 1114/72/162
f 1111/78/163 1117/74/163 1108/74/163
f 1110/70/164 1121/76/164 1112/76/164
f 1112/76/165 1118/73/165 1109/73/165
f 1109/73/165 1120/78/165 1111/78/165
f 1114/72/164 1119/70/164 1110/70/164
f 1108/74/163 1122/77/163 1113/77/163
f 1128/78/163 1132/74/163 1125/74/163
f 1127/70/164 1136/76/164 1129/76/164
f 1125/74/163 1137/77/163 1130/77/163
f 1131/72/164 1134/70/164 1127/70/164
f 1107/71/162 1138/72/162 1131/72/162
f 1130/77/162 1116/71/162 1107/71/162
f 1129/76/165 1133/73/165 1126/73/165
f 1126/73/165 1135/78/165 1128/78/165
f 1113/77/162 1122/77/162 1115/71/162
f 1106/71/162 1115/71/162 1123/72/162
f 1111/78/163 1120/78/163 1117/74/163
f 1110/70/164 1119/70/164 1121/76/164
f 1112/76/165 1121/76/165 1118/73/165
f 1109/73/165 1118/73/165 1120/78/165
f 1114/72/164 1123/72/164 1119/70/164
f 1108/74/163 1117/74/163 1122/77/163
f 1128/78/163 1135/78/163 1132/74/163
f 1127/70/164 1134/70/164 1136/76/164
f 1125/74/163 1132/74/163 1137/77/163
f 1131/72/164 1138/72/164 1134/70/164
f 1107/71/162 1116/71/162 1138/72/162
f 1130/77/162 1137/77/162 1116/71/162
f 1129/76/165 1136/76/165 1133/73/165
f 1126/73/165 1133/73/165 1135/78/165
o fire
v -0.043150 2.892385 0.031457
v 0.027094 2.892385 0.031457
v 0.035961 2.596510 0.030668
v -0.034283 2.596510 0.030668
v 0.059425 2.805246 0.031457
v -0.071288 2.688174 0.031457
v -0.071288 2.805246 0.031457
v -0.005932 2.805246 0.031457
v 0.059425 2.746710 0.031457
v -0.071288 2.746710 0.031457
v -0.005932 2.688174 0.031457
v -0.005932 2.746710 0.031457
v -0.038610 2.805246 0.031457
v 0.059425 2.717442 0.031457
v -0.071288 2.717442 0.031457
v -0.038610 2.688174 0.031457
v 0.026746 2.805246 0.031457
v 0.059425 2.775978 0.031457
v -0.071288 2.775978 0.031457
v 0.026746 2.688174 0.031457
v 0.026746 2.746710 0.031457
v -0.038610 2.746710 0.031457
v -0.005932 2.775978 0.031457
v -0.005932 2.717442 0.031457
v -0.038610 2.717442 0.031457
v -0.038610 2.775978 0.031457
v 0.026746 2.775978 0.031457
v 0.026746 2.717442 0.031457
v -0.054949 2.805246 0.031457
v 0.059425 2.702808 0.031457
v -0.071288 2.702808 0.031457
v -0.054949 2.688174 0.031457
v 0.010407 2.805246 0.031457
v 0.059425 2.761344 0.031457
v -0.071288 2.761344 0.031457
v 0.010407 2.688174 0.031457
v 0.043086 2.746710 0.031457
v -0.022271 2.746710 0.031457
v -0.005932 2.790612 0.031457
v -0.005932 2.732076 0.031457
v -0.022271 2.805246 0.031457
v 0.059425 2.732076 0.031457
v -0.071288 2.732076 0.031457
v -0.022271 2.688174 0.031457
v 0.043086 2.805246 0.031457
v 0.059425 2.790612 0.031457
v -0.071288 2.790612 0.031457
v 0.010407 2.746710 0.031457
v -0.054949 2.746710 0.031457
v -0.005932 2.761344 0.031457
v -0.005932 2.702808 0.031457
v -0.022271 2.717442 0.031457
v -0.054949 2.717442 0.031457
v -0.038610 2.732076 0.031457
v -0.038610 2.702808 0.031457
v -0.022271 2.775978 0.031457
v -0.054949 2.775978 0.031457
v -0.038610 2.790612 0.031457
v -0.038610 2.761344 0.031457
v 0.043086 2.775978 0.031457
v 0.010407 2.775978 0.031457
v 0.026746 2.790612 0.031457
v 0.026746 2.761344 0.031457
v 0.043086 2.717442 0.031457
v 0.010407 2.717442 0.031457
v 0.026746 2.732076 0.031457
v 0.026746 2.702808 0.031457
v 0.010407 2.702808 0.031457
v 0.010407 2.732076 0.031457
v 0.043086 2.732076 0.031457
v 0.010407 2.761344 0.031457
v 0.010407 2.790612 0.031457
v 0.043086 2.790612 0.031457
v -0.054949 2.761344 0.031457
v -0.054949 2.790612 0.031457
v -0.022271 2.790612 0.031457
v -0.054949 2.702808 0.031457
v -0.054949 2.732076 0.031457
v -0.022271 2.732076 0.031457
v -0.022271 2.702808 0.031457
v -0.022271 2.761344 0.031457
v 0.043086 2.761344 0.031457
v 0.043086 2.702808 0.031457
v -0.008028 2.892385 0.031457
v -0.038716 2.744447 0.031062
v 0.000839 2.596510 0.030668
v 0.031527 2.744447 0.031062
v -0.003594 2.744447 0.031062
v 0.009533 2.892385 0.031457
v -0.036499 2.670479 0.030865
v 0.018400 2.596510 0.030668
v 0.033744 2.670479 0.030865
v -0.025589 2.892385 0.031457
v -0.040933 2.818416 0.031259
v -0.016722 2.596510 0.030668
v 0.029310 2.818416 0.031259
v -0.001378 2.670479 0.030865
v -0.005811 2.818416 0.031259
v 0.013966 2.744447 0.031062
v -0.021155 2.744447 0.031062
v -0.023372 2.818416 0.031259
v 0.011750 2.818416 0.031259
v 0.016183 2.670479 0.030865
v -0.018939 2.670479 0.030865
v 0.027180 2.596510 0.030668
v 0.034852 2.633495 0.030766
v -0.000269 2.633495 0.030766
v 0.022747 2.744447 0.031062
v 0.009620 2.596510 0.030668
v 0.032636 2.707463 0.030964
v -0.002486 2.707463 0.030964
v 0.005186 2.744447 0.031062
v 0.017292 2.633495 0.030766
v 0.024964 2.670479 0.030865
v 0.007403 2.670479 0.030865
v 0.006294 2.707463 0.030964
v 0.023855 2.707463 0.030964
v 0.026072 2.633495 0.030766
v 0.008511 2.633495 0.030766
v 0.031571 2.596510 0.030668
v 0.035407 2.615002 0.030717
v 0.000285 2.615002 0.030717
v 0.027137 2.744447 0.031062
v 0.014010 2.596510 0.030668
v 0.033190 2.688971 0.030914
v -0.001932 2.688971 0.030914
v 0.009576 2.744447 0.031062
v 0.017846 2.615002 0.030717
v 0.015629 2.688971 0.030914
v 0.029354 2.670479 0.030865
v 0.011793 2.670479 0.030865
v 0.022790 2.596510 0.030668
v 0.034298 2.651987 0.030816
v -0.000823 2.651987 0.030816
v 0.018357 2.744447 0.031062
v 0.005229 2.596510 0.030668
v 0.032081 2.725955 0.031013
v -0.003040 2.725955 0.031013
v 0.000796 2.744447 0.031062
v 0.016737 2.651987 0.030816
v 0.020573 2.670479 0.030865
v 0.003013 2.670479 0.030865
v 0.006849 2.688971 0.030914
v 0.005740 2.725955 0.031013
v 0.001904 2.707463 0.030964
v 0.024409 2.688971 0.030914
v 0.028245 2.707463 0.030964
v 0.026626 2.615002 0.030717
v 0.025518 2.651987 0.030816
v 0.030462 2.633495 0.030766
v 0.021682 2.633495 0.030766
v 0.009065 2.615002 0.030717
v 0.007957 2.651987 0.030816
v 0.012901 2.633495 0.030766
v 0.004121 2.633495 0.030766
v 0.003567 2.651987 0.030816
v 0.012347 2.651987 0.030816
v 0.013456 2.615002 0.030717
v 0.021128 2.651987 0.030816
v 0.029908 2.651987 0.030816
v 0.031016 2.615002 0.030717
v 0.027691 2.725955 0.031013
v 0.001350 2.725955 0.031013
v 0.011239 2.688971 0.030914
v 0.002458 2.688971 0.030914
v 0.020019 2.688971 0.030914
v 0.022236 2.615002 0.030717
v 0.004675 2.615002 0.030717
v 0.009533 2.891940 0.091456
v 0.027094 2.891940 0.091456
v -0.036499 2.670034 0.090864
v -0.034283 2.596066 0.090667
v 0.031571 2.596066 0.090667
v 0.035961 2.596066 0.090667
v 0.035407 2.614558 0.090716
v -0.054949 2.805246 0.091457
v -0.071288 2.805246 0.091457
v 0.059425 2.702808 0.091457
v 0.059425 2.688174 0.091457
v -0.071288 2.702808 0.091457
v -0.071288 2.688174 0.091457
v -0.054949 2.688174 0.091457
v 0.010407 2.805246 0.091457
v -0.005932 2.805246 0.091457
v 0.059425 2.761344 0.091457
v 0.059425 2.746710 0.091457
v -0.071288 2.761344 0.091457
v -0.071288 2.746710 0.091457
v 0.010407 2.688174 0.091457
v -0.005932 2.688174 0.091457
v 0.043086 2.746710 0.091457
v -0.022271 2.746710 0.091457
v -0.005932 2.746710 0.091457
v -0.005932 2.790612 0.091457
v -0.005932 2.732076 0.091457
v -0.022271 2.805246 0.091457
v -0.038610 2.805246 0.091457
v 0.059425 2.732076 0.091457
v 0.059425 2.717442 0.091457
v -0.071288 2.732076 0.091457
v -0.071288 2.717442 0.091457
v -0.022271 2.688174 0.091457
v -0.038610 2.688174 0.091457
v 0.043086 2.805246 0.091457
v 0.026746 2.805246 0.091457
v 0.059425 2.790612 0.091457
v 0.059425 2.775978 0.091457
v -0.071288 2.790612 0.091457
v -0.071288 2.775978 0.091457
v 0.043086 2.688174 0.091457
v 0.026746 2.688174 0.091457
v 0.010407 2.746710 0.091457
v 0.026746 2.746710 0.091457
v -0.054949 2.746710 0.091457
v -0.038610 2.746710 0.091457
v -0.005932 2.761344 0.091457
v -0.005932 2.775978 0.091457
v -0.005932 2.702808 0.091457
v -0.005932 2.717442 0.091457
v -0.022271 2.717442 0.091457
v -0.054949 2.717442 0.091457
v -0.038610 2.717442 0.091457
v -0.038610 2.732076 0.091457
v -0.038610 2.702808 0.091457
v -0.022271 2.775978 0.091457
v -0.054949 2.775978 0.091457
v -0.038610 2.775978 0.091457
v -0.038610 2.790612 0.091457
v -0.038610 2.761344 0.091457
v 0.043086 2.775978 0.091457
v 0.010407 2.775978 0.091457
v 0.026746 2.775978 0.091457
v 0.026746 2.790612 0.091457
v 0.026746 2.761344 0.091457
v 0.043086 2.717442 0.091457
v 0.010407 2.717442 0.091457
v 0.026746 2.717442 0.091457
v 0.026746 2.732076 0.091457
v 0.026746 2.702808 0.091457
v 0.059425 2.805246 0.091457
v 0.010407 2.702808 0.091457
v 0.010407 2.732076 0.091457
v 0.043086 2.732076 0.091457
v 0.010407 2.761344 0.091457
v 0.010407 2.790612 0.091457
v 0.043086 2.790612 0.091457
v -0.054949 2.761344 0.091457
v -0.054949 2.790612 0.091457
v -0.022271 2.790612 0.091457
v -0.054949 2.702808 0.091457
v -0.054949 2.732076 0.091457
v -0.022271 2.732076 0.091457
v -0.022271 2.702808 0.091457
v -0.022271 2.761344 0.091457
v 0.043086 2.761344 0.091457
v 0.043086 2.702808 0.091457
v -0.025589 2.891940 0.091456
v -0.008028 2.891940 0.091456
v -0.040933 2.817971 0.091259
v -0.038716 2.744003 0.091062
v -0.016722 2.596066 0.090667
v 0.000839 2.596066 0.090667
v 0.029310 2.817971 0.091259
v 0.031527 2.744003 0.091062
v 0.000285 2.614558 0.090716
v -0.005811 2.817971 0.091259
v -0.003594 2.744003 0.091062
v 0.027137 2.744003 0.091062
v -0.021155 2.744003 0.091062
v 0.014010 2.596066 0.090667
v 0.018400 2.596066 0.090667
v 0.033190 2.688526 0.090914
v -0.043150 2.891940 0.091456
v -0.001932 2.688526 0.090914
v -0.001378 2.670034 0.090864
v 0.009576 2.744003 0.091062
v 0.013966 2.744003 0.091062
v -0.023372 2.817971 0.091259
v 0.011750 2.817971 0.091259
v 0.017846 2.614558 0.090716
v 0.015629 2.688526 0.090914
v 0.016183 2.670034 0.090864
v 0.011793 2.670034 0.090864
v -0.018939 2.670034 0.090864
v 0.022790 2.596066 0.090667
v 0.027180 2.596066 0.090667
v 0.034298 2.651542 0.090815
v 0.034852 2.633050 0.090766
v -0.000823 2.651542 0.090815
v -0.000269 2.633050 0.090766
v 0.018357 2.744003 0.091062
v 0.022747 2.744003 0.091062
v 0.005229 2.596066 0.090667
v 0.009620 2.596066 0.090667
v 0.032081 2.725511 0.091012
v 0.032636 2.707019 0.090963
v -0.003040 2.725511 0.091012
v -0.002486 2.707019 0.090963
v 0.000796 2.744003 0.091062
v 0.005186 2.744003 0.091062
v 0.016737 2.651542 0.090815
v 0.017292 2.633050 0.090766
v 0.020573 2.670034 0.090864
v 0.024964 2.670034 0.090864
v 0.003013 2.670034 0.090864
v 0.007403 2.670034 0.090864
v 0.006849 2.688526 0.090914
v 0.005740 2.725511 0.091012
v 0.006294 2.707019 0.090963
v 0.001904 2.707019 0.090963
v 0.024409 2.688526 0.090914
v 0.028245 2.707019 0.090963
v 0.026626 2.614558 0.090716
v 0.025518 2.651542 0.090815
v 0.026072 2.633050 0.090766
v 0.030462 2.633050 0.090766
v 0.021682 2.633050 0.090766
v 0.009065 2.614558 0.090716
v 0.007957 2.651542 0.090815
v 0.008511 2.633050 0.090766
v 0.012901 2.633050 0.090766
v 0.004121 2.633050 0.090766
v 0.023855 2.707019 0.090963
v 0.003567 2.651542 0.090815
v 0.012347 2.651542 0.090815
v 0.013456 2.614558 0.090716
v 0.021128 2.651542 0.090815
v 0.029908 2.651542 0.090815
v 0.031016 2.614558 0.090716
v 0.027691 2.725511 0.091012
v 0.028800 2.688526 0.090914
v 0.001350 2.725511 0.091012
v 0.011239 2.688526 0.090914
v 0.002458 2.688526 0.090914
v 0.020019 2.688526 0.090914
v 0.022236 2.614558 0.090716
v 0.004675 2.614558 0.090716
v 0.009533 2.922384 0.031537
v 0.044217 2.922384 0.031537
v -0.054477 2.668982 0.030861
v -0.052260 2.595014 0.030664
v 0.053384 2.616499 0.030721
v 0.053938 2.598007 0.030672
v -0.054949 2.835246 0.031457
v -0.089288 2.835246 0.031457
v 0.077425 2.702808 0.031457
v -0.089288 2.702808 0.031457
v -0.089288 2.658174 0.031457
v -0.054949 2.658174 0.031457
v 0.077425 2.761344 0.031457
v 0.077425 2.746710 0.031457
v -0.089288 2.761344 0.031457
v -0.089288 2.746710 0.031457
v 0.077425 2.732076 0.031457
v 0.077425 2.717442 0.031457
v -0.089288 2.732076 0.031457
v -0.089288 2.717442 0.031457
v -0.022271 2.658174 0.031457
v -0.038610 2.658174 0.031457
v 0.043086 2.835246 0.031457
v 0.026746 2.835246 0.031457
v 0.077425 2.790612 0.031457
v 0.077425 2.775978 0.031457
v -0.089288 2.790612 0.031457
v -0.089288 2.775978 0.031457
v -0.038610 2.835246 0.031457
v 0.077425 2.835246 0.031457
v -0.025589 2.922384 0.031537
v -0.008028 2.922384 0.031537
v -0.058911 2.816919 0.031255
v -0.056694 2.742951 0.031058
v 0.047288 2.819912 0.031263
v 0.049505 2.745944 0.031066
v 0.051722 2.671975 0.030869
v -0.062071 2.922384 0.031537
v 0.052276 2.653483 0.030820
v 0.052830 2.634991 0.030770
v 0.009533 2.921940 0.091536
v 0.044217 2.921940 0.091536
v -0.054477 2.668538 0.090860
v -0.052260 2.594569 0.090663
v 0.053384 2.616055 0.090720
v 0.053938 2.597562 0.090671
v -0.054949 2.835246 0.091457
v -0.089288 2.835246 0.091457
v 0.077425 2.702808 0.091457
v -0.089288 2.702808 0.091457
v -0.089288 2.658174 0.091457
v -0.054949 2.658174 0.091457
v 0.077425 2.761344 0.091457
v 0.077425 2.746710 0.091457
v -0.089288 2.761344 0.091457
v -0.089288 2.746710 0.091457
v 0.077425 2.732076 0.091457
v 0.077425 2.717442 0.091457
v -0.089288 2.732076 0.091457
v -0.089288 2.717442 0.091457
v -0.022271 2.658174 0.091457
v -0.038610 2.658174 0.091457
v 0.043086 2.835246 0.091457
v 0.026746 2.835246 0.091457
v 0.077425 2.790612 0.091457
v 0.077425 2.775978 0.091457
v -0.089288 2.790612 0.091457
v -0.089288 2.775978 0.091457
v -0.038610 2.835246 0.091457
v 0.077425 2.835246 0.091457
v -0.025589 2.921940 0.091536
v -0.008028 2.921940 0.091536
v -0.058911 2.816475 0.091255
v -0.056694 2.742506 0.091058
v 0.047288 2.819468 0.091263
v 0.049505 2.745499 0.091066
v 0.051722 2.671531 0.090868
v -0.062071 2.921940 0.091536
v 0.052276 2.653039 0.090819
v 0.052830 2.634547 0.090770
v 0.009533 2.972384 0.031670
v 0.072756 2.972384 0.031670
v -0.084440 2.666488 0.030854
v 0.083347 2.618993 0.030728
v -0.054949 2.885246 0.031457
v -0.119288 2.885246 0.031457
v 0.107425 2.702808 0.031457
v -0.119288 2.702808 0.031457
v -0.054949 2.608174 0.031457
v 0.107425 2.761344 0.031457
v 0.107425 2.746710 0.031457
v -0.119288 2.761344 0.031457
v -0.119288 2.746710 0.031457
v 0.107425 2.732076 0.031457
v 0.107425 2.717442 0.031457
v -0.119288 2.732076 0.031457
v -0.119288 2.717442 0.031457
v 0.107425 2.790612 0.031457
v 0.107425 2.775978 0.031457
v -0.119288 2.790612 0.031457
v -0.119288 2.775978 0.031457
v -0.038610 2.608174 0.031457
v 0.107425 2.885246 0.031457
v 0.043086 2.885246 0.031457
v -0.025589 2.972384 0.031670
v -0.008028 2.972384 0.031670
v -0.093607 2.972384 0.031670
v -0.088873 2.814425 0.031249
v 0.077251 2.822407 0.031270
v 0.082238 2.655977 0.030826
v 0.082793 2.637486 0.030777
v 0.081684 2.674470 0.030876
v 0.009533 2.971939 0.091669
v 0.072756 2.971939 0.091669
v -0.084440 2.666044 0.090854
v 0.083347 2.618549 0.090727
v -0.054949 2.885246 0.091457
v -0.119288 2.885246 0.091457
v 0.107425 2.702808 0.091457
v -0.119288 2.702808 0.091457
v -0.054949 2.608174 0.091457
v 0.107425 2.761344 0.091457
v 0.107425 2.746710 0.091457
v -0.119288 2.761344 0.091457
v -0.119288 2.746710 0.091457
v 0.107425 2.732076 0.091457
v 0.107425 2.717442 0.091457
v -0.119288 2.732076 0.091457
v -0.119288 2.717442 0.091457
v 0.107425 2.790612 0.091457
v 0.107425 2.775978 0.091457
v -0.119288 2.790612 0.091457
v -0.119288 2.775978 0.091457
v -0.038610 2.608174 0.091457
v 0.107425 2.885246 0.091457
v 0.043086 2.885246 0.091457
v -0.025589 2.971939 0.091669
v -0.008028 2.971939 0.091669
v -0.093607 2.971939 0.091669
v -0.088873 2.813981 0.091248
v 0.077251 2.821962 0.091269
v 0.082238 2.655533 0.090826
v 0.082793 2.637041 0.090776
v 0.081684 2.674025 0.090875
v -0.025589 3.003487 0.031753
v -0.008028 3.003487 0.031753
v 0.009533 3.003487 0.031753
v -0.025589 3.003042 0.091752
v -0.008028 3.003042 0.091752
v 0.009533 3.003042 0.091752
v 0.041144 2.972384 0.031670
v 0.041144 2.971939 0.091669
v 0.072756 2.972161 0.061670
v 0.009533 2.972162 0.061670
v 0.041144 2.972162 0.061670
v -0.059598 2.972384 0.031670
v -0.059598 2.971939 0.091669
v -0.093607 2.972161 0.061670
v -0.025589 2.972162 0.061670
v -0.059598 2.972162 0.061670
v -0.059598 3.027689 0.031817
v -0.025589 3.027689 0.031817
v -0.059598 3.027244 0.091817
v -0.025589 3.027244 0.091817
v -0.025589 3.027467 0.061817
v 0.009533 3.027467 0.061817
v 0.009533 3.027689 0.031817
v -0.025589 3.058792 0.031900
v -0.008028 3.058792 0.031900
v 0.009533 3.058792 0.031900
v -0.025589 3.058348 0.091900
v -0.008028 3.058348 0.091900
v 0.009533 3.058348 0.091900
v 0.041144 3.027689 0.031817
v 0.009533 3.027244 0.091817
v 0.041144 3.027244 0.091817
v 0.041144 3.027467 0.061817
v -0.059598 3.027467 0.061817
vn -0.0000 0.0027 -1.0000
vn -0.0000 -0.0000 -1.0000
vn -0.0000 0.0183 -0.9998
vn -0.0000 -0.0027 1.0000
vn -0.0000 -0.0000 1.0000
vn -0.0000 -1.0000 -0.0074
vn 1.0000 -0.0000 -0.0000
vn 0.9996 0.0300 0.0002
vn -0.0000 1.0000 -0.0000
vn -0.0000 -0.0175 0.9998
vn -0.9996 -0.0300 -0.0002
vn 0.0830 -0.9965 -0.0074
vn -0.0000 -1.0000 -0.0000
vn 0.0261 -0.0000 0.9997
vn -0.0000 1.0000 0.0074
vn -0.0008 0.0175 -0.9998
vn -1.0000 -0.0000 -0.0000
vn -0.9798 -0.2002 -0.0000
vn -0.0830 0.9965 0.0074
vn -0.0000 0.0205 -0.9998
vn 0.9988 -0.0499 -0.0000
vn -0.0000 -0.7158 0.6983
vn 0.0028 -0.0366 0.9993
vn -0.0000 -0.0202 0.9998
vn 0.9892 0.1464 0.0011
vn 0.9889 0.1486 -0.0000
vn -0.0000 0.0181 -0.9998
vn -1.0000 -0.0000 0.0039
vn -0.9810 -0.1938 -0.0014
vn -0.0047 0.0592 -0.9982
vn -0.0013 0.0187 -0.9998
vt 0.000000 0.000000
s 0
usemtl 材质.005
f 1250/79/167 1150/79/167 1236/79/167
f 1180/79/168 1183/79/168 1228/79/168
f 1196/79/168 1184/79/168 1227/79/168
f 1226/79/168 1157/79/168 1190/79/168
f 1225/79/168 1170/79/168 1198/79/168
f 1200/79/168 1199/79/168 1224/79/168
f 1223/79/168 1162/79/168 1178/79/168
f 1185/79/168 1202/79/168 1222/79/168
f 1204/79/168 1203/79/168 1221/79/168
f 1205/79/168 1195/79/168 1220/79/168
f 1208/79/168 1207/79/168 1218/79/168
f 1209/79/168 1194/79/168 1217/79/168
f 1188/79/168 1210/79/168 1216/79/168
f 1155/79/168 1216/79/168 1183/79/168
f 1183/79/168 1212/79/168 1167/79/168
f 1216/79/168 1174/79/168 1212/79/168
f 1173/79/168 1217/79/168 1207/79/168
f 1207/79/168 1196/79/168 1169/79/168
f 1217/79/168 1158/79/168 1196/79/168
f 1163/79/168 1218/79/168 1179/79/168
f 1179/79/168 1185/79/168 1154/79/168
f 1218/79/168 1169/79/168 1185/79/168
f 1191/79/168 1208/79/168 1163/79/168
f 1219/79/168 1173/79/168 1208/79/168
f 1172/79/168 1220/79/168 1203/79/168
f 1203/79/168 1181/79/168 1165/79/168
f 1220/79/168 1156/79/168 1181/79/168
f 1159/79/168 1221/79/168 1175/79/168
f 1175/79/168 1193/79/168 1153/79/168
f 1221/79/168 1165/79/168 1193/79/168
f 1154/79/168 1222/79/168 1187/79/168
f 1187/79/168 1204/79/168 1159/79/168
f 1222/79/168 1172/79/168 1204/79/168
f 1171/79/168 1223/79/168 1199/79/168
f 1199/79/168 1177/79/168 1161/79/168
f 1177/79/168 1178/79/168 1152/79/168
f 1168/79/168 1224/79/168 1195/79/168
f 1195/79/168 1189/79/168 1156/79/168
f 1224/79/168 1161/79/168 1189/79/168
f 1184/79/168 1186/79/168 1225/79/168
f 1184/79/168 1200/79/168 1168/79/168
f 1200/79/168 1198/79/168 1171/79/168
f 1198/79/168 1197/79/168 1226/79/168
f 1198/79/168 1201/79/168 1171/79/168
f 1201/79/168 1190/79/168 1162/79/168
f 1169/79/168 1227/79/168 1202/79/168
f 1202/79/168 1205/79/168 1172/79/168
f 1227/79/168 1168/79/168 1205/79/168
f 1164/79/168 1228/79/168 1206/79/168
f 1206/79/168 1209/79/168 1173/79/168
f 1228/79/168 1167/79/168 1209/79/168
f 1210/79/168 1176/79/168 1229/79/168
f 1174/79/168 1229/79/168 1213/79/168
f 1314/79/167 1232/79/167 1268/79/167
f 1313/79/167 1237/79/167 1274/79/167
f 1307/79/167 1251/79/167 1294/79/167
f 1306/79/167 1264/79/167 1295/79/167
f 1304/79/167 1255/79/167 1298/79/167
f 1274/79/167 1270/79/167 1304/79/167
f 1259/79/167 1304/79/167 1300/79/167
f 1300/79/167 1298/79/167 1265/79/167
f 1295/79/167 1297/79/167 1305/79/167
f 1279/79/167 1296/79/167 1306/79/167
f 1238/79/167 1306/79/167 1276/79/167
f 1276/79/167 1295/79/167 1260/79/167
f 1267/79/167 1266/79/167 1307/79/167
f 1252/79/167 1307/79/167 1296/79/167
f 1296/79/167 1294/79/167 1264/79/167
f 1283/79/167 1293/79/167 1308/79/167
f 1233/79/167 1308/79/167 1269/79/167
f 1287/79/167 1312/79/167 1292/79/167
f 1229/79/169 1260/79/169 1287/79/169
f 1294/79/167 1278/79/167 1313/79/167
f 1264/79/167 1313/79/167 1297/79/167
f 1297/79/167 1274/79/167 1259/79/167
f 1298/79/167 1282/79/167 1314/79/167
f 1265/79/167 1314/79/167 1301/79/167
f 1301/79/167 1268/79/167 1253/79/167
f 1356/79/171 1324/79/171 1402/79/171
f 1367/79/171 1369/79/171 1397/79/171
f 1396/79/171 1349/79/171 1370/79/171
f 1354/79/171 1322/79/171 1323/79/171
f 1396/79/171 1368/79/171 1367/79/171
f 1326/79/171 1367/79/171 1347/79/171
f 1326/79/171 1328/79/171 1396/79/171
f 1347/79/171 1397/79/171 1346/79/171
f 1381/79/171 1324/79/171 1345/79/171
f 1383/79/171 1402/79/171 1381/79/171
f 1357/79/171 1402/79/171 1385/79/171
f 1483/79/170 1408/79/170 1439/79/170
f 1482/79/170 1417/79/170 1431/79/170
f 1478/79/170 1444/79/170 1456/79/170
f 1475/79/170 1432/79/170 1319/79/170
f 1474/79/170 1461/79/170 1462/79/170
f 1472/79/170 1440/79/170 1416/79/170
f 1426/79/170 1416/79/170 1417/79/170
f 1448/79/170 1472/79/170 1426/79/170
f 1467/79/170 1464/79/170 1472/79/170
f 1433/79/170 1462/79/170 1434/79/170
f 1321/79/170 1319/79/170 1320/79/170
f 1434/79/170 1475/79/170 1321/79/170
f 1462/79/170 1459/79/170 1475/79/170
f 1441/79/170 1458/79/170 1442/79/170
f 1410/79/170 1476/79/170 1441/79/170
f 1442/79/170 1477/79/170 1418/79/170
f 1458/79/170 1457/79/170 1477/79/170
f 1454/79/170 1456/79/170 1455/79/170
f 1446/79/170 1478/79/170 1454/79/170
f 1445/79/170 1443/79/170 1478/79/170
f 1455/79/170 1480/79/170 1453/79/170
f 1456/79/170 1420/79/170 1480/79/170
f 1457/79/170 1449/79/170 1450/79/170
f 1459/79/170 1431/79/170 1432/79/170
f 1461/79/170 1482/79/170 1459/79/170
f 1463/79/170 1426/79/170 1482/79/170
f 1464/79/170 1439/79/170 1440/79/170
f 1466/79/170 1483/79/170 1464/79/170
f 1468/79/170 1411/79/170 1483/79/170
f 1270/79/172 1440/79/172 1255/79/172
f 1348/79/173 1504/79/173 1190/79/173
f 1181/79/168 1511/79/168 1165/79/168
f 1256/79/174 1418/79/174 1271/79/174
f 1254/79/172 1437/79/172 1281/79/172
f 1187/79/175 1330/79/175 1154/79/175
f 1164/79/168 1496/79/168 1180/79/168
f 1255/79/172 1439/79/172 1282/79/172
f 1241/79/172 1318/79/172 1150/79/172
f 1293/79/177 1476/79/177 1308/79/177
f 1165/79/168 1510/79/168 1193/79/168
f 1258/79/172 1422/79/172 1446/79/172
f 1283/79/174 1442/79/174 1256/79/174
f 1192/79/168 1509/79/168 1164/79/168
f 1162/79/168 1495/79/168 1178/79/168
f 1308/79/177 1414/79/177 1269/79/177
f 1149/79/178 1529/79/178 1320/79/178
f 1157/79/179 1348/79/179 1190/79/179
f 1163/79/168 1506/79/168 1191/79/168
f 1154/79/175 1329/79/175 1179/79/175
f 1177/79/168 1503/79/168 1161/79/168
f 1273/79/172 1423/79/172 1422/79/172
f 1190/79/168 1505/79/168 1162/79/168
f 1278/79/172 1417/79/172 1237/79/172
f 1160/79/168 1492/79/168 1176/79/168
f 1325/79/180 1627/79/180 1324/79/180
f 1159/79/173 1552/79/173 1343/79/173
f 1182/79/179 1336/79/179 1157/79/179
f 1281/79/172 1423/79/172 1245/79/172
f 1290/79/174 1455/79/174 1262/79/174
f 1282/79/172 1408/79/172 1232/79/172
f 1233/79/174 1441/79/174 1283/79/174
f 1159/79/175 1342/79/175 1187/79/175
f 1310/79/181 1427/79/181 1275/79/181
f 1161/79/168 1502/79/168 1189/79/168
f 1333/79/171 1539/79/171 1334/79/171
f 1289/79/181 1479/79/181 1310/79/181
f 1175/79/168 1512/79/168 1159/79/168
f 1323/79/171 1550/79/171 1354/79/171
f 1233/79/178 1559/79/178 1410/79/178
f 1232/79/172 1407/79/172 1241/79/172
f 1188/79/168 1501/79/168 1160/79/168
f 1332/79/171 1536/79/171 1331/79/171
f 1386/79/171 1548/79/171 1553/79/171
f 1262/79/174 1453/79/174 1289/79/174
f 1386/79/171 1546/79/171 1350/79/171
f 1327/79/171 1535/79/171 1328/79/171
f 1258/79/174 1454/79/174 1290/79/174
f 1327/79/171 1533/79/171 1534/79/171
f 1316/79/170 1558/79/170 1525/79/170
f 1334/79/171 1542/79/171 1346/79/171
f 1292/79/177 1469/79/177 1263/79/177
f 1492/79/179 1602/79/179 1532/79/179
f 1312/79/181 1457/79/181 1292/79/181
f 1263/79/181 1458/79/181 1293/79/181
f 1266/79/172 1432/79/172 1251/79/172
f 1357/79/182 1562/79/182 1460/79/182
f 1275/79/181 1481/79/181 1312/79/181
f 1344/79/171 1537/79/171 1332/79/171
f 1323/79/171 1530/79/171 1531/79/171
f 1419/79/170 1556/79/170 1405/79/170
f 1320/79/170 1528/79/170 1321/79/170
f 1251/79/172 1431/79/172 1278/79/172
f 1237/79/172 1416/79/172 1270/79/172
f 1269/79/172 1438/79/172 1254/79/172
f 1419/79/170 1554/79/170 1561/79/170
f 1238/79/167 1522/79/167 1279/79/167
f 1149/79/172 1319/79/172 1266/79/172
f 1501/79/168 1570/79/168 1492/79/168
f 1531/79/171 1600/79/171 1601/79/171
f 1555/79/170 1620/79/170 1554/79/170
f 1488/79/178 1599/79/178 1528/79/178
f 1511/79/168 1583/79/168 1510/79/168
f 1525/79/170 1635/79/170 1596/79/170
f 1531/79/171 1615/79/171 1550/79/171
f 1508/79/168 1582/79/168 1509/79/168
f 1522/79/167 1595/79/167 1593/79/167
f 1553/79/171 1613/79/171 1618/79/171
f 1523/79/167 1567/79/167 1488/79/167
f 1553/79/171 1619/79/171 1546/79/171
f 1495/79/179 1534/79/179 1494/79/179
f 1545/79/173 1585/79/173 1505/79/173
f 1522/79/167 1594/79/167 1523/79/167
f 1539/79/171 1611/79/171 1542/79/171
f 1503/79/168 1579/79/168 1502/79/168
f 1490/79/175 1552/79/175 1512/79/175
f 1517/79/177 1556/79/177 1516/79/177
f 1485/79/167 1592/79/167 1518/79/167
f 1540/79/171 1606/79/171 1537/79/171
f 1504/79/179 1545/79/179 1505/79/179
f 1500/79/168 1578/79/168 1501/79/168
f 1507/79/175 1546/79/175 1506/79/175
f 1518/79/174 1559/79/174 1519/79/174
f 1521/79/167 1591/79/167 1590/79/167
f 1551/79/171 1607/79/171 1538/79/171
f 1490/79/173 1600/79/173 1530/79/173
f 1499/79/168 1575/79/168 1498/79/168
f 1521/79/167 1639/79/167 1588/79/167
f 1536/79/171 1614/79/171 1549/79/171
f 1496/79/168 1574/79/168 1497/79/168
f 1486/79/177 1557/79/177 1517/79/177
f 1535/79/171 1617/79/171 1545/79/171
f 1556/79/178 1591/79/178 1516/79/178
f 1404/79/170 1554/79/170 1403/79/170
f 1345/79/171 1540/79/171 1344/79/171
f 1252/79/167 1488/79/167 1267/79/167
f 1405/79/170 1557/79/170 1406/79/170
f 1346/79/171 1543/79/171 1347/79/171
f 1236/79/167 1517/79/167 1231/79/167
f 1148/79/167 1484/79/167 1485/79/167
f 1324/79/171 1541/79/171 1345/79/171
f 1349/79/171 1544/79/171 1348/79/171
f 1351/79/183 1507/79/183 1163/79/183
f 1236/79/167 1487/79/167 1486/79/167
f 1347/79/171 1533/79/171 1326/79/171
f 1410/79/170 1558/79/170 1409/79/170
f 1350/79/171 1547/79/171 1351/79/171
f 1279/79/167 1523/79/167 1252/79/167
f 1328/79/171 1545/79/171 1349/79/171
f 1353/79/171 1548/79/171 1352/79/171
f 1147/79/167 1514/79/167 1239/79/167
f 1149/79/167 1488/79/167 1489/79/167
f 1354/79/171 1551/79/171 1355/79/171
f 1147/79/167 1516/79/167 1521/79/167
f 1153/79/168 1490/79/168 1175/79/168
f 1331/79/171 1549/79/171 1353/79/171
f 1155/79/168 1500/79/168 1188/79/168
f 1355/79/171 1538/79/171 1333/79/171
f 1189/79/168 1499/79/168 1156/79/168
f 1148/79/167 1518/79/167 1242/79/167
f 1152/79/168 1493/79/168 1177/79/168
f 1152/79/168 1495/79/168 1494/79/168
f 1321/79/170 1563/79/170 1434/79/170
f 1406/79/170 1526/79/170 1317/79/170
f 1151/79/168 1506/79/168 1513/79/168
f 1316/79/170 1524/79/170 1315/79/170
f 1318/79/178 1487/79/178 1150/79/178
f 1151/79/168 1508/79/168 1192/79/168
f 1318/79/170 1526/79/170 1527/79/170
f 1180/79/168 1497/79/168 1155/79/168
f 1434/79/170 1562/79/170 1433/79/170
f 1153/79/168 1510/79/168 1491/79/168
f 1156/79/168 1498/79/168 1181/79/168
f 1641/79/181 1640/79/181 1643/79/181
f 1591/79/177 1622/79/177 1641/79/177
f 1569/79/175 1600/79/175 1568/79/175
f 1574/79/173 1609/79/173 1577/79/173
f 1579/79/183 1608/79/183 1576/79/183
f 1565/79/174 1597/79/174 1624/79/174
f 1493/79/179 1533/79/179 1571/79/179
f 1587/79/175 1618/79/175 1586/79/175
f 1586/79/173 1613/79/173 1581/79/173
f 1573/79/173 1606/79/173 1574/79/173
f 1583/79/183 1601/79/183 1569/79/183
f 1576/79/183 1607/79/183 1575/79/183
f 1593/79/174 1627/79/174 1625/79/174
f 1621/79/170 1631/79/170 1620/79/170
f 1577/79/173 1610/79/173 1578/79/173
f 1580/79/183 1611/79/183 1579/79/183
f 1578/79/173 1602/79/173 1570/79/173
f 1571/79/183 1612/79/183 1580/79/183
f 1585/79/179 1604/79/179 1572/79/179
f 1581/79/173 1614/79/173 1582/79/173
f 1584/79/183 1615/79/183 1583/79/183
f 1582/79/173 1605/79/173 1573/79/173
f 1575/79/183 1616/79/183 1584/79/183
f 1589/79/167 1630/79/167 1564/79/167
f 1594/79/174 1599/79/174 1567/79/174
f 1596/79/183 1649/79/183 1637/79/183
f 1604/79/184 1572/79/184 1487/79/184
f 1593/79/174 1626/79/174 1594/79/174
f 1518/79/178 1624/79/178 1558/79/178
f 1493/79/168 1580/79/168 1503/79/168
f 1486/79/185 1598/79/185 1526/79/185
f 1524/79/170 1621/79/170 1555/79/170
f 1505/79/168 1572/79/168 1495/79/168
f 1509/79/168 1573/79/168 1496/79/168
f 1537/79/171 1605/79/171 1536/79/171
f 1498/79/168 1584/79/168 1511/79/168
f 1554/79/170 1640/79/170 1622/79/170
f 1538/79/171 1608/79/171 1539/79/171
f 1497/79/168 1577/79/168 1500/79/168
f 1546/79/183 1587/79/183 1506/79/183
f 1561/79/170 1623/79/170 1556/79/170
f 1541/79/171 1609/79/171 1540/79/171
f 1502/79/168 1576/79/168 1499/79/168
f 1525/79/170 1624/79/170 1597/79/170
f 1542/79/171 1612/79/171 1543/79/171
f 1513/79/168 1587/79/168 1586/79/168
f 1563/79/170 1625/79/170 1562/79/170
f 1513/79/168 1581/79/168 1508/79/168
f 1528/79/170 1626/79/170 1563/79/170
f 1491/79/168 1583/79/168 1569/79/168
f 1484/79/167 1634/79/167 1565/79/167
f 1562/79/170 1627/79/170 1560/79/170
f 1549/79/171 1613/79/171 1548/79/171
f 1535/79/183 1572/79/183 1604/79/183
f 1550/79/171 1616/79/171 1551/79/171
f 1488/79/174 1529/79/174 1489/79/174
f 1491/79/168 1568/79/168 1490/79/168
f 1532/79/171 1610/79/171 1541/79/171
f 1515/79/167 1564/79/167 1484/79/167
f 1543/79/171 1603/79/171 1533/79/171
f 1628/79/167 1652/79/167 1629/79/167
f 1640/79/170 1647/79/170 1646/79/170
f 1637/79/173 1630/79/173 1633/79/173
f 1642/79/183 1631/79/183 1628/79/183
f 1588/79/167 1629/79/167 1589/79/167
f 1596/79/170 1632/79/170 1621/79/170
f 1638/79/181 1597/79/181 1636/79/181
f 1634/79/181 1636/79/181 1565/79/181
f 1630/79/173 1656/79/173 1633/79/173
f 1588/79/173 1648/79/173 1642/79/173
f 1635/79/170 1658/79/170 1596/79/170
f 1590/79/181 1643/79/181 1639/79/181
f 1649/79/181 1659/79/181 1660/79/181
f 1651/79/181 1655/79/181 1652/79/181
f 1652/79/181 1656/79/181 1653/79/181
f 1650/79/181 1660/79/181 1657/79/181
f 1661/79/181 1647/79/181 1648/79/181
f 1644/79/181 1648/79/181 1645/79/181
f 1642/79/173 1647/79/173 1620/79/173
f 1629/79/167 1653/79/167 1630/79/167
f 1638/79/173 1659/79/173 1635/79/173
f 1640/79/183 1661/79/183 1643/79/183
f 1637/79/183 1650/79/183 1564/79/183
f 1631/79/170 1655/79/170 1654/79/170
f 1634/79/173 1660/79/173 1638/79/173
f 1643/79/183 1644/79/183 1639/79/183
f 1632/79/170 1656/79/170 1655/79/170
f 1639/79/167 1645/79/167 1588/79/167
f 1628/79/183 1654/79/183 1651/79/183
f 1564/79/167 1657/79/167 1634/79/167
f 1595/79/186 1229/79/186 1492/79/186
f 1250/79/167 1241/79/167 1150/79/167
f 1180/79/168 1155/79/168 1183/79/168
f 1196/79/168 1158/79/168 1184/79/168
f 1226/79/168 1197/79/168 1157/79/168
f 1225/79/168 1186/79/168 1170/79/168
f 1200/79/168 1171/79/168 1199/79/168
f 1223/79/168 1201/79/168 1162/79/168
f 1185/79/168 1169/79/168 1202/79/168
f 1204/79/168 1172/79/168 1203/79/168
f 1205/79/168 1168/79/168 1195/79/168
f 1208/79/168 1173/79/168 1207/79/168
f 1209/79/168 1167/79/168 1194/79/168
f 1188/79/168 1160/79/168 1210/79/168
f 1155/79/168 1188/79/168 1216/79/168
f 1183/79/168 1216/79/168 1212/79/168
f 1216/79/168 1210/79/168 1174/79/168
f 1173/79/168 1209/79/168 1217/79/168
f 1207/79/168 1217/79/168 1196/79/168
f 1217/79/168 1194/79/168 1158/79/168
f 1163/79/168 1208/79/168 1218/79/168
f 1179/79/168 1218/79/168 1185/79/168
f 1218/79/168 1207/79/168 1169/79/168
f 1191/79/168 1219/79/168 1208/79/168
f 1219/79/168 1206/79/168 1173/79/168
f 1172/79/168 1205/79/168 1220/79/168
f 1203/79/168 1220/79/168 1181/79/168
f 1220/79/168 1195/79/168 1156/79/168
f 1159/79/168 1204/79/168 1221/79/168
f 1175/79/168 1221/79/168 1193/79/168
f 1221/79/168 1203/79/168 1165/79/168
f 1154/79/168 1185/79/168 1222/79/168
f 1187/79/168 1222/79/168 1204/79/168
f 1222/79/168 1202/79/168 1172/79/168
f 1171/79/168 1201/79/168 1223/79/168
f 1199/79/168 1223/79/168 1177/79/168
f 1177/79/168 1223/79/168 1178/79/168
f 1168/79/168 1200/79/168 1224/79/168
f 1195/79/168 1224/79/168 1189/79/168
f 1224/79/168 1199/79/168 1161/79/168
f 1184/79/168 1158/79/168 1186/79/168
f 1184/79/168 1225/79/168 1200/79/168
f 1200/79/168 1225/79/168 1198/79/168
f 1198/79/168 1170/79/168 1197/79/168
f 1198/79/168 1226/79/168 1201/79/168
f 1201/79/168 1226/79/168 1190/79/168
f 1169/79/168 1196/79/168 1227/79/168
f 1202/79/168 1227/79/168 1205/79/168
f 1227/79/168 1184/79/168 1168/79/168
f 1164/79/168 1180/79/168 1228/79/168
f 1206/79/168 1228/79/168 1209/79/168
f 1228/79/168 1183/79/168 1167/79/168
f 1210/79/168 1160/79/168 1176/79/168
f 1174/79/168 1210/79/168 1229/79/168
f 1314/79/167 1282/79/167 1232/79/167
f 1313/79/167 1278/79/167 1237/79/167
f 1307/79/167 1266/79/167 1251/79/167
f 1306/79/167 1296/79/167 1264/79/167
f 1304/79/167 1270/79/167 1255/79/167
f 1274/79/167 1237/79/167 1270/79/167
f 1259/79/167 1274/79/167 1304/79/167
f 1300/79/167 1304/79/167 1298/79/167
f 1295/79/167 1264/79/167 1297/79/167
f 1279/79/167 1252/79/167 1296/79/167
f 1238/79/167 1279/79/167 1306/79/167
f 1276/79/167 1306/79/167 1295/79/167
f 1267/79/167 1149/79/167 1266/79/167
f 1252/79/167 1267/79/167 1307/79/167
f 1296/79/167 1307/79/167 1294/79/167
f 1283/79/167 1256/79/167 1293/79/167
f 1233/79/167 1283/79/167 1308/79/167
f 1287/79/169 1213/79/169 1229/79/169
f 1229/79/169 1238/79/169 1260/79/169
f 1294/79/167 1251/79/167 1278/79/167
f 1264/79/167 1294/79/167 1313/79/167
f 1297/79/167 1313/79/167 1274/79/167
f 1298/79/167 1255/79/167 1282/79/167
f 1265/79/167 1298/79/167 1314/79/167
f 1301/79/167 1314/79/167 1268/79/167
f 1356/79/171 1325/79/171 1324/79/171
f 1367/79/171 1368/79/171 1369/79/171
f 1396/79/171 1328/79/171 1349/79/171
f 1354/79/171 1394/79/171 1322/79/171
f 1396/79/171 1370/79/171 1368/79/171
f 1326/79/171 1396/79/171 1367/79/171
f 1326/79/171 1327/79/171 1328/79/171
f 1347/79/171 1367/79/171 1397/79/171
f 1381/79/171 1402/79/171 1324/79/171
f 1383/79/171 1385/79/171 1402/79/171
f 1357/79/171 1356/79/171 1402/79/171
f 1483/79/170 1411/79/170 1408/79/170
f 1482/79/170 1426/79/170 1417/79/170
f 1478/79/170 1443/79/170 1444/79/170
f 1475/79/170 1459/79/170 1432/79/170
f 1474/79/170 1460/79/170 1461/79/170
f 1472/79/170 1464/79/170 1440/79/170
f 1426/79/170 1472/79/170 1416/79/170
f 1448/79/170 1467/79/170 1472/79/170
f 1467/79/170 1466/79/170 1464/79/170
f 1433/79/170 1474/79/170 1462/79/170
f 1321/79/170 1475/79/170 1319/79/170
f 1434/79/170 1462/79/170 1475/79/170
f 1462/79/170 1461/79/170 1459/79/170
f 1441/79/170 1476/79/170 1458/79/170
f 1410/79/170 1414/79/170 1476/79/170
f 1442/79/170 1458/79/170 1477/79/170
f 1458/79/170 1469/79/170 1457/79/170
f 1454/79/170 1478/79/170 1456/79/170
f 1446/79/170 1445/79/170 1478/79/170
f 1445/79/170 1413/79/170 1443/79/170
f 1455/79/170 1456/79/170 1480/79/170
f 1456/79/170 1444/79/170 1420/79/170
f 1457/79/170 1481/79/170 1449/79/170
f 1459/79/170 1482/79/170 1431/79/170
f 1461/79/170 1463/79/170 1482/79/170
f 1463/79/170 1448/79/170 1426/79/170
f 1464/79/170 1483/79/170 1439/79/170
f 1466/79/170 1468/79/170 1483/79/170
f 1468/79/170 1436/79/170 1411/79/170
f 1270/79/172 1416/79/172 1440/79/172
f 1348/79/173 1544/79/173 1504/79/173
f 1181/79/168 1498/79/168 1511/79/168
f 1256/79/174 1442/79/174 1418/79/174
f 1254/79/172 1438/79/172 1437/79/172
f 1187/79/175 1342/79/175 1330/79/175
f 1164/79/168 1509/79/168 1496/79/168
f 1255/79/172 1440/79/172 1439/79/172
f 1241/79/172 1407/79/172 1318/79/172
f 1293/79/177 1458/79/177 1476/79/177
f 1165/79/168 1511/79/168 1510/79/168
f 1258/79/172 1273/79/172 1422/79/172
f 1283/79/174 1441/79/174 1442/79/174
f 1192/79/168 1508/79/168 1509/79/168
f 1162/79/168 1505/79/168 1495/79/168
f 1308/79/177 1476/79/177 1414/79/177
f 1149/79/178 1489/79/178 1529/79/178
f 1157/79/179 1336/79/179 1348/79/179
f 1163/79/168 1507/79/168 1506/79/168
f 1154/79/175 1330/79/175 1329/79/175
f 1177/79/168 1493/79/168 1503/79/168
f 1273/79/172 1245/79/172 1423/79/172
f 1190/79/168 1504/79/168 1505/79/168
f 1278/79/172 1431/79/172 1417/79/172
f 1160/79/168 1501/79/168 1492/79/168
f 1325/79/189 1560/79/189 1627/79/189
f 1627/79/190 1532/79/190 1324/79/190
f 1159/79/173 1512/79/173 1552/79/173
f 1182/79/179 1335/79/179 1336/79/179
f 1281/79/172 1437/79/172 1423/79/172
f 1290/79/174 1454/79/174 1455/79/174
f 1282/79/172 1439/79/172 1408/79/172
f 1233/79/174 1410/79/174 1441/79/174
f 1159/79/175 1343/79/175 1342/79/175
f 1310/79/181 1479/79/181 1427/79/181
f 1161/79/168 1503/79/168 1502/79/168
f 1333/79/171 1538/79/171 1539/79/171
f 1289/79/181 1453/79/181 1479/79/181
f 1175/79/168 1490/79/168 1512/79/168
f 1323/79/171 1531/79/171 1550/79/171
f 1233/79/178 1519/79/178 1559/79/178
f 1232/79/172 1408/79/172 1407/79/172
f 1188/79/168 1500/79/168 1501/79/168
f 1332/79/171 1537/79/171 1536/79/171
f 1386/79/171 1352/79/171 1548/79/171
f 1262/79/174 1455/79/174 1453/79/174
f 1386/79/171 1553/79/171 1546/79/171
f 1327/79/171 1534/79/171 1535/79/171
f 1258/79/174 1446/79/174 1454/79/174
f 1327/79/171 1326/79/171 1533/79/171
f 1316/79/170 1409/79/170 1558/79/170
f 1334/79/171 1539/79/171 1542/79/171
f 1292/79/177 1457/79/177 1469/79/177
f 1532/79/191 1627/79/191 1595/79/191
f 1492/79/179 1570/79/179 1602/79/179
f 1532/79/192 1595/79/192 1492/79/192
f 1312/79/181 1481/79/181 1457/79/181
f 1263/79/181 1469/79/181 1458/79/181
f 1266/79/172 1319/79/172 1432/79/172
f 1357/79/193 1325/79/193 1562/79/193
f 1275/79/181 1427/79/181 1481/79/181
f 1344/79/171 1540/79/171 1537/79/171
f 1323/79/171 1322/79/171 1530/79/171
f 1419/79/170 1561/79/170 1556/79/170
f 1320/79/170 1529/79/170 1528/79/170
f 1251/79/172 1432/79/172 1431/79/172
f 1237/79/172 1417/79/172 1416/79/172
f 1269/79/172 1414/79/172 1438/79/172
f 1419/79/170 1403/79/170 1554/79/170
f 1238/79/167 1520/79/167 1522/79/167
f 1149/79/172 1320/79/172 1319/79/172
f 1501/79/168 1578/79/168 1570/79/168
f 1531/79/171 1530/79/171 1600/79/171
f 1555/79/170 1621/79/170 1620/79/170
f 1488/79/178 1567/79/178 1599/79/178
f 1511/79/168 1584/79/168 1583/79/168
f 1596/79/170 1524/79/170 1525/79/170
f 1525/79/170 1597/79/170 1635/79/170
f 1531/79/171 1601/79/171 1615/79/171
f 1508/79/168 1581/79/168 1582/79/168
f 1522/79/167 1520/79/167 1595/79/167
f 1553/79/171 1548/79/171 1613/79/171
f 1523/79/167 1594/79/167 1567/79/167
f 1553/79/171 1618/79/171 1619/79/171
f 1495/79/179 1535/79/179 1534/79/179
f 1545/79/173 1617/79/173 1585/79/173
f 1522/79/167 1593/79/167 1594/79/167
f 1539/79/171 1608/79/171 1611/79/171
f 1503/79/168 1580/79/168 1579/79/168
f 1490/79/175 1530/79/175 1552/79/175
f 1517/79/177 1557/79/177 1556/79/177
f 1485/79/167 1565/79/167 1592/79/167
f 1540/79/171 1609/79/171 1606/79/171
f 1504/79/179 1544/79/179 1545/79/179
f 1500/79/168 1577/79/168 1578/79/168
f 1507/79/175 1547/79/175 1546/79/175
f 1518/79/174 1558/79/174 1559/79/174
f 1521/79/167 1516/79/167 1591/79/167
f 1551/79/171 1616/79/171 1607/79/171
f 1490/79/173 1568/79/173 1600/79/173
f 1499/79/168 1576/79/168 1575/79/168
f 1588/79/167 1514/79/167 1521/79/167
f 1521/79/167 1590/79/167 1639/79/167
f 1536/79/171 1605/79/171 1614/79/171
f 1496/79/168 1573/79/168 1574/79/168
f 1486/79/177 1526/79/177 1557/79/177
f 1535/79/171 1604/79/171 1617/79/171
f 1556/79/178 1623/79/178 1591/79/178
f 1404/79/170 1555/79/170 1554/79/170
f 1345/79/171 1541/79/171 1540/79/171
f 1252/79/167 1523/79/167 1488/79/167
f 1405/79/170 1556/79/170 1557/79/170
f 1346/79/171 1542/79/171 1543/79/171
f 1236/79/167 1486/79/167 1517/79/167
f 1148/79/167 1235/79/167 1484/79/167
f 1324/79/171 1532/79/171 1541/79/171
f 1349/79/171 1545/79/171 1544/79/171
f 1351/79/183 1547/79/183 1507/79/183
f 1236/79/167 1150/79/167 1487/79/167
f 1347/79/171 1543/79/171 1533/79/171
f 1410/79/170 1559/79/170 1558/79/170
f 1350/79/171 1546/79/171 1547/79/171
f 1279/79/167 1522/79/167 1523/79/167
f 1328/79/171 1535/79/171 1545/79/171
f 1353/79/171 1549/79/171 1548/79/171
f 1147/79/167 1521/79/167 1514/79/167
f 1149/79/167 1267/79/167 1488/79/167
f 1354/79/171 1550/79/171 1551/79/171
f 1147/79/167 1240/79/167 1516/79/167
f 1153/79/168 1491/79/168 1490/79/168
f 1331/79/171 1536/79/171 1549/79/171
f 1155/79/168 1497/79/168 1500/79/168
f 1355/79/171 1551/79/171 1538/79/171
f 1189/79/168 1502/79/168 1499/79/168
f 1148/79/167 1485/79/167 1518/79/167
f 1152/79/168 1494/79/168 1493/79/168
f 1152/79/168 1178/79/168 1495/79/168
f 1321/79/170 1528/79/170 1563/79/170
f 1406/79/170 1557/79/170 1526/79/170
f 1151/79/168 1191/79/168 1506/79/168
f 1316/79/170 1525/79/170 1524/79/170
f 1318/79/178 1527/79/178 1487/79/178
f 1151/79/168 1513/79/168 1508/79/168
f 1318/79/170 1317/79/170 1526/79/170
f 1180/79/168 1496/79/168 1497/79/168
f 1434/79/170 1563/79/170 1562/79/170
f 1153/79/168 1193/79/168 1510/79/168
f 1156/79/168 1499/79/168 1498/79/168
f 1641/79/181 1622/79/181 1640/79/181
f 1641/79/177 1590/79/177 1591/79/177
f 1591/79/177 1623/79/177 1622/79/177
f 1569/79/175 1601/79/175 1600/79/175
f 1574/79/173 1606/79/173 1609/79/173
f 1579/79/183 1611/79/183 1608/79/183
f 1624/79/174 1592/79/174 1565/79/174
f 1565/79/194 1636/79/194 1597/79/194
f 1493/79/183 1494/79/183 1534/79/183
f 1533/79/179 1603/79/179 1571/79/179
f 1493/79/183 1534/79/183 1533/79/183
f 1587/79/175 1619/79/175 1618/79/175
f 1586/79/173 1618/79/173 1613/79/173
f 1573/79/173 1605/79/173 1606/79/173
f 1583/79/183 1615/79/183 1601/79/183
f 1576/79/183 1608/79/183 1607/79/183
f 1593/79/174 1595/79/174 1627/79/174
f 1621/79/170 1632/79/170 1631/79/170
f 1577/79/173 1609/79/173 1610/79/173
f 1580/79/183 1612/79/183 1611/79/183
f 1578/79/173 1610/79/173 1602/79/173
f 1571/79/183 1603/79/183 1612/79/183
f 1585/79/179 1617/79/179 1604/79/179
f 1581/79/173 1613/79/173 1614/79/173
f 1584/79/183 1616/79/183 1615/79/183
f 1582/79/173 1614/79/173 1605/79/173
f 1575/79/183 1607/79/183 1616/79/183
f 1589/79/167 1629/79/167 1630/79/167
f 1594/79/174 1626/79/174 1599/79/174
f 1596/79/183 1658/79/183 1649/79/183
f 1487/79/195 1527/79/195 1604/79/195
f 1572/79/196 1150/79/196 1487/79/196
f 1593/79/174 1625/79/174 1626/79/174
f 1518/79/178 1592/79/178 1624/79/178
f 1493/79/168 1571/79/168 1580/79/168
f 1486/79/185 1566/79/185 1598/79/185
f 1524/79/170 1596/79/170 1621/79/170
f 1505/79/168 1585/79/168 1572/79/168
f 1509/79/168 1582/79/168 1573/79/168
f 1537/79/171 1606/79/171 1605/79/171
f 1498/79/168 1575/79/168 1584/79/168
f 1622/79/170 1561/79/170 1554/79/170
f 1554/79/170 1620/79/170 1640/79/170
f 1538/79/171 1607/79/171 1608/79/171
f 1497/79/168 1574/79/168 1577/79/168
f 1546/79/183 1619/79/183 1587/79/183
f 1561/79/170 1622/79/170 1623/79/170
f 1541/79/171 1610/79/171 1609/79/171
f 1502/79/168 1579/79/168 1576/79/168
f 1525/79/170 1558/79/170 1624/79/170
f 1542/79/171 1611/79/171 1612/79/171
f 1513/79/168 1506/79/168 1587/79/168
f 1563/79/170 1626/79/170 1625/79/170
f 1513/79/168 1586/79/168 1581/79/168
f 1528/79/170 1599/79/170 1626/79/170
f 1491/79/168 1510/79/168 1583/79/168
f 1565/79/167 1485/79/167 1484/79/167
f 1484/79/167 1564/79/167 1634/79/167
f 1562/79/170 1625/79/170 1627/79/170
f 1549/79/171 1614/79/171 1613/79/171
f 1535/79/183 1495/79/183 1572/79/183
f 1550/79/171 1615/79/171 1616/79/171
f 1488/79/174 1528/79/174 1529/79/174
f 1491/79/168 1569/79/168 1568/79/168
f 1532/79/171 1602/79/171 1610/79/171
f 1515/79/167 1589/79/167 1564/79/167
f 1543/79/171 1612/79/171 1603/79/171
f 1628/79/167 1651/79/167 1652/79/167
f 1640/79/170 1620/79/170 1647/79/170
f 1633/79/173 1596/79/173 1637/79/173
f 1637/79/173 1564/79/173 1630/79/173
f 1628/79/183 1588/79/183 1642/79/183
f 1642/79/183 1620/79/183 1631/79/183
f 1588/79/167 1628/79/167 1629/79/167
f 1596/79/170 1633/79/170 1632/79/170
f 1638/79/181 1635/79/181 1597/79/181
f 1634/79/181 1638/79/181 1636/79/181
f 1630/79/173 1653/79/173 1656/79/173
f 1588/79/173 1645/79/173 1648/79/173
f 1635/79/170 1659/79/170 1658/79/170
f 1590/79/181 1641/79/181 1643/79/181
f 1649/79/181 1658/79/181 1659/79/181
f 1651/79/181 1654/79/181 1655/79/181
f 1652/79/181 1655/79/181 1656/79/181
f 1650/79/181 1649/79/181 1660/79/181
f 1661/79/181 1646/79/181 1647/79/181
f 1644/79/181 1661/79/181 1648/79/181
f 1642/79/173 1648/79/173 1647/79/173
f 1629/79/167 1652/79/167 1653/79/167
f 1638/79/173 1660/79/173 1659/79/173
f 1640/79/183 1646/79/183 1661/79/183
f 1637/79/183 1649/79/183 1650/79/183
f 1631/79/170 1632/79/170 1655/79/170
f 1634/79/173 1657/79/173 1660/79/173
f 1643/79/183 1661/79/183 1644/79/183
f 1632/79/170 1633/79/170 1656/79/170
f 1639/79/167 1644/79/167 1645/79/167
f 1628/79/183 1631/79/183 1654/79/183
f 1564/79/167 1650/79/167 1657/79/167
f 1595/79/197 1238/79/197 1229/79/197
usemtl 材质.006
f 1192/79/168 1206/79/168 1219/79/168
f 1215/79/168 1174/79/168 1211/79/168
f 1214/79/168 1166/79/168 1182/79/168
f 1174/79/168 1214/79/168 1211/79/168
f 1211/79/168 1197/79/168 1170/79/168
f 1214/79/168 1157/79/168 1197/79/168
f 1167/79/168 1215/79/168 1194/79/168
f 1158/79/168 1215/79/168 1186/79/168
f 1215/79/168 1170/79/168 1186/79/168
f 1151/79/168 1219/79/168 1191/79/168
f 1258/79/167 1285/79/167 1244/79/167
f 1247/79/167 1231/79/167 1240/79/167
f 1244/79/167 1246/79/167 1247/79/167
f 1230/79/167 1247/79/167 1239/79/167
f 1239/79/167 1240/79/167 1147/79/167
f 1254/79/167 1281/79/167 1248/79/167
f 1148/79/167 1248/79/167 1235/79/167
f 1235/79/167 1244/79/167 1230/79/167
f 1312/79/167 1249/79/167 1275/79/167
f 1311/79/167 1243/79/167 1272/79/167
f 1280/79/167 1268/79/167 1241/79/167
f 1284/79/167 1272/79/167 1250/79/167
f 1246/79/167 1236/79/167 1231/79/167
f 1310/79/167 1261/79/167 1289/79/167
f 1309/79/167 1257/79/167 1284/79/167
f 1305/79/167 1259/79/167 1286/79/167
f 1303/79/167 1265/79/167 1299/79/167
f 1302/79/167 1253/79/167 1280/79/167
f 1299/79/167 1301/79/167 1302/79/167
f 1261/79/167 1302/79/167 1288/79/167
f 1288/79/167 1280/79/167 1243/79/167
f 1286/79/167 1300/79/167 1303/79/167
f 1249/79/167 1303/79/167 1277/79/167
f 1277/79/167 1299/79/167 1261/79/167
f 1260/79/167 1305/79/167 1287/79/167
f 1287/79/167 1286/79/167 1249/79/167
f 1290/79/167 1291/79/167 1309/79/167
f 1258/79/167 1309/79/167 1285/79/167
f 1285/79/167 1284/79/167 1234/79/167
f 1275/79/167 1277/79/167 1310/79/167
f 1289/79/167 1288/79/167 1311/79/167
f 1262/79/167 1311/79/167 1291/79/167
f 1291/79/167 1272/79/167 1257/79/167
f 1430/79/170 1318/79/170 1407/79/170
f 1337/79/171 1331/79/171 1401/79/171
f 1338/79/171 1362/79/171 1400/79/171
f 1399/79/171 1336/79/171 1364/79/171
f 1398/79/171 1365/79/171 1341/79/171
f 1371/79/171 1340/79/171 1395/79/171
f 1372/79/171 1374/79/171 1394/79/171
f 1360/79/171 1375/79/171 1393/79/171
f 1376/79/171 1352/79/171 1392/79/171
f 1391/79/171 1378/79/171 1379/79/171
f 1358/79/171 1380/79/171 1390/79/171
f 1381/79/171 1344/79/171 1389/79/171
f 1388/79/171 1383/79/171 1384/79/171
f 1387/79/171 1357/79/171 1385/79/171
f 1382/79/171 1385/79/171 1383/79/171
f 1364/79/171 1382/79/171 1365/79/171
f 1336/79/171 1387/79/171 1364/79/171
f 1388/79/171 1359/79/171 1358/79/171
f 1339/79/171 1388/79/171 1358/79/171
f 1365/79/171 1388/79/171 1341/79/171
f 1389/79/171 1332/79/171 1337/79/171
f 1384/79/171 1337/79/171 1359/79/171
f 1383/79/171 1389/79/171 1384/79/171
f 1390/79/171 1378/79/171 1377/79/171
f 1363/79/171 1390/79/171 1377/79/171
f 1339/79/171 1390/79/171 1362/79/171
f 1391/79/171 1351/79/171 1329/79/171
f 1340/79/171 1329/79/171 1330/79/171
f 1340/79/171 1377/79/171 1391/79/171
f 1392/79/171 1386/79/171 1350/79/171
f 1379/79/171 1350/79/171 1351/79/171
f 1378/79/171 1392/79/171 1379/79/171
f 1393/79/171 1373/79/171 1372/79/171
f 1333/79/171 1372/79/171 1355/79/171
f 1334/79/171 1393/79/171 1333/79/171
f 1394/79/171 1343/79/171 1322/79/171
f 1355/79/171 1394/79/171 1354/79/171
f 1342/79/171 1340/79/171 1330/79/171
f 1374/79/171 1342/79/171 1343/79/171
f 1373/79/171 1395/79/171 1374/79/171
f 1397/79/171 1361/79/171 1360/79/171
f 1346/79/171 1360/79/171 1334/79/171
f 1338/79/171 1341/79/171 1339/79/171
f 1369/79/171 1338/79/171 1361/79/171
f 1369/79/171 1366/79/171 1398/79/171
f 1366/79/171 1364/79/171 1365/79/171
f 1370/79/171 1366/79/171 1368/79/171
f 1370/79/171 1348/79/171 1399/79/171
f 1400/79/171 1363/79/171 1371/79/171
f 1375/79/171 1371/79/171 1373/79/171
f 1361/79/171 1400/79/171 1375/79/171
f 1401/79/171 1353/79/171 1376/79/171
f 1380/79/171 1376/79/171 1378/79/171
f 1359/79/171 1401/79/171 1380/79/171
f 1412/79/170 1445/79/170 1422/79/170
f 1424/79/170 1406/79/170 1415/79/170
f 1412/79/170 1415/79/170 1413/79/170
f 1404/79/170 1424/79/170 1412/79/170
f 1403/79/170 1405/79/170 1424/79/170
f 1425/79/170 1438/79/170 1410/79/170
f 1316/79/170 1425/79/170 1409/79/170
f 1315/79/170 1412/79/170 1425/79/170
f 1481/79/170 1428/79/170 1449/79/170
f 1480/79/170 1421/79/170 1451/79/170
f 1430/79/170 1411/79/170 1436/79/170
f 1415/79/170 1420/79/170 1444/79/170
f 1415/79/170 1317/79/170 1430/79/170
f 1479/79/170 1452/79/170 1429/79/170
f 1473/79/170 1448/79/170 1463/79/170
f 1471/79/170 1466/79/170 1467/79/170
f 1470/79/170 1436/79/170 1468/79/170
f 1465/79/170 1468/79/170 1466/79/170
f 1452/79/170 1470/79/170 1465/79/170
f 1451/79/170 1435/79/170 1470/79/170
f 1447/79/170 1467/79/170 1448/79/170
f 1428/79/170 1471/79/170 1447/79/170
f 1429/79/170 1465/79/170 1471/79/170
f 1460/79/170 1463/79/170 1461/79/170
f 1450/79/170 1473/79/170 1460/79/170
f 1449/79/170 1447/79/170 1473/79/170
f 1427/79/170 1429/79/170 1428/79/170
f 1453/79/170 1451/79/170 1452/79/170
f 1357/79/176 1335/79/176 1460/79/176
f 1242/79/167 1519/79/167 1233/79/167
f 1231/79/167 1516/79/167 1240/79/167
f 1239/79/167 1515/79/167 1230/79/167
f 1179/79/175 1351/79/175 1163/79/175
f 1230/79/167 1484/79/167 1235/79/167
f 1343/79/171 1530/79/171 1322/79/171
f 1315/79/170 1555/79/170 1404/79/170
f 1514/79/167 1589/79/167 1515/79/167
f 1192/79/168 1164/79/168 1206/79/168
f 1215/79/168 1212/79/168 1174/79/168
f 1214/79/168 1213/79/168 1166/79/168
f 1174/79/168 1213/79/168 1214/79/168
f 1211/79/168 1214/79/168 1197/79/168
f 1214/79/168 1182/79/168 1157/79/168
f 1167/79/168 1212/79/168 1215/79/168
f 1158/79/168 1194/79/168 1215/79/168
f 1215/79/168 1211/79/168 1170/79/168
f 1151/79/168 1192/79/168 1219/79/168
f 1244/79/167 1248/79/167 1245/79/167
f 1244/79/167 1245/79/167 1273/79/167
f 1285/79/167 1234/79/167 1244/79/167
f 1244/79/167 1273/79/167 1258/79/167
f 1247/79/167 1246/79/167 1231/79/167
f 1244/79/167 1234/79/167 1246/79/167
f 1230/79/167 1244/79/167 1247/79/167
f 1239/79/167 1247/79/167 1240/79/167
f 1248/79/167 1242/79/167 1233/79/167
f 1248/79/167 1233/79/167 1269/79/167
f 1281/79/167 1245/79/167 1248/79/167
f 1248/79/167 1269/79/167 1254/79/167
f 1148/79/167 1242/79/167 1248/79/167
f 1235/79/167 1248/79/167 1244/79/167
f 1312/79/167 1287/79/167 1249/79/167
f 1311/79/167 1288/79/167 1243/79/167
f 1250/79/167 1243/79/167 1280/79/167
f 1280/79/183 1253/79/183 1268/79/183
f 1268/79/167 1232/79/167 1241/79/167
f 1241/79/167 1250/79/167 1280/79/167
f 1246/79/167 1234/79/167 1284/79/167
f 1284/79/187 1257/79/187 1272/79/187
f 1272/79/167 1243/79/167 1250/79/167
f 1250/79/167 1246/79/167 1284/79/167
f 1246/79/167 1250/79/167 1236/79/167
f 1310/79/167 1277/79/167 1261/79/167
f 1309/79/167 1291/79/167 1257/79/167
f 1305/79/167 1297/79/167 1259/79/167
f 1303/79/167 1300/79/167 1265/79/167
f 1302/79/167 1301/79/167 1253/79/167
f 1299/79/167 1265/79/167 1301/79/167
f 1261/79/167 1299/79/167 1302/79/167
f 1288/79/167 1302/79/167 1280/79/167
f 1286/79/167 1259/79/167 1300/79/167
f 1249/79/167 1286/79/167 1303/79/167
f 1277/79/167 1303/79/167 1299/79/167
f 1260/79/167 1295/79/167 1305/79/167
f 1287/79/167 1305/79/167 1286/79/167
f 1290/79/167 1262/79/167 1291/79/167
f 1258/79/167 1290/79/167 1309/79/167
f 1285/79/167 1309/79/167 1284/79/167
f 1275/79/167 1249/79/167 1277/79/167
f 1289/79/167 1261/79/167 1288/79/167
f 1262/79/167 1289/79/167 1311/79/167
f 1291/79/167 1311/79/167 1272/79/167
f 1430/79/170 1317/79/170 1318/79/170
f 1337/79/171 1332/79/171 1331/79/171
f 1338/79/171 1339/79/171 1362/79/171
f 1399/79/171 1348/79/171 1336/79/171
f 1398/79/171 1366/79/171 1365/79/171
f 1371/79/171 1363/79/171 1340/79/171
f 1372/79/171 1373/79/171 1374/79/171
f 1360/79/171 1361/79/171 1375/79/171
f 1376/79/171 1353/79/171 1352/79/171
f 1391/79/171 1377/79/171 1378/79/171
f 1358/79/171 1359/79/171 1380/79/171
f 1381/79/171 1345/79/171 1344/79/171
f 1388/79/171 1382/79/171 1383/79/171
f 1387/79/171 1335/79/171 1357/79/171
f 1382/79/171 1387/79/171 1385/79/171
f 1364/79/171 1387/79/171 1382/79/171
f 1336/79/171 1335/79/171 1387/79/171
f 1388/79/171 1384/79/171 1359/79/171
f 1339/79/171 1341/79/171 1388/79/171
f 1365/79/171 1382/79/171 1388/79/171
f 1389/79/171 1344/79/171 1332/79/171
f 1384/79/171 1389/79/171 1337/79/171
f 1383/79/171 1381/79/171 1389/79/171
f 1390/79/171 1380/79/171 1378/79/171
f 1363/79/171 1362/79/171 1390/79/171
f 1339/79/171 1358/79/171 1390/79/171
f 1391/79/171 1379/79/171 1351/79/171
f 1340/79/171 1391/79/171 1329/79/171
f 1340/79/171 1363/79/171 1377/79/171
f 1392/79/171 1352/79/171 1386/79/171
f 1379/79/171 1392/79/171 1350/79/171
f 1378/79/171 1376/79/171 1392/79/171
f 1393/79/171 1375/79/171 1373/79/171
f 1333/79/171 1393/79/171 1372/79/171
f 1334/79/171 1360/79/171 1393/79/171
f 1394/79/171 1374/79/171 1343/79/171
f 1355/79/171 1372/79/171 1394/79/171
f 1342/79/171 1395/79/171 1340/79/171
f 1374/79/171 1395/79/171 1342/79/171
f 1373/79/171 1371/79/171 1395/79/171
f 1397/79/171 1369/79/171 1361/79/171
f 1346/79/171 1397/79/171 1360/79/171
f 1338/79/171 1398/79/171 1341/79/171
f 1369/79/171 1398/79/171 1338/79/171
f 1369/79/171 1368/79/171 1366/79/171
f 1366/79/171 1399/79/171 1364/79/171
f 1370/79/171 1399/79/171 1366/79/171
f 1370/79/171 1349/79/171 1348/79/171
f 1400/79/171 1362/79/171 1363/79/171
f 1375/79/171 1400/79/171 1371/79/171
f 1361/79/171 1338/79/171 1400/79/171
f 1401/79/171 1331/79/171 1353/79/171
f 1380/79/171 1401/79/171 1376/79/171
f 1359/79/171 1337/79/171 1401/79/171
f 1423/79/170 1425/79/170 1412/79/170
f 1412/79/170 1413/79/170 1445/79/170
f 1445/79/175 1446/79/175 1422/79/175
f 1422/79/170 1423/79/170 1412/79/170
f 1424/79/170 1405/79/170 1406/79/170
f 1412/79/170 1424/79/170 1415/79/170
f 1404/79/170 1403/79/170 1424/79/170
f 1403/79/170 1419/79/170 1405/79/170
f 1410/79/170 1409/79/170 1425/79/170
f 1425/79/170 1423/79/170 1437/79/170
f 1438/79/188 1414/79/188 1410/79/188
f 1425/79/170 1437/79/170 1438/79/170
f 1316/79/170 1315/79/170 1425/79/170
f 1315/79/170 1404/79/170 1412/79/170
f 1481/79/170 1427/79/170 1428/79/170
f 1480/79/170 1420/79/170 1421/79/170
f 1435/79/170 1421/79/170 1430/79/170
f 1430/79/170 1407/79/170 1408/79/170
f 1430/79/170 1408/79/170 1411/79/170
f 1436/79/170 1435/79/170 1430/79/170
f 1443/79/170 1413/79/170 1415/79/170
f 1415/79/170 1430/79/170 1421/79/170
f 1415/79/170 1421/79/170 1420/79/170
f 1444/79/170 1443/79/170 1415/79/170
f 1415/79/170 1406/79/170 1317/79/170
f 1479/79/170 1453/79/170 1452/79/170
f 1473/79/170 1447/79/170 1448/79/170
f 1471/79/170 1465/79/170 1466/79/170
f 1470/79/170 1435/79/170 1436/79/170
f 1465/79/170 1470/79/170 1468/79/170
f 1452/79/170 1451/79/170 1470/79/170
f 1451/79/170 1421/79/170 1435/79/170
f 1447/79/170 1471/79/170 1467/79/170
f 1428/79/170 1429/79/170 1471/79/170
f 1429/79/170 1452/79/170 1465/79/170
f 1460/79/170 1473/79/170 1463/79/170
f 1450/79/170 1449/79/170 1473/79/170
f 1449/79/170 1428/79/170 1447/79/170
f 1427/79/170 1479/79/170 1429/79/170
f 1453/79/170 1480/79/170 1451/79/170
f 1242/79/167 1518/79/167 1519/79/167
f 1231/79/167 1517/79/167 1516/79/167
f 1239/79/167 1514/79/167 1515/79/167
f 1179/79/175 1329/79/175 1351/79/175
f 1230/79/167 1515/79/167 1484/79/167
f 1343/79/171 1552/79/171 1530/79/171
f 1315/79/170 1524/79/170 1555/79/170
f 1514/79/167 1588/79/167 1589/79/167
o 平面
v -21.579609 -0.172666 21.449715
v 21.322594 -0.172666 21.449715
v -21.579609 -0.172666 -21.452488
v 21.322594 -0.172666 -21.452488
vn -0.0000 -0.0000 -0.0000
vt 1.000000 0.000000
vt 0.000000 1.000000
vt 0.000000 0.000000
vt 1.000000 1.000000
s 0
f 1663/80/198 1664/81/198 1662/82/198
f 1663/80/198 1665/83/198 1664/81/198
o mirror
v -1.871464 0.182378 -2.504088
v 1.076158 -0.120034 -2.725272
v -1.333174 4.835760 -1.692832
v -1.333174 4.835760 -1.692832
v -1.871464 0.182378 -2.504088
v 1.076158 -0.120034 -2.725272
vn -0.0555 0.1777 -0.9825
vn 0.0555 -0.1777 0.9825
vt 1.000000 0.000000
vt 0.000000 0.000000
vt 0.000000 1.000000
s 0
usemtl 材质
f 1667/84/199 1666/85/199 1668/86/199
f 1671/84/200 1669/86/200 1670/85/200
f 1667/84/200 1669/86/200 1671/84/200
f 1666/85/200 1671/84/200 1670/85/200
f 1668/86/200 1670/85/200 1669/86/200
f 1667/84/200 1668/86/200 1669/86/200
f 1666/85/200 1667/84/200 1671/84/200
f 1668/86/200 1666/85/200 1670/85/200
o mirror.001
v 1.338750 3.348839 -2.630935
v 1.686041 0.485547 -2.298271
v 2.850786 4.036275 1.707412
vn -0.9379 -0.0744 0.3387
vt 1.000000 0.000000
vt 0.000000 1.000000
vt 0.000000 0.000000
s 0
usemtl 材质.007
f 1673/87/201 1674/88/201 1672/89/201
o mirror.002
v 4.947134 2.159753 1.903759
v 3.463288 -0.114929 -0.974224
v -0.411893 1.477986 5.205647
vn -0.3781 0.8112 -0.4462
vt 1.000000 0.000000
vt 0.000000 1.000000
vt 0.000000 0.000000
s 0
usemtl 材质.008
f 1676/90/202 1677/91/202 1675/92/202
